1	Hacked by Dimples#1337	/HODV-21061/HODV-21061.m3u8					/img.av/HODV-21061/full.jpg	14136	1	578
2	Hacked by Dimples#1337	/HODV-21060/HODV-21060.m3u8					/img.av/HODV-21060/full.jpg	14110	1	4452
3	Hacked by Dimples#1337	/SGRS-013/SGRS-013.m3u8					/img.av/SGRS-013/full.jpg	5534	1	1273
4	Hacked by Dimples#1337	/SGRS-012/SGRS-012.m3u8					/img.av/SGRS-012/full.jpg	6336	1	3827
5	Hacked by Dimples#1337	/FAJS-044/FAJS-044.m3u8					/img.av/FAJS-044/full.jpg	8753	1	1358
6	Hacked by Dimples#1337	/MIDE-217/MIDE-217.m3u8					/img.av/MIDE-217/full.jpg	7015	1	1021
7	Hacked by Dimples#1337	/PTS-323/PTS-323.m3u8					/img.av/PTS-323/full.jpg	8707	1	4947
8	Hacked by Dimples#1337	/MXGS-740/MXGS-740.m3u8					/img.av/MXGS-740/full.jpg	7765	1	727
9	Hacked by Dimples#1337	/MXGS-742/MXGS-742.m3u8					/img.av/MXGS-742/full.jpg	7425	1	1728
10	Hacked by Dimples#1337	/MXGS-744/MXGS-744.m3u8					/img.av/MXGS-744/full.jpg	7795	1	662
11	Hacked by Dimples#1337	/DJDK-024/DJDK-024.m3u8					/img.av/DJDK-024/full.jpg	6441	1	1276
12	Hacked by Dimples#1337	/ZKRA-028/ZKRA-028.m3u8					/img.av/ZKRA-028/full.jpg	8162	1	649
13	Hacked by Dimples#1337	/AUKG-276/AUKG-276.m3u8					/img.av/AUKG-276/full.jpg	8938	1	581
14	Hacked by Dimples#1337	/BF-371/BF-371.m3u8					/img.av/BF-371/full.jpg	7101	1	1335
15	Hacked by Dimples#1337	/HAWA-038/HAWA-038.m3u8					/img.av/HAWA-038/full.jpg	7188	1	677
16	Hacked by Dimples#1337	/MIST-055/MIST-055.m3u8					/img.av/MIST-055/full.jpg	9873	1	570
17	Hacked by Dimples#1337	/BF-372/BF-372.m3u8					/img.av/BF-372/full.jpg	7190	1	4380
18	Hacked by Dimples#1337	/GVG-112/GVG-112.m3u8					/img.av/GVG-112/full.jpg	7198	1	777
19	Hacked by Dimples#1337	/GVG-111/GVG-111.m3u8					/img.av/GVG-111/full.jpg	6948	1	3065
20	Hacked by Dimples#1337	/YSN-427/YSN-427.m3u8					/img.av/YSN-427/full.jpg	8845	1	562
21	Hacked by Dimples#1337	/YTR-081/YTR-081.m3u8					/img.av/YTR-081/full.jpg	14303	1	3367
22	Hacked by Dimples#1337	/EKW-004/EKW-004.m3u8					/img.av/EKW-004/full.jpg	7391	1	671
23	Hacked by Dimples#1337	/videos5/5064abad0aa78841e8951fe98f01d8cf/5064abad0aa78841e8951fe98f01d8cf.m3u8					/upload_01/xiao/20260701/2026070121252019301.png	740	1	64
24	Hacked by Dimples#1337	/videos5/92cc0194f98da8af7512a014d86933fc/92cc0194f98da8af7512a014d86933fc.m3u8					/upload_01/upload/20260629/2026062917253986386.jpeg	1519	1	122
25	Hacked by Dimples#1337	/videos5/9f6b56eeb0c3d409526c2927a887592a/9f6b56eeb0c3d409526c2927a887592a.m3u8					/upload_01/xiao/20260707/2026070718321878042.jpg	1786	1	19
26	Hacked by Dimples#1337	/videos5/467186b08c889f3c5d98a87e9ebef7bb/467186b08c889f3c5d98a87e9ebef7bb.m3u8					/upload_01/xiao/20260706/2026070617185553104.jpg	451	1	148
27	Hacked by Dimples#1337	/videos5/cd72b07fc4533eb7d152bd31ea016e60/cd72b07fc4533eb7d152bd31ea016e60.m3u8					/upload_01/xiao/20260705/2026070517415111393.jpg	551	1	42
28	Hacked by Dimples#1337	/videos5/d7de531a6dd22b7dafad76aee781bbe4/d7de531a6dd22b7dafad76aee781bbe4.m3u8					/upload_01/xiao/20260706/2026070617351719900.png	3088	1	47
29	Hacked by Dimples#1337	/videos5/316b9493a4624f61f7ea563a55ea3920/316b9493a4624f61f7ea563a55ea3920.m3u8					/upload_01/xiao/20260706/2026070617335048068.png	1720	1	73
30	Hacked by Dimples#1337	/videos5/965b5da2f6a5463cc73b7579c0e5b983/965b5da2f6a5463cc73b7579c0e5b983.m3u8					/upload_01/xiao/20260706/2026070617335045087.png	1631	1	91
31	Hacked by Dimples#1337	/videos5/f28c8d781797865365fc0e8194c29eb8/f28c8d781797865365fc0e8194c29eb8.m3u8					/upload_01/xiao/20260701/2026070112182210382.png	2401	1	214
32	Hacked by Dimples#1337	/videos5/525b824f3a2e2976f06323265ad21479/525b824f3a2e2976f06323265ad21479.m3u8					/upload_01/upload/20260624/2026062421544933601.jpeg	3170	1	162
33	Hacked by Dimples#1337	/videos5/27cdcfb6df29ec9913b494df8af8be66/27cdcfb6df29ec9913b494df8af8be66.m3u8					/upload_01/upload/20260624/2026062421542163419.jpeg	2213	1	139
34	Hacked by Dimples#1337	/videos5/f552022624fa96f6805c065b1eb89afe/f552022624fa96f6805c065b1eb89afe.m3u8					/upload_01/xiao/20260625/2026062516163739995.jpg	2131	1	392
35	Hacked by Dimples#1337	/videos5/e610cf6005e1b2c2afafa7bde4a91c53/e610cf6005e1b2c2afafa7bde4a91c53.m3u8					/upload_01/xiao/20260627/2026062715504020339.png	1617	1	109
36	Hacked by Dimples#1337	/videos5/78df77ac04dc14060fe5f5d1df10033b/78df77ac04dc14060fe5f5d1df10033b.m3u8					/upload_01/upload/20260624/2026062421543763692.jpeg	2023	1	129
37	Hacked by Dimples#1337	/videos5/8ca75daee232844e92d4d1bad9c59d28/8ca75daee232844e92d4d1bad9c59d28.m3u8					/upload_01/xiao/20260627/2026062715504091596.png	1806	1	82
38	Hacked by Dimples#1337	/videos5/561921dbe1275a8ff763f9ec3172c6d7/561921dbe1275a8ff763f9ec3172c6d7.m3u8					/upload_01/xiao/20260701/2026070112182188622.png	2531	1	217
39	Hacked by Dimples#1337	/videos5/0581ae1147d67e4d88f9f587c3826be6/0581ae1147d67e4d88f9f587c3826be6.m3u8					/upload_01/upload/20260622/2026062219561440287.jpeg	2143	1	107
40	Hacked by Dimples#1337	/videos5/9e2b5ec15d4c4c4b23a897c451c92fe2/9e2b5ec15d4c4c4b23a897c451c92fe2.m3u8					/upload_01/upload/20260620/2026062012445229880.jpeg	2740	1	225
41	Hacked by Dimples#1337	/videos5/23ed10865f7d64c342cbb2ca080f1de9/23ed10865f7d64c342cbb2ca080f1de9.m3u8					/upload_01/upload/20260622/2026062219565421066.jpeg	2075	1	89
42	Hacked by Dimples#1337	/videos5/7d81051b458f671a336117aef7188e2c/7d81051b458f671a336117aef7188e2c.m3u8					/upload_01/upload/20260620/2026062012444029042.jpeg	2094	1	62
43	Hacked by Dimples#1337	/videos5/4dd1f58f2866a6e9c053ec5f12a8e473/4dd1f58f2866a6e9c053ec5f12a8e473.m3u8					/upload_01/upload/20260620/2026062012442886357.jpeg	2102	1	49
44	Hacked by Dimples#1337	/videos5/63c0cd5ee2a9f56d08800f8bb3a20b11/63c0cd5ee2a9f56d08800f8bb3a20b11.m3u8					/upload_01/upload/20260620/2026062012441139097.jpeg	1403	1	162
45	Hacked by Dimples#1337	/videos5/e854e9dfaac6899f4f052d6341ec9b8a/e854e9dfaac6899f4f052d6341ec9b8a.m3u8					/upload_01/xiao/20260708/2026070811113291208.png	956	1	60
46	Hacked by Dimples#1337	/videos5/53fdbb5ad944c04df85236bb71c4453c/53fdbb5ad944c04df85236bb71c4453c.m3u8					/upload_01/xiao/20260708/2026070811113264775.png	1466	1	77
47	Hacked by Dimples#1337	/videos5/3d9c926bd9187d2b1c877a69d7d468f7/3d9c926bd9187d2b1c877a69d7d468f7.m3u8					/upload_01/xiao/20260707/2026070721315881050.png	880	1	86
48	Hacked by Dimples#1337	/videos5/c3ea87e2672685a939ef8edcf1af6c07/c3ea87e2672685a939ef8edcf1af6c07.m3u8					/upload_01/xiao/20260707/2026070721320019668.png	523	1	215
49	Hacked by Dimples#1337	/videos5/31eaf575fe71186a60360be3962000f1/31eaf575fe71186a60360be3962000f1.m3u8					/upload_01/xiao/20260707/2026070721315948945.png	752	1	30
50	Hacked by Dimples#1337	/m3m/07d9ad1fbc0511caf21d528bc52350dd4673c1ded41b09d18768dda9f69217be82e1f2c2459e3684745c811db9eadf7ca7bf7ac6ccf15b5e03a9c3e92cb771e5cba4ef95de6df55053fb28c83ccfbe28.m3u8					/md-204/dcc-file/d8/d82eb53288e75aed1a56189cc9a94c1b-small.png	1288	1	81
51	Hacked by Dimples#1337	/videos5/8b24d7a7f214d2169986a363169225b8/8b24d7a7f214d2169986a363169225b8.m3u8					/upload_01/upload/20250605/2025060515205093322.jpeg	600	1	53
52	Hacked by Dimples#1337	/videos5/edb99834ba15a293a2d38882a97bc5d1/edb99834ba15a293a2d38882a97bc5d1.m3u8					/upload_01/upload/20250604/2025060417185599801.jpeg	0	1	27
53	Hacked by Dimples#1337	/videos5/1d0d6ce28ee8e1c76d91040ba7adf6be/1d0d6ce28ee8e1c76d91040ba7adf6be.m3u8					/upload_01/xiao/20260707/2026070721320065847.png	785	1	2
54	Hacked by Dimples#1337	/videos5/c0f967d75b6b19ea801a5609b63fbcc9/c0f967d75b6b19ea801a5609b63fbcc9.m3u8					/upload_01/upload/20260707/2026070722495754165.jpeg	2259	1	17
55	Hacked by Dimples#1337	/videos5/300b6c4c64f8a784d80c7b3ec45550cf/300b6c4c64f8a784d80c7b3ec45550cf.m3u8					/upload_01/xiao/20260707/2026070720410586201.png	1903	1	18
56	Hacked by Dimples#1337	/videos5/eb9f1946d3f0723b61829403626e1fb9/eb9f1946d3f0723b61829403626e1fb9.m3u8					/upload_01/xiao/20260707/2026070720410568672.png	1430	1	13
57	Hacked by Dimples#1337	/videos5/71038322df82ee761a1c2c1683d5af2c/71038322df82ee761a1c2c1683d5af2c.m3u8					/upload_01/upload/20260707/2026070722493736729.jpeg	620	1	10
58	Hacked by Dimples#1337	/videos5/e393ef834d8b8aea9c318ff0d3ab64a5/e393ef834d8b8aea9c318ff0d3ab64a5.m3u8					/upload_01/upload/20260707/2026070722482797677.jpeg	1356	1	18
59	Hacked by Dimples#1337	/videos5/f3a55a3aec1fae8d8694445ecaa39e70/f3a55a3aec1fae8d8694445ecaa39e70.m3u8					/upload_01/xiao/20260706/2026070616264913274.png	1304	1	11
60	Hacked by Dimples#1337	/videos5/d7159e520bbd6750ebd3425ac88fbc80/d7159e520bbd6750ebd3425ac88fbc80.m3u8					/upload_01/xiao/20260703/2026070316003878730.jpg	3191	1	4
61	Hacked by Dimples#1337	/videos5/1446f7738440b736f3132daf8ad91968/1446f7738440b736f3132daf8ad91968.m3u8					/upload_01/xiao/20260705/2026070518215154537.jpg	1555	1	2
62	Hacked by Dimples#1337	/videos5/ab493aafe937b6c4e2a48f440724f247/ab493aafe937b6c4e2a48f440724f247.m3u8					/upload_01/xiao/20260705/2026070514563992775.jpg	1798	1	5
63	Hacked by Dimples#1337	/videos5/b840d81dc999c75f8c8d90d6dfe8b092/b840d81dc999c75f8c8d90d6dfe8b092.m3u8					/upload_01/xiao/20260703/2026070316542028942.png	1051	1	13
64	Hacked by Dimples#1337	/videos5/c3beb129737259cb8b7188d72651b112/c3beb129737259cb8b7188d72651b112.m3u8					/upload_01/xiao/20260706/2026070615155124086.jpg	594	1	10
65	Hacked by Dimples#1337	/videos5/f6f83bf3f77bba7cdd29b86690c627b6/f6f83bf3f77bba7cdd29b86690c627b6.m3u8					/upload_01/xiao/20260703/2026070316003894976.jpg	1817	1	8
66	Hacked by Dimples#1337	/videos5/351ec115f62d770fe2501adfb7dd41aa/351ec115f62d770fe2501adfb7dd41aa.m3u8					/upload_01/xiao/20260703/2026070316003710892.jpg	2399	1	7
67	Hacked by Dimples#1337	/videos5/5e3c3dd8f4e4276873fc62bca5c5fafa/5e3c3dd8f4e4276873fc62bca5c5fafa.m3u8					/upload_01/xiao/20260703/2026070316003885310.jpg	1870	1	8
68	Hacked by Dimples#1337	/videos5/9fc7f1ceda1d576623d0916a95b3590f/9fc7f1ceda1d576623d0916a95b3590f.m3u8					/upload_01/xiao/20260703/2026070311255934751.jpg	2029	1	13
69	Hacked by Dimples#1337	/videos5/2049326c0566a3af9755b0245d8ae23a/2049326c0566a3af9755b0245d8ae23a.m3u8					/upload_01/xiao/20260630/2026063015315972665.jpg	2614	1	2
70	Hacked by Dimples#1337	/videos5/21b84f7d37017914978c50c2f5a3768f/21b84f7d37017914978c50c2f5a3768f.m3u8					/upload_01/xiao/20260702/2026070217085798949.jpg	1304	1	9
71	Hacked by Dimples#1337	/videos5/8f1ee2435855e14da81a34a56612b170/8f1ee2435855e14da81a34a56612b170.m3u8					/upload_01/xiao/20260703/2026070316003721205.jpg	612	1	6
72	Hacked by Dimples#1337	/videos5/e1912faedb27243b66f4ddcbd69d21c8/e1912faedb27243b66f4ddcbd69d21c8.m3u8					/upload_01/xiao/20260627/2026062717252096266.jpg	625	1	5
73	Hacked by Dimples#1337	/m3m/a374bf06ddb200947f3e27a3ea7525ccf973ef67bac4b942464d4b196c428223ce082f594327c4ee8e3e00e85cabf1610a40c6a95d636ac7d04e4409732779edcba4ef95de6df55053fb28c83ccfbe28.m3u8					/md-204/dcc-file/bf/bf11cf24965e6ca50d48f937afceb0ec-small.png	620	1	4
74	Hacked by Dimples#1337	/m3m/a374bf06ddb200947f3e27a3ea7525cc7b44a2d350d427dd1fb4fdb79d924a002d96596f469ad2b5c989d06cc6ba433796ecc60acafa08a5566bfe776f525703cba4ef95de6df55053fb28c83ccfbe28.m3u8					/md-204/dcc-file/a0/a0a045990013032d9c8fd9b455b5dda1-small.png	815	1	2
75	Hacked by Dimples#1337	/m3m/07d9ad1fbc0511caf21d528bc52350dd9f4989cf69a18fe1a8d7c02c7aa2290bb4093709c59470dc66fe16586b9119c5cb8a934347438555de5d57b9214b1490cba4ef95de6df55053fb28c83ccfbe28.m3u8					/md-204/dcc-file/cd/cd65be7f637fde17e6c4145f41909339-small.png	708	1	10
76	Hacked by Dimples#1337	/m3m/a374bf06ddb200947f3e27a3ea7525cc2e0822d7862d9d1180872e72fd110f2e87c5d5bee4d16d77d643a3479036f3fa884757ade7f75dc9be8038762a532b0fcba4ef95de6df55053fb28c83ccfbe28.m3u8					/md-204/dcc-file/23/236cc83213aca20fd5e9891281a27a3a-small.png	407	1	7
77	Hacked by Dimples#1337	/m3m/a374bf06ddb200947f3e27a3ea7525cc88297355d46677b8a4d788206f3a9f075402aee408bf13a3ed7ec207bc4cacc46af6eb0bed46b6784e7d5cca7a0d3d07cba4ef95de6df55053fb28c83ccfbe28.m3u8					/md-204/dcc-file/9e/9ebe6d8cd8adac8a24e1841f6233c0eb-small.png	687	1	6
78	Hacked by Dimples#1337	/m3m/07d9ad1fbc0511caf21d528bc52350ddf6ef818c7a8538e88185bed8adc2b7b26377d6af9d02ba12e7e91c3cc62b6f5c1bc9da9692e61df9d6202c8cd7c267b8cba4ef95de6df55053fb28c83ccfbe28.m3u8					/md-204/dcc-file/91/91804b10379a1abdf30e0844e42eb774-small.png	920	1	7
79	Hacked by Dimples#1337	/m3m/a374bf06ddb200947f3e27a3ea7525cc1317e281d13e170826667d17fa5da36e814f0bd17a63f34efe8d92c3a1a64d9a72a1d2ef73806844044508527e5a87c9cba4ef95de6df55053fb28c83ccfbe28.m3u8					/md-204/dcc-file/65/65c32aaeac4eabb270572b8cf90015dc-small.png	2157	1	8
80	Hacked by Dimples#1337	/m3m/07d9ad1fbc0511caf21d528bc52350dd087e979088d32f772fb3a18aafee93e0339d368182b5e5803066c3967a7b01976dcea733bca5fb1207c598d4570e07cdcba4ef95de6df55053fb28c83ccfbe28.m3u8					/md-204/dcc-file/73/73824a7639fcf9b1c4f6232ec5ddbd52-small.png	1713	1	17
81	Hacked by Dimples#1337	/m3m/07d9ad1fbc0511caf21d528bc52350dda0319436866d57a41af53d4aa39fbc2b242a414083061c784a32d04b5e3e6d356f59a7f4b62baba0482471334ec3fef4cba4ef95de6df55053fb28c83ccfbe28.m3u8					/md-204/dcc-file/c6/c6d4231865e27224cbf23f305d385716-small.png	468	1	176
82	Hacked by Dimples#1337	/m3m/07d9ad1fbc0511caf21d528bc52350ddff7e916436fb267066e76a32d547b1eaa5b7ee9406f068aa5e98d059280ef6a1bda004db24b05208889a4b628bf85044cba4ef95de6df55053fb28c83ccfbe28.m3u8					/md-204/dcc-file/8c/8caa28a421320466e57dfeb93a8efab6-small.png	1005	1	166
83	Hacked by Dimples#1337	/m3m/a374bf06ddb200947f3e27a3ea7525cc9da2f892e45d493d89e420f97a8a940fb470b64c2b217c5fe69187ebdf61df03482e198a62f07b02cd9e7df22ccee60dcba4ef95de6df55053fb28c83ccfbe28.m3u8					/md-204/dcc-file/46/4666f735f3ca1f567ec9cd2a6a7f4873-small.png	1609	1	76
84	Hacked by Dimples#1337	/m3m/07d9ad1fbc0511caf21d528bc52350dd1846eb6fd318fc9312652468876ed8906d7e68839a5a2dd3ec37d3d6037b61fddc20f760f733d412a8461a9b8cdc955fcba4ef95de6df55053fb28c83ccfbe28.m3u8					/md-204/dcc-file/1d/1db67ece70504ad3bd683e51991f6dd5-small.png	2181	1	98
85	Hacked by Dimples#1337	/m3m/07d9ad1fbc0511caf21d528bc52350dd9e86b40cc3c23e681298cdf2f39afd3c57b8713e9e47be8856e160735e9a7de5002543ed9485fe87b643f6faa693b667cba4ef95de6df55053fb28c83ccfbe28.m3u8					/md-204/dcc-file/0c/0c77737fdf96357579576279be8aeba3-small.png	1073	1	70
86	Hacked by Dimples#1337	/videos5/b6e2be112f387ce9f6f227a81b3c8c29/b6e2be112f387ce9f6f227a81b3c8c29.m3u8					/upload_01/xiao/20260323/2026032315005660108.jpg	906	1	23
87	Hacked by Dimples#1337	/videos5/e2e4419c0637ae5a6bfc17dd083fa3d3/e2e4419c0637ae5a6bfc17dd083fa3d3.m3u8					/upload_01/xiao/20260321/2026032112304289838.jpg	887	1	42
88	Hacked by Dimples#1337	/videos5/0b8aa0bc51dbc584e0508f68ce380ca8/0b8aa0bc51dbc584e0508f68ce380ca8.m3u8					/upload_01/xiao/20260320/2026032013085931952.jpg	1707	1	102
89	Hacked by Dimples#1337	/videos5/d47c147e6084db86e4e4fad2934ea8df/d47c147e6084db86e4e4fad2934ea8df.m3u8					/upload_01/xiao/20260318/2026031811575844327.jpg	945	1	82
90	Hacked by Dimples#1337	/videos5/f13aa158745af1408c97ad906e922f6c/f13aa158745af1408c97ad906e922f6c.m3u8					/upload_01/xiao/20260318/2026031811575832465.jpg	925	1	42
91	Hacked by Dimples#1337	/videos5/f85b51ecba88eecaaa995f4030f8f44a/f85b51ecba88eecaaa995f4030f8f44a.m3u8					/upload_01/xiao/20260318/2026031811575838782.jpg	1599	1	48
92	Hacked by Dimples#1337	/videos5/cb7e149480a7dcf4725bb36026837e7a/cb7e149480a7dcf4725bb36026837e7a.m3u8					/upload_01/xiao/20260325/2026032514145872025.jpg	870	1	19
93	Hacked by Dimples#1337	/videos5/6f867d5bee794e145bb5aad8836b9f4f/6f867d5bee794e145bb5aad8836b9f4f.m3u8					/upload_01/xiao/20260323/2026032315005557224.jpg	867	1	15
94	Hacked by Dimples#1337	/videos5/86c444c05b35005abd5e940eb91af36b/86c444c05b35005abd5e940eb91af36b.m3u8					/upload_01/xiao/20260320/2026032013085952641.jpg	919	1	50
95	Hacked by Dimples#1337	/videos5/1c6117090314a2fcc1c49d1d37d33416/1c6117090314a2fcc1c49d1d37d33416.m3u8					/upload_01/xiao/20260321/2026032112304054626.jpg	913	1	74
96	Hacked by Dimples#1337	/videos5/61c10889033b625e496e649ddddb19a4/61c10889033b625e496e649ddddb19a4.m3u8					/upload_01/xiao/20260316/2026031614411821327.jpg	1790	1	63
97	Hacked by Dimples#1337	/videos5/84d8d8a31ee2cf665023cba05aae9e94/84d8d8a31ee2cf665023cba05aae9e94.m3u8					/upload_01/xiao/20260302/2026030217412354839.jpg	933	1	24
98	Hacked by Dimples#1337	/videos5/cb6cb255a4bc0dbf7620d5c4c1b0fdc0/cb6cb255a4bc0dbf7620d5c4c1b0fdc0.m3u8					/upload_01/xiao/20260316/2026031614411880526.jpg	910	1	24
99	Hacked by Dimples#1337	/videos5/0f87acdf29c033bb814cfa069bc0b686/0f87acdf29c033bb814cfa069bc0b686.m3u8					/upload_01/xiao/20260302/2026030217412329645.jpg	931	1	29
100	Hacked by Dimples#1337	/videos5/034a8c05c4788bc9c92e2bcc995eef9f/034a8c05c4788bc9c92e2bcc995eef9f.m3u8					/upload_01/xiao/20260316/2026031614411817981.jpg	895	1	30
101	Hacked by Dimples#1337	/videos5/7481a552cc4b46d01d23795e57637e54/7481a552cc4b46d01d23795e57637e54.m3u8					/upload_01/upload/20260616/2026061617135992697.jpeg	1266	1	214
102	Hacked by Dimples#1337	/videos5/41e1e88a7a513f48a2d249b45791ff16/41e1e88a7a513f48a2d249b45791ff16.m3u8					/upload_01/upload/20260616/2026061617120921369.jpeg	2056	1	87
103	Hacked by Dimples#1337	/videos5/259b308233a254128a4b193a5bffd9ff/259b308233a254128a4b193a5bffd9ff.m3u8					/upload_01/upload/20260615/2026061518444871369.jpeg	2903	1	133
104	Hacked by Dimples#1337	/videos5/bc4738f6b63666f480b8295b8dc2efb9/bc4738f6b63666f480b8295b8dc2efb9.m3u8					/upload_01/upload/20260615/2026061516575990472.jpeg	1688	1	267
105	Hacked by Dimples#1337	/videos5/c463ab7ae766fc33f85f73564e169239/c463ab7ae766fc33f85f73564e169239.m3u8					/upload_01/upload/20260615/2026061513295628703.jpeg	1016	1	129
106	Hacked by Dimples#1337	/videos5/428f292bda31125095c58005d8f11087/428f292bda31125095c58005d8f11087.m3u8					/upload_01/upload/20260615/2026061513262598403.jpeg	1346	1	57
107	Hacked by Dimples#1337	/videos5/979582702e7ee9e062551ebe745b83a2/979582702e7ee9e062551ebe745b83a2.m3u8					/upload_01/upload/20260616/2026061617102060410.jpeg	891	1	120
108	Hacked by Dimples#1337	/videos5/19efa300e9dbcc5790d13b04b8b32744/19efa300e9dbcc5790d13b04b8b32744.m3u8					/upload_01/upload/20260615/2026061516550912833.jpeg	1900	1	97
109	Hacked by Dimples#1337	/videos5/7a92d01255b04956eecc9814184fef82/7a92d01255b04956eecc9814184fef82.m3u8					/upload_01/xiao/20260615/2026061521142762778.jpg	3158	1	295
110	Hacked by Dimples#1337	/videos5/d5447754596706575a095dfabccbbb94/d5447754596706575a095dfabccbbb94.m3u8					/upload_01/upload/20260615/2026061516555056943.jpeg	1250	1	36
111	Hacked by Dimples#1337	/videos5/dacaff2053de7bba615155046a942c46/dacaff2053de7bba615155046a942c46.m3u8					/upload_01/upload/20260615/2026061513264780969.jpeg	499	1	148
112	Hacked by Dimples#1337	/videos5/ace255ce5bf5dfaf7548bab24d55774f/ace255ce5bf5dfaf7548bab24d55774f.m3u8					/upload_01/xiao/20260613/2026061317544257810.jpg	3125	1	51
113	Hacked by Dimples#1337	/videos5/1d0c51fbd34cf3c95b0d3623269cbc41/1d0c51fbd34cf3c95b0d3623269cbc41.m3u8					/upload_01/upload/20260616/2026061617091358555.jpeg	2813	1	136
114	Hacked by Dimples#1337	/videos5/50dd8a12f63a1ea176f268d552173a99/50dd8a12f63a1ea176f268d552173a99.m3u8					/upload_01/upload/20260615/2026061513285036994.jpeg	1068	1	68
115	Hacked by Dimples#1337	/videos3/f472bfd103579feffe04ab08dd895999/f472bfd103579feffe04ab08dd895999.m3u8					/upload/xiao/20231213/2023121316332611271.jpg	1385	1	1
116	Hacked by Dimples#1337	/videos3/130bb6d56157ff0ae643eb41403fe444/130bb6d56157ff0ae643eb41403fe444.m3u8					/upload/xiao/20231229/2023122915513431197.jpg	132	1	1
117	Hacked by Dimples#1337	/videos2/8e7046e312a6788aa7fefeb53e75ac74/8e7046e312a6788aa7fefeb53e75ac74.m3u8					/upload/xiao/20230913/2023091316370079601.jpg	1327	1	2
118	Hacked by Dimples#1337	/videos3/444bd6e8ab9ffc03e7ba7c8139022450/444bd6e8ab9ffc03e7ba7c8139022450.m3u8					/upload/xiao/20231225/2023122518135275991.jpg	980	1	0
119	Hacked by Dimples#1337	/videos2/0fd58f49a473619ec2426f7d8d92e99f/0fd58f49a473619ec2426f7d8d92e99f.m3u8					/upload/upload/20230912/2023091216573784127.jpeg	474	1	0
120	Hacked by Dimples#1337	/videos2/ab73997b3713ad54cb48d93dce39cbd2/ab73997b3713ad54cb48d93dce39cbd2.m3u8					/upload/xiao/20231030/2023103017143877593.jpg	3927	1	1
121	Hacked by Dimples#1337	/videos2/6eb5fbaf1ecc2e6928f888586dc85aae/6eb5fbaf1ecc2e6928f888586dc85aae.m3u8					/upload/upload/20230726/2023072617320986424.jpeg	3796	1	0
122	Hacked by Dimples#1337	/videos2/7bd4e4b14388b04f340bf719e2b2099b/7bd4e4b14388b04f340bf719e2b2099b.m3u8					/upload/xiao/20230725/2023072517064429426.jpg	1141	1	0
123	Hacked by Dimples#1337	/videos2/2818cb8fa1586f8877fa5154324936dd/2818cb8fa1586f8877fa5154324936dd.m3u8					/upload/xiao/20230725/2023072517045234685.jpg	1455	1	0
124	Hacked by Dimples#1337	/videos3/680d3478c515c10cf697af5dfda76761/680d3478c515c10cf697af5dfda76761.m3u8					/upload/xiao/20240107/2024010709525595683.jpg	1120	1	0
125	Hacked by Dimples#1337	/videos3/2c1eb1e2b3fd6be709efee141b309fc6/2c1eb1e2b3fd6be709efee141b309fc6.m3u8					/upload/xiao/20240401/2024040110314687446.jpg	2969	1	0
126	Hacked by Dimples#1337	/videos2/1c1ad80c321394fd31dafe493a82d4e7/1c1ad80c321394fd31dafe493a82d4e7.m3u8					/upload/upload/20230912/2023091216584466786.jpeg	455	1	2
127	Hacked by Dimples#1337	/watch7/4d83f115dd253f472278fc71f45c019b/4d83f115dd253f472278fc71f45c019b.m3u8					/new/upload/20220623/2022062320043895493.jpeg	2866	1	0
128	Hacked by Dimples#1337	/videos2/608f101f926b29c4d2e13a3cac417877/608f101f926b29c4d2e13a3cac417877.m3u8					/upload/xiao/20231030/2023103017143816632.jpg	3450	1	0
129	Hacked by Dimples#1337	/videos3/a8392cab73fb15befb1fd6d766492fb9/a8392cab73fb15befb1fd6d766492fb9.m3u8					/upload/xiao/20240111/2024011109522148603.jpg	616	1	0
130	Hacked by Dimples#1337	//watch5/b58d02b24a93e3dab11806c36fd163a8/b58d02b24a93e3dab11806c36fd163a8.m3u8					/new/upload/20220303/2022030300181158883.jpeg	0	1	7
131	Hacked by Dimples#1337	/watch/e9b85cf176cf40b8666c5f7fe2eb349d/e9b85cf176cf40b8666c5f7fe2eb349d.m3u8					/new/av/20210331/2021033115065590529.jpeg	97200	1	0
132	Hacked by Dimples#1337	/videos5/3a0aef5a4cad15ef8e60c3f1bca9c8ba/3a0aef5a4cad15ef8e60c3f1bca9c8ba.m3u8					/upload_01/xiao/20260302/2026030217412374882.jpg	914	1	3
133	Hacked by Dimples#1337	/videos5/15a43ab8750743421b6c0458e5e2aaa1/15a43ab8750743421b6c0458e5e2aaa1.m3u8					/upload_01/xiao/20260302/2026030217412313438.jpg	917	1	0
134	Hacked by Dimples#1337	/videos5/60bf842699a680001c9da5c879a59568/60bf842699a680001c9da5c879a59568.m3u8					/upload_01/xiao/20260302/2026030217412322538.jpg	1672	1	0
135	Hacked by Dimples#1337	/videos5/52514f5284e897401fd8344621915f96/52514f5284e897401fd8344621915f96.m3u8					/upload_01/xiao/20260302/2026030217412349811.jpg	935	1	0
136	Hacked by Dimples#1337	/videos5/2e1a64bf74101e588b3ee48805e85bee/2e1a64bf74101e588b3ee48805e85bee.m3u8					/upload_01/xiao/20260223/2026022317000869257.jpg	900	1	0
137	Hacked by Dimples#1337	/videos5/b7c70f6ef1e58defced517795a5bb07f/b7c70f6ef1e58defced517795a5bb07f.m3u8					/upload_01/xiao/20260302/2026030216550485759.jpg	912	1	0
138	Hacked by Dimples#1337	/videos5/e27afa68f9681a4087d50f35ee3dc962/e27afa68f9681a4087d50f35ee3dc962.m3u8					/upload_01/xiao/20260216/2026021617321247767.jpg	1909	1	2
139	Hacked by Dimples#1337	/videos5/bf771e5c37778921dcea3d7c1fc05e54/bf771e5c37778921dcea3d7c1fc05e54.m3u8					/upload_01/xiao/20260302/2026030217412388622.jpg	891	1	0
140	Hacked by Dimples#1337	/videos5/e82dc505923387890b4da9338c63511c/e82dc505923387890b4da9338c63511c.m3u8					/upload_01/xiao/20260302/2026030217412391531.jpg	908	1	0
141	Hacked by Dimples#1337	/videos5/0cf4c093952ab29fa71f3d0c8053dea8/0cf4c093952ab29fa71f3d0c8053dea8.m3u8					/upload_01/xiao/20260302/2026030217412326559.jpg	936	1	0
142	Hacked by Dimples#1337	/videos5/3676248e4144a5bb0b2fa8ea3a455d5a/3676248e4144a5bb0b2fa8ea3a455d5a.m3u8					/upload_01/xiao/20260302/2026030217412363444.jpg	889	1	0
143	Hacked by Dimples#1337	/videos5/5146846a20f356df66a0d1938dea5cb3/5146846a20f356df66a0d1938dea5cb3.m3u8					/upload_01/xiao/20260302/2026030217412368756.jpg	883	1	0
144	Hacked by Dimples#1337	/videos5/1cdb64cea6ea9f543683a8eaeb7f7540/1cdb64cea6ea9f543683a8eaeb7f7540.m3u8					/upload_01/xiao/20260302/2026030217412351680.jpg	918	1	0
145	Hacked by Dimples#1337	/videos5/a6b20385138817809e51965cca452bb4/a6b20385138817809e51965cca452bb4.m3u8					/upload_01/xiao/20260225/2026022515465693922.jpg	881	1	1
146	Hacked by Dimples#1337	/videos5/c792a483e2a5e5734b8c74bbf3106945/c792a483e2a5e5734b8c74bbf3106945.m3u8					/upload_01/xiao/20260302/2026030217412349038.jpg	864	1	0
147	Hacked by Dimples#1337	/videos5/123d9428ae2f653fe8abf4699babb700/123d9428ae2f653fe8abf4699babb700.m3u8					/upload_01/xiao/20260616/2026061622251717254.jpg	1762	1	34
148	Hacked by Dimples#1337	/videos5/42a174c67afb62818d7bef8c10c7ff7c/42a174c67afb62818d7bef8c10c7ff7c.m3u8					/upload_01/xiao/20260425/2026042518185472758.jpg	1448	1	11
149	Hacked by Dimples#1337	/videos5/1a9c0612e0389557e7286dd3918b193c/1a9c0612e0389557e7286dd3918b193c.m3u8					/upload_01/xiao/20260425/2026042518185478605.jpg	850	1	2
150	Hacked by Dimples#1337	/videos5/a5c9e43e782227d65750e1836ede8f01/a5c9e43e782227d65750e1836ede8f01.m3u8					/upload_01/xiao/20260425/2026042518185479140.jpg	1732	1	11
151	Hacked by Dimples#1337	/videos5/79057d38a75598ce585c0a810fbc313f/79057d38a75598ce585c0a810fbc313f.m3u8					/upload_01/xiao/20260616/2026061622213748514.jpg	523	1	19
152	Hacked by Dimples#1337	/videos5/b1c7b58df74a2c3b3397085210067cf4/b1c7b58df74a2c3b3397085210067cf4.m3u8					/upload_01/xiao/20260425/2026042518185490291.jpg	771	1	0
153	Hacked by Dimples#1337	/videos5/e7be0be38572631aabd2f744ce078751/e7be0be38572631aabd2f744ce078751.m3u8					/upload_01/upload/20260625/2026062521210324499.jpeg	1923	1	16
154	Hacked by Dimples#1337	/videos5/475ab71cbc49c32d147392860d9124c7/475ab71cbc49c32d147392860d9124c7.m3u8					/upload_01/xiao/20260425/2026042518185488736.jpg	733	1	0
155	Hacked by Dimples#1337	/videos5/0aefeb7035993c1c777e8c6b3d885ca1/0aefeb7035993c1c777e8c6b3d885ca1.m3u8					/upload_01/xiao/20260425/2026042518185438625.jpg	1285	1	0
156	Hacked by Dimples#1337	/videos5/3006d7f8a514f45482a64fe67c5f59a0/3006d7f8a514f45482a64fe67c5f59a0.m3u8					/upload_01/xiao/20260425/2026042518185562246.jpg	1471	1	0
157	Hacked by Dimples#1337	/videos5/b8d31b8d03e7cbcfa2556a7f34737dc2/b8d31b8d03e7cbcfa2556a7f34737dc2.m3u8					/upload_01/xiao/20260425/2026042518185464923.jpg	953	1	1
158	Hacked by Dimples#1337	/videos5/d5423ed758e4f1e110197b5510e93d53/d5423ed758e4f1e110197b5510e93d53.m3u8					/upload_01/xiao/20260425/2026042518185419797.jpg	736	1	2
159	Hacked by Dimples#1337	/videos5/b9cfeb371788aeacda57c99a89225c25/b9cfeb371788aeacda57c99a89225c25.m3u8					/upload_01/xiao/20260425/2026042518185431476.jpg	931	1	0
160	Hacked by Dimples#1337	/videos5/36ad7902337c0623ce09b27d38b7b86c/36ad7902337c0623ce09b27d38b7b86c.m3u8					/upload_01/xiao/20260416/2026041619152873508.jpg	1490	1	2
161	Hacked by Dimples#1337	/videos5/b32d967cf45c83a83014151f078942cc/b32d967cf45c83a83014151f078942cc.m3u8					/upload_01/xiao/20260416/2026041619152834574.jpg	910	1	0
162	Hacked by Dimples#1337	/videos5/126d4d63316a4f45f9033f14a2c7b534/126d4d63316a4f45f9033f14a2c7b534.m3u8					/upload_01/xiao/20260417/2026041716260130062.jpg	1174	1	2
163	Hacked by Dimples#1337	/videos5/1f6451f8bc45ed45a736dc1401ab1442/1f6451f8bc45ed45a736dc1401ab1442.m3u8					/upload_01/xiao/20260417/2026041716260178019.jpg	851	1	0
164	Hacked by Dimples#1337	/videos5/359b3fd0dae9c82351762d322e216537/359b3fd0dae9c82351762d322e216537.m3u8					/upload_01/xiao/20260416/2026041619152847974.jpg	2662	1	6
165	Hacked by Dimples#1337	/videos5/951f9a003618740fc0d7fa51e7ab1635/951f9a003618740fc0d7fa51e7ab1635.m3u8					/upload_01/xiao/20260417/2026041716260199656.jpg	1794	1	8
166	Hacked by Dimples#1337	/videos5/c1c217995cb4682b81d48b5f3f1922bf/c1c217995cb4682b81d48b5f3f1922bf.m3u8					/upload_01/xiao/20260417/2026041716260114722.jpg	1277	1	0
167	Hacked by Dimples#1337	/videos5/4983e5894d80c968203fc5b6351a3098/4983e5894d80c968203fc5b6351a3098.m3u8					/upload_01/xiao/20260417/2026041716260176801.jpg	1791	1	0
168	Hacked by Dimples#1337	/videos5/ed1e2abe37873fced6bf8cca5b4a9a04/ed1e2abe37873fced6bf8cca5b4a9a04.m3u8					/upload_01/xiao/20260417/2026041716260114655.jpg	1642	1	5
169	Hacked by Dimples#1337	/videos5/7f7dcf80224241bf234b39aafa998d12/7f7dcf80224241bf234b39aafa998d12.m3u8					/upload_01/xiao/20260417/2026041716260155376.jpg	875	1	1
170	Hacked by Dimples#1337	/videos5/55021b81a6366a2a1e1fd5400891adc6/55021b81a6366a2a1e1fd5400891adc6.m3u8					/upload_01/xiao/20260416/2026041619152812664.jpg	1271	1	0
171	Hacked by Dimples#1337	/videos5/f864aa5b4304fca7de0ac8145c5e8111/f864aa5b4304fca7de0ac8145c5e8111.m3u8					/upload_01/xiao/20260416/2026041619152896074.jpg	2023	1	0
172	Hacked by Dimples#1337	/videos5/a0a2894bb3fe5b002185a4382a45b42d/a0a2894bb3fe5b002185a4382a45b42d.m3u8					/upload_01/xiao/20260417/2026041716260194667.jpg	927	1	0
173	Hacked by Dimples#1337	/videos5/56b84bb70ee3d7df42734461846aad0c/56b84bb70ee3d7df42734461846aad0c.m3u8					/upload_01/xiao/20260707/2026070714584945132.jpg	988	1	1
174	Hacked by Dimples#1337	/videos5/eb4ce02717682973ec5372434be1e386/eb4ce02717682973ec5372434be1e386.m3u8					/upload_01/xiao/20260707/2026070714585087672.jpg	970	1	2
175	Hacked by Dimples#1337	/videos5/8e09b94b1f528062bcc5c302050e1997/8e09b94b1f528062bcc5c302050e1997.m3u8					/upload_01/xiao/20260707/2026070714584915571.jpg	120	1	0
176	Hacked by Dimples#1337	/videos5/6b728f6ad29b8346e348f4730a347a23/6b728f6ad29b8346e348f4730a347a23.m3u8					/upload_01/xiao/20260706/2026070616530469596.jpg	932	1	0
177	Hacked by Dimples#1337	/videos5/6152ae8d202da43a2bce6c59de1100d8/6152ae8d202da43a2bce6c59de1100d8.m3u8					/upload_01/xiao/20260706/2026070616530423248.jpg	129	1	1
178	Hacked by Dimples#1337	/videos5/86a27876ca29611dda648ba5336a8b29/86a27876ca29611dda648ba5336a8b29.m3u8					/upload_01/xiao/20260702/2026070217402833241.jpg	1344	1	0
179	Hacked by Dimples#1337	/videos5/9b3b98f3bf4841ddec1db806030ed210/9b3b98f3bf4841ddec1db806030ed210.m3u8					/upload_01/xiao/20260707/2026070714584959542.jpg	113	1	2
180	Hacked by Dimples#1337	/videos5/91ded11f34a1f3c6e819e58e8e736354/91ded11f34a1f3c6e819e58e8e736354.m3u8					/upload_01/xiao/20260702/2026070214314775867.jpg	1463	1	0
181	Hacked by Dimples#1337	/videos5/4f154b57f89f5a140865ad4e06b2fc58/4f154b57f89f5a140865ad4e06b2fc58.m3u8					/upload_01/xiao/20260702/2026070214314732509.jpg	872	1	0
182	Hacked by Dimples#1337	/videos5/aa9624fe0adb53ea9cfac36a41a9761e/aa9624fe0adb53ea9cfac36a41a9761e.m3u8					/upload_01/xiao/20260707/2026070714584957890.jpg	101	1	3
183	Hacked by Dimples#1337	/videos5/b06799220b96a8d5d695e1f203e3bba3/b06799220b96a8d5d695e1f203e3bba3.m3u8					/upload_01/xiao/20260702/2026070217402837494.jpg	1583	1	0
184	Hacked by Dimples#1337	/videos5/6a02fcada4c6c665ba49622e63026205/6a02fcada4c6c665ba49622e63026205.m3u8					/upload_01/xiao/20260702/2026070214314735719.jpg	887	1	2
185	Hacked by Dimples#1337	/videos5/f057ef5c4687fba744ab50db1da4b8c9/f057ef5c4687fba744ab50db1da4b8c9.m3u8					/upload_01/xiao/20260706/2026070616530494256.jpg	109	1	1
186	Hacked by Dimples#1337	/videos5/d9b298f55dea66a224b9ce23061989bd/d9b298f55dea66a224b9ce23061989bd.m3u8					/upload_01/xiao/20260706/2026070616530468774.jpg	77	1	1
187	Hacked by Dimples#1337	/videos5/bd20ecde91fe2a57b78fd4cf868cec1d/bd20ecde91fe2a57b78fd4cf868cec1d.m3u8					/upload_01/xiao/20260706/2026070616530441680.jpg	932	1	1
188	Hacked by Dimples#1337	/videos5/4a55d3c3ccd9840419ab4d079456ba20/4a55d3c3ccd9840419ab4d079456ba20.m3u8					/upload_01/xiao/20260702/2026070214314788282.jpg	884	1	2
189	Hacked by Dimples#1337	/videos5/3ab7e3a36871b445c7294be9ddf8497e/3ab7e3a36871b445c7294be9ddf8497e.m3u8					/upload_01/xiao/20260702/2026070214314785785.jpg	920	1	1
190	Hacked by Dimples#1337	/videos5/c66bd01c5269dc44b73a2128107bdb40/c66bd01c5269dc44b73a2128107bdb40.m3u8					/upload_01/xiao/20260628/2026062816554471218.jpg	1172	1	0
191	Hacked by Dimples#1337	/videos5/695fb4484001ccb4d7953c58125b9572/695fb4484001ccb4d7953c58125b9572.m3u8					/upload_01/xiao/20260629/2026062914180523397.jpg	1682	1	0
192	Hacked by Dimples#1337	/videos5/5dd812479ac4292a6ca7528530ca3765/5dd812479ac4292a6ca7528530ca3765.m3u8					/upload_01/xiao/20260629/2026062914180531759.jpg	1707	1	0
193	Hacked by Dimples#1337	/videos5/e7ed34de87eb8fadbabee5d7e9b1e98c/e7ed34de87eb8fadbabee5d7e9b1e98c.m3u8					/upload_01/xiao/20260628/2026062816554450851.jpg	1248	1	0
194	Hacked by Dimples#1337	/m3m/1c6eca10b2b1013d480a5f9cbdb9361efbe331d8d7168c859c265d311d0e0a4a1c6d430d43e02f207cbc2f908094e5fa7dd2842c4eaa4483d1829e0d506e7aa4cba4ef95de6df55053fb28c83ccfbe28.m3u8					/hc194/dcc-file/b7/b700fdad7ecfcf23ed96fcb33a1fe87b.jpg	985	1	0
195	Hacked by Dimples#1337	/m3m/1c6eca10b2b1013d480a5f9cbdb9361e9b0a904983f3ddd5ff7dac00e52c4022c27761c897be679dd7c28b03897e702a5ae615cb040dcee1694e5668df559e52cba4ef95de6df55053fb28c83ccfbe28.m3u8					/hc194/dcc-file/30/30c3201e18adb004f472e8f8e4c46e09.jpg	979	1	0
196	Hacked by Dimples#1337	/videos5/b98941b455a2854fb5a1ee5a600cbb9f/b98941b455a2854fb5a1ee5a600cbb9f.m3u8					/upload_01/xiao/20260628/2026062816554415653.jpg	1595	1	0
197	Hacked by Dimples#1337	/videos5/37a0a66f55a0ad18d1b99c33e15eaf4a/37a0a66f55a0ad18d1b99c33e15eaf4a.m3u8					/upload_01/xiao/20260628/2026062816554476356.jpg	1625	1	0
198	Hacked by Dimples#1337	/videos5/aed08c47a5ce31908c148e52ba438556/aed08c47a5ce31908c148e52ba438556.m3u8					/upload_01/xiao/20260628/2026062816554327862.jpg	1254	1	0
199	Hacked by Dimples#1337	/videos5/cceae28379554eb5f9a204fb809e18ae/cceae28379554eb5f9a204fb809e18ae.m3u8					/upload_01/xiao/20260629/2026062914180652652.jpg	1642	1	1
200	Hacked by Dimples#1337	/videos5/9c11ba6b2731f086acf0950a4428887d/9c11ba6b2731f086acf0950a4428887d.m3u8					/upload_01/xiao/20260628/2026062816554427477.jpg	1197	1	0
201	Hacked by Dimples#1337	/videos5/fd8953bf494362385319bec94c081fc0/fd8953bf494362385319bec94c081fc0.m3u8					/upload_01/xiao/20260628/2026062816554386696.jpg	1181	1	0
202	Hacked by Dimples#1337	/videos5/43d3519f5c076c16e0824950635a0660/43d3519f5c076c16e0824950635a0660.m3u8					/upload_01/xiao/20260628/2026062816554331029.jpg	1208	1	0
203	Hacked by Dimples#1337	/videos5/96a213d5caa389499abbc30ae80e76d1/96a213d5caa389499abbc30ae80e76d1.m3u8					/upload_01/xiao/20260212/2026021216521585778.jpg	947	1	1
204	Hacked by Dimples#1337	/videos5/c31ad2f9b25c0ebada19e4ebeccca298/c31ad2f9b25c0ebada19e4ebeccca298.m3u8					/upload_01/xiao/20260215/2026021516572218759.jpg	902	1	0
205	Hacked by Dimples#1337	/videos5/e08d6f73f07d53d013560c4a03c64676/e08d6f73f07d53d013560c4a03c64676.m3u8					/upload_01/xiao/20260212/2026021216521593904.jpg	1676	1	2
206	Hacked by Dimples#1337	/videos5/2f25fb0beb20ae79f5489018279593c4/2f25fb0beb20ae79f5489018279593c4.m3u8					/upload_01/xiao/20260211/2026021118370467289.jpg	910	1	0
207	Hacked by Dimples#1337	/videos5/b17caa528089351a898044ece3f4bcda/b17caa528089351a898044ece3f4bcda.m3u8					/upload_01/xiao/20260211/2026021118370460779.jpg	922	1	0
208	Hacked by Dimples#1337	/videos5/acccbdd05dbce358d245debe0135a920/acccbdd05dbce358d245debe0135a920.m3u8					/upload_01/xiao/20260216/2026021617321287044.jpg	896	1	0
209	Hacked by Dimples#1337	/videos5/d8a78446c56bb8aef7c25b6e0dc1fd06/d8a78446c56bb8aef7c25b6e0dc1fd06.m3u8					/upload_01/xiao/20260130/2026013017274725592.jpg	905	1	1
210	Hacked by Dimples#1337	/videos5/5a7ef4514946f7a7b96b57394602904d/5a7ef4514946f7a7b96b57394602904d.m3u8					/upload_01/xiao/20260130/2026013017274711598.jpg	899	1	0
211	Hacked by Dimples#1337	/videos5/f6f7a92da268bddb724f03ec44db0276/f6f7a92da268bddb724f03ec44db0276.m3u8					/upload_01/xiao/20260130/2026013017274714440.jpg	923	1	0
212	Hacked by Dimples#1337	/videos5/35b8528aa3863d63aa91831c713e0e0b/35b8528aa3863d63aa91831c713e0e0b.m3u8					/upload_01/xiao/20260212/2026021216521596651.jpg	941	1	0
213	Hacked by Dimples#1337	/videos5/c5cde6bb22cb715ad3a7e3f0b6b422c0/c5cde6bb22cb715ad3a7e3f0b6b422c0.m3u8					/upload_01/xiao/20260209/2026020916594044475.jpg	930	1	0
214	Hacked by Dimples#1337	/videos5/0df8d3f56e2538c9631a5cbc6a7b132a/0df8d3f56e2538c9631a5cbc6a7b132a.m3u8					/upload_01/xiao/20260205/2026020517270768502.jpg	932	1	4
215	Hacked by Dimples#1337	/videos5/f534f7539e56bbe03d00adf9fc0f0be8/f534f7539e56bbe03d00adf9fc0f0be8.m3u8					/upload_01/xiao/20260130/2026013017274720994.jpg	885	1	0
216	Hacked by Dimples#1337	/videos5/e5899d987b43eaa2f9e59dc63c14e2f3/e5899d987b43eaa2f9e59dc63c14e2f3.m3u8					/upload_01/xiao/20260130/2026013017274737444.jpg	919	1	0
217	Hacked by Dimples#1337	/videos5/ab84a5e834b87b9dec2b092882ebb25f/ab84a5e834b87b9dec2b092882ebb25f.m3u8					/upload_01/xiao/20260205/2026020517270713581.jpg	893	1	0
218	Hacked by Dimples#1337	/videos5/e56d57cc6f61142946650e4f967cdb51/e56d57cc6f61142946650e4f967cdb51.m3u8					/upload_01/xiao/20260130/2026013017274759666.jpg	938	1	0
219	Hacked by Dimples#1337	/videos5/fe30fee83558922390894fdd46d78c0b/fe30fee83558922390894fdd46d78c0b.m3u8					/upload_01/xiao/20260116/2026011616534178467.jpg	1790	1	0
220	Hacked by Dimples#1337	/videos5/9a768a3051713769943418c87f1a683b/9a768a3051713769943418c87f1a683b.m3u8					/upload_01/xiao/20260126/2026012615011886215.jpg	889	1	0
221	Hacked by Dimples#1337	/m3m/25989cab565e2f5bf45ffd0165f5de14bcaa61b7898450a543eb29543de5ce2ee20d92492b39c51e281fce7c90df01de8acb4d0e6076cae2c76edc9b139be8c8cba4ef95de6df55053fb28c83ccfbe28.m3u8					/md-204/dcc-file/37/37a27495704259509aea07e4926b18dd.jpg	1840	1	0
222	Hacked by Dimples#1337	/m3m/25989cab565e2f5bf45ffd0165f5de1426c6382f4211dbce4f32b560e45c73f44cd31a7e4a917eccdcec61ff2d9226a29fa91bad5bdbf652e5e0e5c05b5c2333cba4ef95de6df55053fb28c83ccfbe28.m3u8					/md-204/dcc-file/e1/e1e130fc51a9d485aaf64afdb0e5a06e.jpg	1826	1	1
223	Hacked by Dimples#1337	/videos5/be70066cc999bd0bf471e534722bb2d5/be70066cc999bd0bf471e534722bb2d5.m3u8					/upload_01/xiao/20260121/2026012116015252641.jpg	901	1	0
224	Hacked by Dimples#1337	/m3m/70d8b939ac2b6f81b4d154ddc070c4617aea69e5e4575d629a212c9ba2b70357afa98bf53edddc1ce5d9224ffb3e825c528879a6fecef4eed2862d3507fd96ebcba4ef95de6df55053fb28c83ccfbe28.m3u8					/md-204/dcc-file/96/96ac4c8b0f88117ebab85c35dbb1d491.jpg	1890	1	0
225	Hacked by Dimples#1337	/m3m/70d8b939ac2b6f81b4d154ddc070c461c1131ad9ff48bdb8265a667285d2eb87e38b9ec76792feddcfe17ea0ebd30202297ab59efbe82612c9e3a8fc36810c76cba4ef95de6df55053fb28c83ccfbe28.m3u8					/md-204/dcc-file/f2/f2d75c4edd922cddb2ecea983e21ca3f.jpg	1912	1	0
226	Hacked by Dimples#1337	/videos5/f97684dd0f64007b1e5d6568cee1f6e4/f97684dd0f64007b1e5d6568cee1f6e4.m3u8					/upload_01/xiao/20260130/2026013017274767731.jpg	930	1	0
227	Hacked by Dimples#1337	/m3m/25989cab565e2f5bf45ffd0165f5de14e6dc2f03afb934a5288bf04489ac616e829ce4daf7ddb80b1d87ac051fa9a1be7937ded264d6c08a35a8369adf680895cba4ef95de6df55053fb28c83ccfbe28.m3u8					/md-204/dcc-file/c7/c72e5760dfa0a432991226d04b59b658.jpg	1760	1	0
228	Hacked by Dimples#1337	/m3m/a374bf06ddb200947f3e27a3ea7525cc295f19298c17bfc3b62aa6bd918babfee9796643cf8c97d3d336074b261d4cf6c672fddb79d7af2ce9541b791a6793b7cba4ef95de6df55053fb28c83ccfbe28.m3u8					/md-204/dcc-file/56/5641c4c30e145df029cce6f82a1612e7-small.jpg	1991	1	0
229	Hacked by Dimples#1337	/videos5/3773578dfa6927bae875c06e3b65120c/3773578dfa6927bae875c06e3b65120c.m3u8					/upload_01/xiao/20260121/2026012116015225050.jpg	920	1	0
230	Hacked by Dimples#1337	/m3m/25989cab565e2f5bf45ffd0165f5de14eaf2d6131881a0ed4dcf086ad746d096a8cb7bba88d00f2cfe88c3933e124bd6f1ef78df325de86d39c046e5c7da40e1cba4ef95de6df55053fb28c83ccfbe28.m3u8					/md-204/dcc-file/b2/b2f9bab6c9c2c88b6250ca79e7bfb664.jpg	1424	1	0
231	Hacked by Dimples#1337	/m3m/25989cab565e2f5bf45ffd0165f5de14f0c977a3f6239d0de403d9b728c805eb3b7fbfbea244185314671599d77377592d88f915c2bb4ae3dce1b24035d80f07cba4ef95de6df55053fb28c83ccfbe28.m3u8					/md-204/dcc-file/cd/cd1d32c44e5c83dd24b5dd5fc2b49f34.jpg	2277	1	0
232	Hacked by Dimples#1337	/m3m/a374bf06ddb200947f3e27a3ea7525cc6ebe696ec884e9590a0db4d626dbd15d56cf3878a7d02346f0a0a069e7b1b9cf8a7a4e0d0ec98b2e0ce0467d3cdf526ccba4ef95de6df55053fb28c83ccfbe28.m3u8					/md-204/dcc-file/ae/ae6b0fc87e8512dd8152ea1c983c883f-small.jpg	1141	1	0
233	Hacked by Dimples#1337	/m3m/25989cab565e2f5bf45ffd0165f5de14413385f7eef2330e0b64d4c14668b512feffdb10ff050304f8533fe8bc1e6a1cdeeb3a96407fe591587e92a827cd954dcba4ef95de6df55053fb28c83ccfbe28.m3u8					/md-204/dcc-file/e9/e9245c878dfb37e7a1977543f6d674dd.jpg	1797	1	0
234	Hacked by Dimples#1337	/m3m/25989cab565e2f5bf45ffd0165f5de142e9b3fcfed9ccd3f7e20f46ce1c3a80da30bbbc56efea48e7a6d92b15086b6b2e67682a0032e0a4e1f2b9f73bb74b3eecba4ef95de6df55053fb28c83ccfbe28.m3u8					/md-204/dcc-file/cd/cdb9e491cb1e28aacb84baa46314cadb-small.jpg	1962	1	0
235	Hacked by Dimples#1337	/m3m/70d8b939ac2b6f81b4d154ddc070c461c56b5551019be380e4a82ab955d1e69a63d428c80e8934c5a3c7709a563bb15e9eb5618447f215344f741b6e16be2d1dcba4ef95de6df55053fb28c83ccfbe28.m3u8					/md-204/dcc-file/d4/d49c818eda09de185a2c3bd1f52286cd.jpg	1904	1	0
236	Hacked by Dimples#1337	/m3m/70d8b939ac2b6f81b4d154ddc070c461e76d6a34872b298318cc82e906a6f4eefa59e774589122bbd396b152dfe72906ef0395e2573974e1528fe68b29687954cba4ef95de6df55053fb28c83ccfbe28.m3u8					/md-204/dcc-file/60/6041ffa2da2df114c5982574c38ba10f-small.jpg	1197	1	0
237	Hacked by Dimples#1337	/m3m/70d8b939ac2b6f81b4d154ddc070c46172726a5bdef6961c07437bb91d904c98a512cd257b3889237d848ca791a0e7b50c9307418079035981d8f8b636b31639cba4ef95de6df55053fb28c83ccfbe28.m3u8					/md-204/dcc-file/98/980ea022d81451bc82b23e2f4887973f.jpg	1897	1	0
238	Hacked by Dimples#1337	/m3m/70d8b939ac2b6f81b4d154ddc070c4611b018673cbe191aa438bea386212d1d5a256a4f0afaca08f2f6a3fa6872522aabcaec0fd148642108968e092ac941237cba4ef95de6df55053fb28c83ccfbe28.m3u8					/md-204/dcc-file/a8/a876a04ed13e7f896f1dc0b85f96de08.jpg	1770	1	0
239	Hacked by Dimples#1337	/m3m/25989cab565e2f5bf45ffd0165f5de14b6a5c470ca22cb13062d1ca32fc6f485eb01a9023270f397de3cfa87512cc23f12cb3e6a32aff5df76dbf1a72a7c8ebdcba4ef95de6df55053fb28c83ccfbe28.m3u8					/md-204/dcc-file/9d/9dbfbc7e85a4ba4c772a9d93a4024aa0-small.jpg	1388	1	0
240	Hacked by Dimples#1337	/m3m/70d8b939ac2b6f81b4d154ddc070c4617689dc8be51967afca818dace0a140a92efbf5382a0d45f1b66a88ceb3d6ca8767ab32c5a6fe652a7f681ccc16e70c99cba4ef95de6df55053fb28c83ccfbe28.m3u8					/md-204/dcc-file/a3/a3ab95e5463d6065aa6d10b2c7b628c1.jpg	2591	1	0
241	Hacked by Dimples#1337	/m3m/70d8b939ac2b6f81b4d154ddc070c4614d0de6a8fe1a0b63e7e3875c8ee979e625af3a45394b4269a93061776f29cfd127ec9bdfdf38234e3d2559de9951f82ecba4ef95de6df55053fb28c83ccfbe28.m3u8					/md-204/dcc-file/bc/bc844463cc540faa6827559be0aa89c9.jpg	1965	1	1
242	Hacked by Dimples#1337	/m3m/70d8b939ac2b6f81b4d154ddc070c461392c08e5e42c11d9abe0a7b41f2887e2b9940e88d3beffaf4d8dc95333c567d7337d29acf239b0ee77ce9058f669411dcba4ef95de6df55053fb28c83ccfbe28.m3u8					/md-204/dcc-file/45/4537efb21e44e0c28ccd05b722530329.jpg	2912	1	0
243	Hacked by Dimples#1337	/m3m/25989cab565e2f5bf45ffd0165f5de1452d029b9e98f42c3ab0689021edc0c4417b35d5060a174845e94219cf86d7d073d5bfad806847008ed2f21b9ac1b3249cba4ef95de6df55053fb28c83ccfbe28.m3u8					/md-204/dcc-file/dc/dcdd43ffd13cd3f786b598dfb7cc6155.jpg	1950	1	1
244	Hacked by Dimples#1337	/m3m/a374bf06ddb200947f3e27a3ea7525cc0767f1f02d50673a0fd288989fb588daa611371f705a998c4b896b970f1c0b291a293703d7cfc1a7dd055e2f4d82ad0dcba4ef95de6df55053fb28c83ccfbe28.m3u8					/md-204/dcc-file/f5/f5427581d5790ef21882046eae2a9f35-small.jpg	903	1	0
245	Hacked by Dimples#1337	/m3m/25989cab565e2f5bf45ffd0165f5de1448a837e7cd82acb458f12b9d283ca327921457435ba35a4301662c1575fc460c3eb6c9921ca8c583378c0c0c48057b42cba4ef95de6df55053fb28c83ccfbe28.m3u8					/md-204/dcc-file/71/71ebf7a407b4079a858b46359c57a7fc-small.jpg	1839	1	0
246	Hacked by Dimples#1337	/m3m/a374bf06ddb200947f3e27a3ea7525ccf20e299fbac3201bc3ce46cc62b2b4f093884c781b7f2f4c4ecbb91370440bb9d43c093e34dd5f49f35f178159b31e0acba4ef95de6df55053fb28c83ccfbe28.m3u8					/md-204/dcc-file/32/32864aec95fd4d8a67bfcf1bbfb552dc.jpg	1966	1	0
247	Hacked by Dimples#1337	/m3m/70d8b939ac2b6f81b4d154ddc070c46196d2a49be014e7f1e0bc01ceb04945da34409aca1aa088c6af45f79ffff19267ea6ea2aba80dbf0666122a923c44bd4dcba4ef95de6df55053fb28c83ccfbe28.m3u8					/md-204/dcc-file/e3/e343ccba6f6637276dc54b791684dd3d.jpg	1858	1	0
248	Hacked by Dimples#1337	/m3m/70d8b939ac2b6f81b4d154ddc070c4614136e83c139d73e23ff5381af9353eedd3593b847d9a634fed2d49dee198cca98d8dcd7d08b902c587d5fe5c8353408ecba4ef95de6df55053fb28c83ccfbe28.m3u8					/md-204/dcc-file/6d/6d6c147d025c1f6bfee3f53182a3aaf2.jpg	2953	1	0
249	Hacked by Dimples#1337	/m3m/25989cab565e2f5bf45ffd0165f5de1403cf75a1055295cfba15aa98954f79b13753ac306e514ee8a2eb4d5391601a86499b0b9eb01b6e8360ff32962b996c37cba4ef95de6df55053fb28c83ccfbe28.m3u8					/md-204/dcc-file/43/43b2ffbbfa1888cd331ba15151084adb.jpg	3116	1	1
250	Hacked by Dimples#1337	/m3m/70d8b939ac2b6f81b4d154ddc070c461a9a6c9d96bfd0132450d90d32464243055d29bc26c4f427b528a7695005dd290c6c09244f882bd37932c06571a965ac3cba4ef95de6df55053fb28c83ccfbe28.m3u8					/md-204/dcc-file/a2/a2d4aee153057967b553a5ec2e06de48.jpg	1670	1	7
251	Hacked by Dimples#1337	/m3m/25989cab565e2f5bf45ffd0165f5de14187da4211aad8a17463406bc4e8bdec2e01cdfbc0c832dad403f4502c18228232bf686014cabe8892140a54f939bc71fcba4ef95de6df55053fb28c83ccfbe28.m3u8					/md-204/dcc-file/d7/d7e0caed8c29500f8dafeec6715ba956.jpg	1839	1	0
252	Hacked by Dimples#1337	/m3m/25989cab565e2f5bf45ffd0165f5de1479f4e933d858bef5052387224789dd00c7c4573e1f7f7761c74008f19c52d4e15e57da83f68a00cf7a07bffd480dd648cba4ef95de6df55053fb28c83ccfbe28.m3u8					/md-204/dcc-file/bd/bd0d9fad49ff8fdea6d18266adcf7ddf.jpg	2025	1	0
253	Hacked by Dimples#1337	/m3m/70d8b939ac2b6f81b4d154ddc070c461787069e14b6ba4cb095536359d8d4f1826a477309bc54705c759ac27afe03d2268d80fc6fd4ac3310e7aac6f4ef011decba4ef95de6df55053fb28c83ccfbe28.m3u8					/md-204/dcc-file/36/361c6853a8c0190afaba218ae686372a.jpg	1917	1	0
254	Hacked by Dimples#1337	/m3m/a374bf06ddb200947f3e27a3ea7525cc6e3c83ed4560c1ba8395c43cb000499f6cfe6654771af2e92b2acc858a0b8141a25fe30a7ad7eeb445ad8efc7546eb9ccba4ef95de6df55053fb28c83ccfbe28.m3u8					/md-204/dcc-file/ce/cea0397359cefc3c1d58ba3ac22cae37.jpg	969	1	0
255	Hacked by Dimples#1337	/m3m/70d8b939ac2b6f81b4d154ddc070c46170e24458454880c6d45fd6ff57349136f0e4020661d6146e5108f9eaa51e00bbfa1dbcf105fba846d2f2d208ac1d9d9bcba4ef95de6df55053fb28c83ccfbe28.m3u8					/md-204/dcc-file/d8/d8fd98a294df14847cbe2d5034821b9e.jpg	1494	1	2
256	Hacked by Dimples#1337	/m3m/a374bf06ddb200947f3e27a3ea7525ccccd5e04d7dc8226487380d6b3bc2e6cfca3dd9e33153443326a70296970c2f83285ca2f28f8210e90ca4e52ef386504acba4ef95de6df55053fb28c83ccfbe28.m3u8					/md-204/dcc-file/dc/dcfacf044101cb2e9f6b5916f6bb302f.jpg	1803	1	0
257	Hacked by Dimples#1337	/m3m/25989cab565e2f5bf45ffd0165f5de149978af1f5ac38713147468a86b95ecebd9b096848059084fe23069873a95672943f8f385a7b97448d8c998bece03ea15cba4ef95de6df55053fb28c83ccfbe28.m3u8					/md-204/dcc-file/04/04b33628770e6d615b31d2ffba91289c.jpg	2389	1	0
258	Hacked by Dimples#1337	/m3m/a374bf06ddb200947f3e27a3ea7525ccb8fd2f94524ab5b2b51d3ee040bcfe0bf514f74e252c9fc35c26cc8572ec7580730c1bbe1ec086ea08f339da0d4160f7cba4ef95de6df55053fb28c83ccfbe28.m3u8					/md-204/dcc-file/1f/1f8b538f67816d18007e26d6aa8cbf13.jpg	2072	1	2
259	Hacked by Dimples#1337	/m3m/70d8b939ac2b6f81b4d154ddc070c4612b12feadaa23b97c3aaea9b5169c20a88e63d3221188d17483b137a0ec7eed39b8a1032b6cbaf1777240dfa408f6d488cba4ef95de6df55053fb28c83ccfbe28.m3u8					/md-204/dcc-file/77/7704d4f0f8a626999f4ac16796d70074.jpg	1980	1	0
260	Hacked by Dimples#1337	/m3m/a374bf06ddb200947f3e27a3ea7525cc5cf5688369a53d59162581c923110cd3a5b4c3d9a378a8c735679589b0e91063a05a456859cfc511ae5248283a7cf401cba4ef95de6df55053fb28c83ccfbe28.m3u8					/md-204/dcc-file/86/863c34c3ddcbb2506e83f3c75baaab78-small.jpg	4377	1	1
261	Hacked by Dimples#1337	/m3m/25989cab565e2f5bf45ffd0165f5de1434d8a2c04ceba0e2521bd0f60f4d5cccfc9114d81414c88ccc07a4862f3f5cf5fb94340ee6195411ead288b693ffbc05cba4ef95de6df55053fb28c83ccfbe28.m3u8					/md-204/dcc-file/80/804e1f46ad00ef17d124e49f805b3e84-small.jpg	1766	1	0
262	Hacked by Dimples#1337	/m3m/70d8b939ac2b6f81b4d154ddc070c461b783d1d6f8277dd72a0030f1b81ca79754c0ff489027e65bee811492806c769e663f1535375fe66b412dcb580d2b74c1cba4ef95de6df55053fb28c83ccfbe28.m3u8					/md-204/dcc-file/a4/a48d2b6f904811e59b211c47771e4641.jpg	1757	1	0
263	Hacked by Dimples#1337	/m3m/25989cab565e2f5bf45ffd0165f5de144a8a692a39c5c1658fb369e73e56e2b8fa968abb553be6b677d9dfc61a57fc14106380b3fdbf94ca584e79e000846dcdcba4ef95de6df55053fb28c83ccfbe28.m3u8					/md-204/dcc-file/39/39008a731a8d8d91841f0c528d5b23b5.jpg	1476	1	0
264	Hacked by Dimples#1337	/m3m/70d8b939ac2b6f81b4d154ddc070c461b34f4eff35d52a312e0079a8a432acbd67131689ba6bc5da91d2734a3c19f10e6567598b29ef44a0ef791b69e8bfb7a8cba4ef95de6df55053fb28c83ccfbe28.m3u8					/md-204/dcc-file/e3/e3e06b810a8fd6039e4709fbf75cc26b-small.jpg	1898	1	0
265	Hacked by Dimples#1337	/m3m/70d8b939ac2b6f81b4d154ddc070c461849a0e0804e0419d3e00a1b4df26c7bfa6e7d7f23f18114d2d19eb5ee27566a472a23a1d83d1549e88a1561ac0db6190cba4ef95de6df55053fb28c83ccfbe28.m3u8					/md-204/dcc-file/69/69c59430b83b5074207e2c5081b26b54.jpg	2156	1	0
266	Hacked by Dimples#1337	/m3m/70d8b939ac2b6f81b4d154ddc070c46119b85c0034b64e1f77164c53585fc91195d11ffce8d1e56a33239235753fd702ecbb8648cf720864ba72909f10fe3c05cba4ef95de6df55053fb28c83ccfbe28.m3u8					/md-204/dcc-file/1e/1e61061cf132fdf0fe952080fc19b8fd.jpg	1452	1	0
267	Hacked by Dimples#1337	/m3m/70d8b939ac2b6f81b4d154ddc070c46193b13b5b5d9e8a8e31c3f2a90948560d3a5e04a1082035315bf7b333d1446606cb7fb6559ba606016a516818a5ca9b62cba4ef95de6df55053fb28c83ccfbe28.m3u8					/md-204/dcc-file/31/3158964d0ba265e42f49803a541e7553-small.jpg	1220	1	0
268	Hacked by Dimples#1337	/m3m/25989cab565e2f5bf45ffd0165f5de14d6a13e57210feadfdf0387acee3937f3881aaea032eb98abd2f6e695422c9fe2ae92fd02a37ec64335c7ba7623e8036dcba4ef95de6df55053fb28c83ccfbe28.m3u8					/md-204/dcc-file/c4/c432f2284a49817b63b099dddee310f1-small.jpg	4535	1	0
269	Hacked by Dimples#1337	/m3m/70d8b939ac2b6f81b4d154ddc070c4614405c4e147bcc1c1cfcced933df00e8945cc8c492b27bcc51c10a10e7dceaacc1fcebbe05e788a449ef649b00d7a1448cba4ef95de6df55053fb28c83ccfbe28.m3u8					/md-204/dcc-file/27/270704006d2a85da89accaf29f1be59d.jpg	1620	1	1
270	Hacked by Dimples#1337	/m3m/70d8b939ac2b6f81b4d154ddc070c46155fec8f416da575f20badeee4c19dfcdff1d963d5c3f9bba0abb656df34db7e9aee12522b3a3d5342396f68015e2c82ecba4ef95de6df55053fb28c83ccfbe28.m3u8					/md-204/dcc-file/69/6993be210423b896f5d9fba6ba158aa8.jpg	1816	1	0
271	Hacked by Dimples#1337	/m3m/70d8b939ac2b6f81b4d154ddc070c4611cd1db3954344a65016e947afaf90ef65ade19c75647d862bcfdc6c13c9e1cf8c5447ced69690e7c39d1526faf5b76afcba4ef95de6df55053fb28c83ccfbe28.m3u8					/md-204/dcc-file/2a/2a116eb86762abb57fb540d28888705a.jpg	3150	1	0
272	Hacked by Dimples#1337	/m3m/a374bf06ddb200947f3e27a3ea7525cc187432d6621048d01c8e6c894392a958d2347dd28d3ad0b79dbfef66343157e6c3ac22ef701ad090fc9ae521c6542ea9cba4ef95de6df55053fb28c83ccfbe28.m3u8					/md-204/dcc-file/1c/1c1ca0644bc49c64e130fed40720ca97-small.jpg	1914	1	0
273	Hacked by Dimples#1337	/m3m/70d8b939ac2b6f81b4d154ddc070c4616a259ceaa79df7b12f1cde89235592062b26b7c0309c694957f870bb032813e83a4690127c9a1330786d4ace28e7967dcba4ef95de6df55053fb28c83ccfbe28.m3u8					/md-204/dcc-file/f3/f3c50578be3b7647dfea11d8a009bfdc-small.jpg	1467	1	0
274	Hacked by Dimples#1337	/m3m/a374bf06ddb200947f3e27a3ea7525cc0861b2e83850ad2f1a16a3fee5770f2c5039e2f998fc706010f1cd7a4f8eca68851e4f84328707265425e267f3a0ef19cba4ef95de6df55053fb28c83ccfbe28.m3u8					/md-204/dcc-file/6f/6f2ef11c375dc51ea35991bd62d872d5.jpg	1724	1	0
275	Hacked by Dimples#1337	/m3m/70d8b939ac2b6f81b4d154ddc070c461f0d9b8e463893013b07de58439841ed00d4c5c4e0e612a161021ee44eec7cc1f625d6a9b774230ca9d0295f0d522340bcba4ef95de6df55053fb28c83ccfbe28.m3u8					/md-204/dcc-file/4d/4dd9d8e541bc809fadda897444554083-small.jpg	1378	1	1
276	Hacked by Dimples#1337	/m3m/70d8b939ac2b6f81b4d154ddc070c46130efe8d4ad46cb20b5a2739df71b034f83264b858b6180e691e3d5e5c942b0f6accede79fb1fc85c831cbdf7c277b7f5cba4ef95de6df55053fb28c83ccfbe28.m3u8					/md-204/dcc-file/ac/ac6a99d2b7e8803dd602eb00c94236da-small.jpg	913	1	0
277	Hacked by Dimples#1337	/m3m/70d8b939ac2b6f81b4d154ddc070c46116d6ad7d079a2734cfe8c0d10a389f33d81db5ebb1231569d2c15ac6415682b76c0e6e3ea4ab51624b2ef2e36a57c735cba4ef95de6df55053fb28c83ccfbe28.m3u8					/md-204/dcc-file/d3/d308a467e934775b2230b72436b34ae0.jpg	3196	1	1
278	Hacked by Dimples#1337	/m3m/25989cab565e2f5bf45ffd0165f5de14087db7e9e52b38cc0d570fc8f36ca042e72fa6c9e73e8026d0f0cbc7166c4afa9d35289725daa0d57b54defff629bac6cba4ef95de6df55053fb28c83ccfbe28.m3u8					/md-204/dcc-file/7f/7f4aaf4db241af17b91b1ee8310d4361.jpg	1696	1	1
279	Hacked by Dimples#1337	/m3m/25989cab565e2f5bf45ffd0165f5de1412dee49c825712a959ccf9a43a3a3fa02e95e19e27af3610d4c0824ee4b36ea4ac46ea968caa2c3bccdc06834b54c1d3cba4ef95de6df55053fb28c83ccfbe28.m3u8					/md-204/dcc-file/9a/9a0fdd8f39982502ec25a7c504c9fca3.jpg	1519	1	0
280	Hacked by Dimples#1337	/m3m/a374bf06ddb200947f3e27a3ea7525cc601f71c39f87b229e03c785394ca9b89c6d4fda58073c93cd007dc9acfd1bb9971a3bf1a51191818f7ccb2e9315c819fcba4ef95de6df55053fb28c83ccfbe28.m3u8					/md-204/dcc-file/fe/fe88d3587021749b31df6406130bcd61.jpg	1909	1	0
281	Hacked by Dimples#1337	/m3m/25989cab565e2f5bf45ffd0165f5de14dc84bd197a0c8eea37d6b5539bf1042bebde9993c5d9d73ae6309eee76ec26f0ea9cb453986fd674797a2c4e72085827cba4ef95de6df55053fb28c83ccfbe28.m3u8					/md-204/dcc-file/cf/cf06a8bb3b94eed0b20cae7fdadcb50f.jpg	2062	1	1
282	Hacked by Dimples#1337	/m3m/70d8b939ac2b6f81b4d154ddc070c461ebe48f2f5477f6266fe1104265f0a2c0e777a7531e9ff9aaaa3c4694d92a54006d077a5729778ea39ccb5b3ae6dd0d07cba4ef95de6df55053fb28c83ccfbe28.m3u8					/md-204/dcc-file/d3/d3b07db9027b94de13e615b35e118ed3-small.jpg	1575	1	0
283	Hacked by Dimples#1337	/m3m/a374bf06ddb200947f3e27a3ea7525cc7b535cdd7c45c9072c819874d1ad81863dc017f9f992488941d9a509afe8a227dd8690f4f1587e087045806e2c9c45c3cba4ef95de6df55053fb28c83ccfbe28.m3u8					/md-204/dcc-file/d0/d0bd8ea7ad5ce15960ac36e1434f94fa.jpg	1790	1	0
284	Hacked by Dimples#1337	/m3m/a374bf06ddb200947f3e27a3ea7525cc8e359c46f35becf1c90a2f66b074b6f88cfbc2391300a9e97935ad0b9250c77124f3599f6c536c0c86df8230dea43d2dcba4ef95de6df55053fb28c83ccfbe28.m3u8					/md-204/dcc-file/e7/e705471a82be21ef9eea38affc95cb75.jpg	1884	1	0
285	Hacked by Dimples#1337	/m3m/a374bf06ddb200947f3e27a3ea7525cc4dc62a541b82d4e1b4e3f1550eeb11307a906054335371f47d46440abec180adf1cf3c637a94fd033e47c30e5315ecc7cba4ef95de6df55053fb28c83ccfbe28.m3u8					/md-204/dcc-file/88/8804190057c5603d68877c58eb189fc7-small.jpg	2009	1	0
286	Hacked by Dimples#1337	/m3m/70d8b939ac2b6f81b4d154ddc070c4619f42359e0e33263e96101cb861917aef44486db25e420d40d3738fd256f5540ced5ac530236c2dce2468980b8973bd2ecba4ef95de6df55053fb28c83ccfbe28.m3u8					/md-204/dcc-file/71/714300fc4b4f4e3850ea89fbcef29535.jpg	2142	1	0
287	Hacked by Dimples#1337	/m3m/25989cab565e2f5bf45ffd0165f5de14602b0995ef0c885b8035b7c581364e380d9654457371153fd39f7a55f8027d0c1cd25facf1c363da2d3a3658d2f68126cba4ef95de6df55053fb28c83ccfbe28.m3u8					/md-204/dcc-file/52/52803b53c5d1eba612c2afa3c099c552.jpg	1536	1	0
288	Hacked by Dimples#1337	/m3m/25989cab565e2f5bf45ffd0165f5de14b81e52285628cdef78534c9496663dce6a1195bfdcc70eb004eb2de8de2c20a587296067c49b67885db76ef03aeedfe8cba4ef95de6df55053fb28c83ccfbe28.m3u8					/md-204/dcc-file/ab/ab33fa3684cf30829b2fcce2a91d9e3f.jpg	2120	1	1
289	Hacked by Dimples#1337	/m3m/70d8b939ac2b6f81b4d154ddc070c4617648bed52f01e9afb79c11b39be93ab2ae579b7e5d7eaf58aa79ec5440250571ed8a7c7fae8039f71bb66c5cf7462e96cba4ef95de6df55053fb28c83ccfbe28.m3u8					/md-204/dcc-file/6c/6caa83e7f3f43ca50e58d63cd204dae8.jpg	1300	1	2
290	Hacked by Dimples#1337	/m3m/70d8b939ac2b6f81b4d154ddc070c4619a519dfdb6be3daa1d1739f5d283d5ce7d94a8057143436fb7a3cc3f76929ae55cd7d47b9580f8480789627d469a5163cba4ef95de6df55053fb28c83ccfbe28.m3u8					/md-204/dcc-file/ac/aca59e7f0f159a23d43826ebf44554ce.jpg	1899	1	2
291	Hacked by Dimples#1337	/m3m/70d8b939ac2b6f81b4d154ddc070c461ebcfa65659bd5820ef5ec242191759b494ca25616318ad1d7950679d4a16968d9ef08cc14542db9694816d280f7bdf3acba4ef95de6df55053fb28c83ccfbe28.m3u8					/md-204/dcc-file/23/23942733737634cf78876f675a13d79b.jpg	1301	1	0
292	Hacked by Dimples#1337	/m3m/25989cab565e2f5bf45ffd0165f5de14a8ea9a5e39415850cd4e6245fb947add769b058411e84cbc3701e53c45040b30e052676686ddf04660fce942769ac0b9cba4ef95de6df55053fb28c83ccfbe28.m3u8					/md-204/dcc-file/57/5760e0c2b83ab027174768ca6e846e21.jpg	2788	1	0
293	Hacked by Dimples#1337	/watch5/db40610d4af7ff90ba275faaa08f9f41/db40610d4af7ff90ba275faaa08f9f41.m3u8					/new/upload/20220304/2022030422325960447.png	705	1	0
294	Hacked by Dimples#1337	/watch5/236f6b08b4b8e4d9f49b2161135908b9/236f6b08b4b8e4d9f49b2161135908b9.m3u8					/new/upload/20220307/2022030712490754124.jpeg	1183	1	0
295	Hacked by Dimples#1337	/watch5/3b50477bb6b6158356ac403a39666a4c/3b50477bb6b6158356ac403a39666a4c.m3u8					/new/upload/20220305/2022030518374610481.png	683	1	1
296	Hacked by Dimples#1337	/watch5/76ae389035068d3f91aa1e186e0faf73/76ae389035068d3f91aa1e186e0faf73.m3u8					/new/xiao/20210819/2021081901422219910.jpeg	1301	1	0
297	Hacked by Dimples#1337	/watch5/d23decbb636aaf6de0a918ecc0bd68d7/d23decbb636aaf6de0a918ecc0bd68d7.m3u8					/new/upload/20220307/2022030712420170108.jpeg	1194	1	1
298	Hacked by Dimples#1337	/watch5/9a54b2029b3e83687bb09f947c419655/9a54b2029b3e83687bb09f947c419655.m3u8					/new/upload/20220304/2022030422305258609.png	677	1	0
299	Hacked by Dimples#1337	/watch5/105acc3527ff8de210bccd2ea5c453ab/105acc3527ff8de210bccd2ea5c453ab.m3u8					/new/upload/20220304/2022030422422759394.png	735	1	0
300	Hacked by Dimples#1337	/watch5/68b741736c2d046b339e9e859cc01e5b/68b741736c2d046b339e9e859cc01e5b.m3u8					/new/upload/20220305/2022030518365441113.png	683	1	0
301	Hacked by Dimples#1337	/watch5/8f93b6c8f9e1183ec285ed860cb627d0/8f93b6c8f9e1183ec285ed860cb627d0.m3u8					/new/upload/20220307/2022030712534691093.png	683	1	0
302	Hacked by Dimples#1337	/watch5/e5b9ebb8c1747101bd4e4fb832266adc/e5b9ebb8c1747101bd4e4fb832266adc.m3u8					/new/upload/20220304/2022030422404177389.png	696	1	0
303	Hacked by Dimples#1337	/watch5/8bdf2d35c557f49f65825a646f0be123/8bdf2d35c557f49f65825a646f0be123.m3u8					/new/upload/20220304/2022030422440031210.png	739	1	0
304	Hacked by Dimples#1337	/watch5/c9f517f2261813694df089793758ac55/c9f517f2261813694df089793758ac55.m3u8					/new/upload/20220304/2022030412340082694.png	716	1	0
305	Hacked by Dimples#1337	/videos5/b8de8d9ca86f830e64b2cf12437ce477/b8de8d9ca86f830e64b2cf12437ce477.m3u8					/upload_01/xiao/20260708/2026070817554788963.jpg	2731	1	0
306	Hacked by Dimples#1337	/videos5/cb0e7e63b52463daf65a0b6cfe8ae3eb/cb0e7e63b52463daf65a0b6cfe8ae3eb.m3u8					/upload_01/xiao/20260708/2026070817554789831.jpg	726	1	0
307	Hacked by Dimples#1337	/videos5/778a19291a551306e342b1af65ef72d3/778a19291a551306e342b1af65ef72d3.m3u8					/upload_01/xiao/20260708/2026070817323995836.jpg	1514	1	3
308	Hacked by Dimples#1337	/videos5/e15d099ee6aeada4f409f0c1c7a614e9/e15d099ee6aeada4f409f0c1c7a614e9.m3u8					/upload_01/xiao/20260708/2026070818033810116.jpg	2378	1	0
309	Hacked by Dimples#1337	/videos5/9175c310567eaf5488467ae253f6a773/9175c310567eaf5488467ae253f6a773.m3u8					/upload_01/xiao/20260708/2026070817333490179.jpg	690	1	0
310	Hacked by Dimples#1337	/videos5/2c016e60d975fc1422ead5a7cd37343e/2c016e60d975fc1422ead5a7cd37343e.m3u8					/upload_01/xiao/20260708/2026070818053631700.jpg	1162	1	0
311	Hacked by Dimples#1337	/videos5/26eae2da5b7d245c428b35388deb1bcd/26eae2da5b7d245c428b35388deb1bcd.m3u8					/upload_01/xiao/20260708/2026070817554721639.jpg	2290	1	1
312	Hacked by Dimples#1337	/videos5/df04fc4a924f86d0e43638edb75e8f03/df04fc4a924f86d0e43638edb75e8f03.m3u8					/upload_01/xiao/20260708/2026070817323946600.jpg	1683	1	1
313	Hacked by Dimples#1337	/videos5/7d7d502b4d1d44683dd1c5e516f900c0/7d7d502b4d1d44683dd1c5e516f900c0.m3u8					/upload_01/xiao/20260708/2026070817554749554.jpg	1234	1	1
314	Hacked by Dimples#1337	/videos5/564664829df8ba1895a3366fff2cdc61/564664829df8ba1895a3366fff2cdc61.m3u8					/upload_01/xiao/20260708/2026070817323957899.jpg	2905	1	1
315	Hacked by Dimples#1337	/videos5/cb84e51c8180cddfdb2f394b2d6ce56d/cb84e51c8180cddfdb2f394b2d6ce56d.m3u8					/upload_01/xiao/20260708/2026070817554798069.jpg	7871	1	2
316	Hacked by Dimples#1337	/videos5/ae5adc4db12bd210f965b97f87312fe2/ae5adc4db12bd210f965b97f87312fe2.m3u8					/upload_01/xiao/20260708/2026070817323975161.jpg	6838	1	0
317	Hacked by Dimples#1337	/videos5/2cb10d2d3ddbb72448ef45682c200dda/2cb10d2d3ddbb72448ef45682c200dda.m3u8					/upload_01/xiao/20260708/2026070817323917482.jpg	1312	1	0
318	Hacked by Dimples#1337	/videos5/67d136fe4350178f183c2c1b1b3b42da/67d136fe4350178f183c2c1b1b3b42da.m3u8					/upload_01/xiao/20260708/2026070817323993792.jpg	3134	1	0
319	Hacked by Dimples#1337	/videos5/fea87c7b65c713b6b46f4cb4025893ab/fea87c7b65c713b6b46f4cb4025893ab.m3u8					/upload_01/xiao/20260708/2026070817554730403.jpg	2341	1	0
320	Hacked by Dimples#1337	/videos5/bf334ba3eaaf70c7197e94a2a7029007/bf334ba3eaaf70c7197e94a2a7029007.m3u8					/upload_01/xiao/20260708/2026070817323944421.jpg	1799	1	0
321	Hacked by Dimples#1337	/videos5/1c9774a8fa8a1a62cd13df60c89be113/1c9774a8fa8a1a62cd13df60c89be113.m3u8					/upload_01/xiao/20260708/2026070817323930866.jpg	1769	1	2
322	Hacked by Dimples#1337	/videos5/752deb1dc75fac2cea253735545a3d31/752deb1dc75fac2cea253735545a3d31.m3u8					/upload_01/xiao/20260708/2026070817323950503.jpg	2468	1	2
323	Hacked by Dimples#1337	/videos5/07678b168456db8be0149e76dc8f4780/07678b168456db8be0149e76dc8f4780.m3u8					/upload_01/xiao/20260708/2026070817323990570.jpg	2224	1	0
324	Hacked by Dimples#1337	/videos5/8cfb9a9093b66cee967055e22a9cfed9/8cfb9a9093b66cee967055e22a9cfed9.m3u8					/upload_01/xiao/20260708/2026070817323925913.jpg	1278	1	1
325	Hacked by Dimples#1337	/videos5/6e618aab1c30f53a34806b8eced42c4e/6e618aab1c30f53a34806b8eced42c4e.m3u8					/upload_01/xiao/20260708/2026070817323924031.jpg	1977	1	1
326	Hacked by Dimples#1337	/m3m/25989cab565e2f5bf45ffd0165f5de14ef4bfba80ccf6e50f2a8bb9919c0c0e54eb7285ffb1316251a0946bfe51b4240d6042c8a744b6f9889be44a8536f37b0cba4ef95de6df55053fb28c83ccfbe28.m3u8					/hc194/dcc-file/f2/f2c2702c7564c50bea84bfbc119a05ca.jpg	660	1	0
327	Hacked by Dimples#1337	/m3m/25989cab565e2f5bf45ffd0165f5de14139385f476dffc6fa37673f8e3a1337caf8393b32d1517b7cfcb36b733d18ef48f1844e3eec5d69e373533883be41561cba4ef95de6df55053fb28c83ccfbe28.m3u8					/hc194/dcc-file/66/66b4b76d12b15d2821ee28f2dba3e0c7.jpg	930	1	0
328	Hacked by Dimples#1337	/videos5/9166e72c87a57d8cb90926c541ae9121/9166e72c87a57d8cb90926c541ae9121.m3u8					/upload_01/xiao/20260708/2026070817323923574.jpg	2465	1	0
329	Hacked by Dimples#1337	/m3m/25989cab565e2f5bf45ffd0165f5de14c5dde78f963a817600b1813b01b9e54191eec0f54a7ffe478b7092aea30d99de075d59e431c49e44bb296ef2d5196f45cba4ef95de6df55053fb28c83ccfbe28.m3u8					/hc194/dcc-file/ac/ac2e43ed6addefe719488b963ddf0059.jpg	676	1	0
330	Hacked by Dimples#1337	/videos5/c66a1a938e18b79bf4f48f74809eb01b/c66a1a938e18b79bf4f48f74809eb01b.m3u8					/upload_01/xiao/20260708/2026070817323998653.jpg	3319	1	45
331	Hacked by Dimples#1337	/m3m/25989cab565e2f5bf45ffd0165f5de144fa26de9e0e508b763fea049bfed6245b88307d623a3b8ded23ad1c099007a84e47eef299f84f06044f3cf6f601b5ac1cba4ef95de6df55053fb28c83ccfbe28.m3u8					/hc194/dcc-file/7f/7fc89f514e9bbfcd99677fedba71d8ca.jpg	490	1	0
332	Hacked by Dimples#1337	/m3m/25989cab565e2f5bf45ffd0165f5de14ba12cd0276dc379caa01e59347ff72ca56101cdcf25e6507812997add8d77c10a15d271561495dc87531e8518b21bf9fcba4ef95de6df55053fb28c83ccfbe28.m3u8					/hc194/dcc-file/a3/a3b13283b6b4d759557c8c4c0a8a23e6.jpg	600	1	0
333	Hacked by Dimples#1337	/m3m/25989cab565e2f5bf45ffd0165f5de14bb9fe8e5fdf135b6cca6eeee64eb8bc00a971553e21bfe71834a40ebf4147cbc5066763d2365eef2e3b78df245d221d1cba4ef95de6df55053fb28c83ccfbe28.m3u8					/hc194/dcc-file/8f/8f2889d20f3f00740b524896ddc7ff7a.jpg	919	1	0
334	Hacked by Dimples#1337	/m3m/25989cab565e2f5bf45ffd0165f5de14aa7c0778f54c7a3659adca139c841d5567fd265bdcdf704da30c7b2be88b885634562aae95024e8b61698bb7534d9192cba4ef95de6df55053fb28c83ccfbe28.m3u8					/hc194/dcc-file/06/0695242a29a19611e1f8547c0ab1e8c9.jpg	960	1	1
335	Hacked by Dimples#1337	/m3m/25989cab565e2f5bf45ffd0165f5de14f236fb679a0af6ef3cf233f36b457766c4d487abb75e99c2339997229cfae69c461e839b8356120c15b78ed4129502fdcba4ef95de6df55053fb28c83ccfbe28.m3u8					/hc194/dcc-file/f8/f8fe763d1bd1b894ea0213db3dd662f2.jpg	188	1	4
336	Hacked by Dimples#1337	/m3m/25989cab565e2f5bf45ffd0165f5de14c72da011a54879570c50705e90ba09363d232d47c3f775fbbb71d392232d2a457b75b166b873010aeba6f41500cf14e6cba4ef95de6df55053fb28c83ccfbe28.m3u8					/hc194/dcc-file/0d/0d83c7aa51ed71cd92e1f87eedd4b871.jpg	323	1	2
337	Hacked by Dimples#1337	/m3m/25989cab565e2f5bf45ffd0165f5de14d56b010631164365191642ea043eb3240187095c3e625db09654d2121f408df58dd39e32d28754b49b608789f99c59a9cba4ef95de6df55053fb28c83ccfbe28.m3u8					/hc194/dcc-file/e7/e74e35b02311f1740ec3dafb11c982a0.jpg	247	1	1
338	Hacked by Dimples#1337	/m3m/25989cab565e2f5bf45ffd0165f5de147d1a45d55a154fff9e7f459f78aad7c87b97cf03dbb5db66ecd4f6cb34bbfead72102c307fb0ceb5d7ccb031d0292012cba4ef95de6df55053fb28c83ccfbe28.m3u8					/hc194/dcc-file/5c/5c3ebe1b3a5083e34abf7e6ca3fbb95a.jpg	186	1	0
339	Hacked by Dimples#1337	/m3m/25989cab565e2f5bf45ffd0165f5de149c4492ddc35ba446b85e99c33126f359909ba57aa960c89d13aeabce09a4f2491a287d86cd4418dd3916d0e5b8616f74cba4ef95de6df55053fb28c83ccfbe28.m3u8					/hc194/dcc-file/63/63a892844feb88f14f32705fd61c95f1.jpg	168	1	1
340	Hacked by Dimples#1337	/m3m/25989cab565e2f5bf45ffd0165f5de1437cd92aca679d529cb09085dc9ff88c491292086154be18fcf4cbb5970f0b5e568324a773dcb9fa1181e600abe049b39cba4ef95de6df55053fb28c83ccfbe28.m3u8					/hc194/dcc-file/a9/a959439b11c2f4769e640fb44ee6e2cd.jpg	114	1	0
341	Hacked by Dimples#1337	/m3m/25989cab565e2f5bf45ffd0165f5de1493445c2ff0804235ff65abf1e03f50007377c01f81a6f3213395ecbc1c6d9d868a75d9a8af452b1e4144738365342b57cba4ef95de6df55053fb28c83ccfbe28.m3u8					/hc194/dcc-file/db/dbab4f956909a90993305e06c836023d.jpg	154	1	4
342	Hacked by Dimples#1337	/m3m/25989cab565e2f5bf45ffd0165f5de14da7209246230d6ac6c593b7e540f458b4cab43d4b865d7c1cd3a65e30b27f538dfdeb355c0daa7b8698abc4534441b31cba4ef95de6df55053fb28c83ccfbe28.m3u8					/hc194/dcc-file/70/7053d78ea0f91fd8bbd121eb7ea7cf78.jpg	820	1	2
343	Hacked by Dimples#1337	/m3m/25989cab565e2f5bf45ffd0165f5de14b355ead29a452b6a7b14203504335563aca50e14e266be6fadc4a2c70ea8e6fb5d35d17d873cd6199f1547b7a464c33fcba4ef95de6df55053fb28c83ccfbe28.m3u8					/hc194/dcc-file/78/78f52acd54f8a59f996af0e418d70c05.jpg	128	1	2
344	Hacked by Dimples#1337	/m3m/25989cab565e2f5bf45ffd0165f5de1485982f9a462dd3be6847d0aa251214897ec64b9d25a276ff7a3c70076c7d9299eee8bd83eee63d53dcf26d328f4bcab5cba4ef95de6df55053fb28c83ccfbe28.m3u8					/hc194/dcc-file/c1/c174a92fee8caa10e82d5c7032cd1a21-small.jpg	124	1	7
345	Hacked by Dimples#1337	/m3m/25989cab565e2f5bf45ffd0165f5de146ce5636f6d35bade9cf66dc872a69414470ad1f2d78231d70269c06f3eee7b48f1a851822b6584db38f76c2245d50ccfcba4ef95de6df55053fb28c83ccfbe28.m3u8					/hc194/dcc-file/53/53adc3e76216dc4563d2e0c35f32c2d2.jpg	241	1	6
346	Hacked by Dimples#1337	/m3m/25989cab565e2f5bf45ffd0165f5de14940b2379fe378feed38644fa7c421611e366a51d69a232182034e435674f7da1585a8b4475a4f43bb43cee5091fde915cba4ef95de6df55053fb28c83ccfbe28.m3u8					/hc194/dcc-file/97/97dfbfa57d34077303c50391ca32a5fe.jpg	536	1	0
347	Hacked by Dimples#1337	/m3m/25989cab565e2f5bf45ffd0165f5de1452a5185c721d1f4f4d402b0981f3bc5663523b8d288c89da4f96fb31ceb31474b7f2d136d745e93eccff5024b438b9d7cba4ef95de6df55053fb28c83ccfbe28.m3u8					/hc194/dcc-file/9c/9c2cb22381590d7a20a1dc3d69fedcca.jpg	221	1	4
348	Hacked by Dimples#1337	/m3m/25989cab565e2f5bf45ffd0165f5de1427545e3be76f722119e5e430cf4b4267eafda2c02acedf8415255ac6191fc694ee271da19485423944e8d1637ad4bb64cba4ef95de6df55053fb28c83ccfbe28.m3u8					/hc194/dcc-file/91/919154eec9680a8beb1008bd288fd0d4.jpg	89	1	12
349	Hacked by Dimples#1337	/m3m/25989cab565e2f5bf45ffd0165f5de14ee7ee527663c4cdbf9c062d6a93009a593d86280a75f48ec506905716a18f012e26ba85801e41e6ae6009204f19fb4b0cba4ef95de6df55053fb28c83ccfbe28.m3u8					/hc194/dcc-file/6c/6cf6cfa5fb51e0c0d5331298411c37d0.jpg	247	1	5
350	Hacked by Dimples#1337	/m3m/25989cab565e2f5bf45ffd0165f5de14678826ba8429a53775ac068ab8dae9565f46c5323aed8d7506191ba44db9a2c6cfce9a178c3910fd0295ae7b0c426c4acba4ef95de6df55053fb28c83ccfbe28.m3u8					/hc194/dcc-file/12/125f66b82bca3fd7215cfdad4cf3c675.jpg	59	1	1
351	Hacked by Dimples#1337	/m3m/25989cab565e2f5bf45ffd0165f5de14cfa46fbd2477e5c21938e6172f88654009347f8ee33ece53a4803e94324b5c13adaa0e2b92aee256a15068706b49594dcba4ef95de6df55053fb28c83ccfbe28.m3u8					/hc194/dcc-file/b5/b56577c6b802ca4ed138644bc526be61.jpg	160	1	0
352	Hacked by Dimples#1337	/m3m/25989cab565e2f5bf45ffd0165f5de145aa991d9df072aa033eb2755362ee7b676953c7d23c55f8df5a279b2d643824b60e456ee0fc8fad1d0135cb5a8ea981fcba4ef95de6df55053fb28c83ccfbe28.m3u8					/hc194/dcc-file/5b/5bde764be2f7bb3a20cdb349c3e290ac.jpg	146	1	1
353	Hacked by Dimples#1337	/m3m/25989cab565e2f5bf45ffd0165f5de14b4fba725aabfa988c7bee8028f4cb742257dc21ff746d1a948d3a4a872cd6407074d4975c2c5684cb866dee7537f4feacba4ef95de6df55053fb28c83ccfbe28.m3u8					/hc194/dcc-file/dd/dda2d2956ba0c39da5df8e897803ba3c.jpg	299	1	5
354	Hacked by Dimples#1337	/m3m/25989cab565e2f5bf45ffd0165f5de14475f456507b69d4a9c6880ed3db2c7932e46745ad8d46086c82251d888b4543fcf22cc2212d0979782be4e95635f55f8cba4ef95de6df55053fb28c83ccfbe28.m3u8					/hc194/dcc-file/04/04ddb17648d6134d595abd652203eeba-small.jpg	292	1	119
355	Hacked by Dimples#1337	/m3m/25989cab565e2f5bf45ffd0165f5de142af7bccffa8b58a7b51d0a7166f10ad15bccd1ea0f981cb5ac9984b039ee9ea851830bbb65b5a031a4c63cd2044ff072cba4ef95de6df55053fb28c83ccfbe28.m3u8					/hc194/dcc-file/17/17e00c22473641ed0c420e0df02123c7.jpg	273	1	1
356	Hacked by Dimples#1337	/m3m/25989cab565e2f5bf45ffd0165f5de14a0238774d3c937d2cff7fe1243c8556e1a3aa42d2e902a06d190b77b83e0c107762f64c9a9a2cf6e471f19e2117885cfcba4ef95de6df55053fb28c83ccfbe28.m3u8					/hc194/dcc-file/1b/1b57bbe18570cc422389169799a9f7ae.jpg	140	1	0
357	Hacked by Dimples#1337	/m3m/25989cab565e2f5bf45ffd0165f5de14da4fc9b0e53d5b14e778b76441830d00226de9d6d2ee9197f29f69b5ae14df243b9ca9b63f351eb8926a5a8ddef7afe1cba4ef95de6df55053fb28c83ccfbe28.m3u8					/hc194/dcc-file/40/40ac34095353e90f3403597803a3056c.jpg	112	1	0
358	Hacked by Dimples#1337	/m3m/25989cab565e2f5bf45ffd0165f5de149a897665fe852c6e4fbdfdf5173ac441236f4b3b3e5a42f813d5091dab48fe1258753d9302126b4ad37f40c3476f115ccba4ef95de6df55053fb28c83ccfbe28.m3u8					/hc194/dcc-file/78/784e851cbcf3a52c12e3001f022facf5.jpg	657	1	1
359	Hacked by Dimples#1337	/m3m/25989cab565e2f5bf45ffd0165f5de143c109b7d6b5eec16b12553f3e30449facaa3178da06f21a146dad25a2fd6ce30d5748b5b3cf071a68ced7e9323758c21cba4ef95de6df55053fb28c83ccfbe28.m3u8					/hc194/dcc-file/cf/cf0e1de0ea4daddc133599bfce3229ce.jpg	242	1	2
360	Hacked by Dimples#1337	/m3m/25989cab565e2f5bf45ffd0165f5de140335146b6c598b366a3ea00cee06ea6f614efebcd560a1b965fbfbf12aa29b9830168784d6fbbd06fb6d8f4556d25ebacba4ef95de6df55053fb28c83ccfbe28.m3u8					/hc194/dcc-file/01/01ff954d0ca1933fae2d94021f8dc474.jpg	250	1	2
361	Hacked by Dimples#1337	/m3m/25989cab565e2f5bf45ffd0165f5de146d99629870dfe5f989b609022c0830ff8f7f9b5bb1ca115c3ba251637262b58efdaaad9c217ce82ef9df906513b09f08cba4ef95de6df55053fb28c83ccfbe28.m3u8					/hc194/dcc-file/42/4276ba89103c6f33add10feacb737f33-small.jpg	144	1	1
362	Hacked by Dimples#1337	/m3m/25989cab565e2f5bf45ffd0165f5de14c489d7e390eb0e61ce5fd7cb429a49ba4022913ba0654437fa491f6b6a880948650d975daf298798e5c5556dbccf9807cba4ef95de6df55053fb28c83ccfbe28.m3u8					/hc194/dcc-file/e8/e86117f150710a8365201b11f2c1e9e2.jpg	261	1	2
363	Hacked by Dimples#1337	/m3m/25989cab565e2f5bf45ffd0165f5de1407e09706763602a4970f6088a392d19118a42f1ac0578700449ef39ba220c8dca5733c718e69f200eb5e8d02c8b83f66cba4ef95de6df55053fb28c83ccfbe28.m3u8					/hc194/dcc-file/95/9571b7c965d2d374679d77fc6c3624d9-small.jpg	264	1	0
364	Hacked by Dimples#1337	/m3m/25989cab565e2f5bf45ffd0165f5de142ad288def134236f84d6a03a9153aad08326e2a53d2f80d895da0d707950cb0b604538280d85adee156e5f84d837ef23cba4ef95de6df55053fb28c83ccfbe28.m3u8					/hc194/dcc-file/fc/fcb0f1fc40b6053247694fd514fed313-small.jpg	118	1	1
365	Hacked by Dimples#1337	/m3m/25989cab565e2f5bf45ffd0165f5de142f84a8e3a91bcf9947256b96b04f48baddd8d866943ee6eceb98dd65888ee0e0caa83973b7711c54cf960bf5ce5c66fecba4ef95de6df55053fb28c83ccfbe28.m3u8					/hc194/dcc-file/09/09573d7eda852bc9974e33b5c6edd887.jpg	143	1	0
366	Hacked by Dimples#1337	/m3m/25989cab565e2f5bf45ffd0165f5de14c9a5c86c70fe77cb6fa92af76b90fac3380378ff27f3caba5e1c3571b2292a7a4145e2c3c7d449e0e6ab04708a7dfc44cba4ef95de6df55053fb28c83ccfbe28.m3u8					/hc194/dcc-file/f4/f4e3f05fffa12ad7b9d9845772252b15.jpg	210	1	0
367	Hacked by Dimples#1337	/m3m/25989cab565e2f5bf45ffd0165f5de1477f681a5e23af1b83ec63d1fb9d303e66d8628c02a414b2da5ef8793dd394cbc670b309ca06766a5c05e8e3038d4b9aecba4ef95de6df55053fb28c83ccfbe28.m3u8					/hc194/dcc-file/e2/e252782d5724308447fa59219362ecc1.jpg	119	1	8
368	Hacked by Dimples#1337	/m3m/25989cab565e2f5bf45ffd0165f5de14ee3d60ddb1ba17e7eefef1ce238f50be4efdd4c3a95db682f1391f370a8d55e681df701beab64d53d201bc9ae4bec816cba4ef95de6df55053fb28c83ccfbe28.m3u8					/hc194/dcc-file/67/67648864ad764c33b5478ad12ee3078e-small.jpg	83	1	1
369	Hacked by Dimples#1337	/m3m/25989cab565e2f5bf45ffd0165f5de14864c44d08502f7b6913f86389c7896c396228820295996bcc70481b348469fa0fa6930dd329959a422a05e072b13a0e4cba4ef95de6df55053fb28c83ccfbe28.m3u8					/hc194/dcc-file/32/32df8430e795092e219b0318487c41bb.jpg	159	1	8
370	Hacked by Dimples#1337	/m3m/25989cab565e2f5bf45ffd0165f5de14dd4a0602030b2912803b584fefac57db21fcbd9dd2637a62343deed7b357ce3e0149c080ee630d61fa0542d0a8b7e76acba4ef95de6df55053fb28c83ccfbe28.m3u8					/hc194/dcc-file/d6/d618536a32669c0dbf5f875a7b0bcde2.jpg	340	1	1
371	Hacked by Dimples#1337	/m3m/25989cab565e2f5bf45ffd0165f5de148c57d4d9da4e25207c4620126df3dc3d57aff48f2736d0f17dbe575e6f6baf3f8c9149e9744ee84dec5900c07081069dcba4ef95de6df55053fb28c83ccfbe28.m3u8					/hc194/dcc-file/81/81849344e4b2fb469e04adc86efa16dc.jpg	3862	1	0
372	Hacked by Dimples#1337	/m3m/25989cab565e2f5bf45ffd0165f5de142f30c77e8695b6f49b390f4536799e95db4aae9009019e28c57746849695cd652eee73d77631696bc52680fcef2d0303cba4ef95de6df55053fb28c83ccfbe28.m3u8					/hc194/dcc-file/55/55264b57c98d18ab9f80d1696e42145c-small.jpg	274	1	1
373	Hacked by Dimples#1337	/m3m/25989cab565e2f5bf45ffd0165f5de141da17ef26e80caaf576c8d0146b892160d0a3b7bf972f272598757f99a86481c8598b4b70188dd2aa0f8fef412c46c5ecba4ef95de6df55053fb28c83ccfbe28.m3u8					/hc194/dcc-file/03/032f6d01891b86c70d14c5ed752639e7.jpg	67	1	1
374	Hacked by Dimples#1337	/m3m/25989cab565e2f5bf45ffd0165f5de148b2bc05a6e9dcb8f6ce0c273f899dbc85eab73c7c0cb6ee2dc2e13c90e806cc3107ea6af913b1ba7266d7e594fd15074cba4ef95de6df55053fb28c83ccfbe28.m3u8					/hc194/dcc-file/47/47ff56d15046b3a85f3e98dee1c51f62.jpg	76	1	1
375	Hacked by Dimples#1337	/m3m/25989cab565e2f5bf45ffd0165f5de148ee73146541386d9a6f68250c9cc8e9f12fd6bbd26e0d8efa72bc6935b37db925ba9fa07fd75a7e7edea79db6dd4369dcba4ef95de6df55053fb28c83ccfbe28.m3u8					/hc194/dcc-file/65/655393aff488257411a176283cdf0ff6.jpg	184	1	0
376	Hacked by Dimples#1337	/m3m/25989cab565e2f5bf45ffd0165f5de1471c466236fcba4d6d9f9c8273eee7e5a4e92c52817626be5bd9978bf44eade68ac2589fd7fc9b447c4498d53ceee595acba4ef95de6df55053fb28c83ccfbe28.m3u8					/hc194/dcc-file/12/12b2fc97f43ad1ec87d1b23cd2901c04.jpg	131	1	3
377	Hacked by Dimples#1337	/m3m/25989cab565e2f5bf45ffd0165f5de1407acf72c413b245410fd0963c7f902090c32fb0457f6a580b892f61d320554f37c5d466e8d8d453b5f4f8fae01d288f0cba4ef95de6df55053fb28c83ccfbe28.m3u8					/hc194/dcc-file/87/87fb2f135fdcd17892dfc270a38bb34d-small.jpg	146	1	0
378	Hacked by Dimples#1337	/m3m/25989cab565e2f5bf45ffd0165f5de14b801ceef050b565197e788c95b0f0c71514161421598458b733f1acb28f5e1f538acdf37013d7a31908bb0a8d7d27252cba4ef95de6df55053fb28c83ccfbe28.m3u8					/hc194/dcc-file/11/113e713da9890d0abd18038d23910270.jpg	167	1	10
379	Hacked by Dimples#1337	/m3m/25989cab565e2f5bf45ffd0165f5de1429724afc6a9b6f8f5f8b28766a749241998d919ed28813f0efd56fe49df0f505ce77fb3c50eaf5960f724e4b9ab932eccba4ef95de6df55053fb28c83ccfbe28.m3u8					/hc194/dcc-file/e9/e9925c8a37e9fbd81e85e774db7e5288.jpg	73	1	13
380	Hacked by Dimples#1337	/m3m/25989cab565e2f5bf45ffd0165f5de14d0d2ecfaef93f6980c6537ebcf63bcb748a105db32f6dab3628b0b229c0d5328d438d554112df22e35c8d18d99ea077ecba4ef95de6df55053fb28c83ccfbe28.m3u8					/hc194/dcc-file/d1/d15a9eec042666a935dbab433443673d.jpg	171	1	0
381	Hacked by Dimples#1337	/m3m/25989cab565e2f5bf45ffd0165f5de146e256b0c71e217962a6eeaad152347230e9426cc6963b447b519a08911a1e35cefd8948b6f09526253465427a9e052f2cba4ef95de6df55053fb28c83ccfbe28.m3u8					/hc194/dcc-file/ef/ef603c03211aa227d41402314029e58f.jpg	117	1	1
382	Hacked by Dimples#1337	/m3m/25989cab565e2f5bf45ffd0165f5de14308ce868a57ce710ff35065e461dcbf95847ebef45c73dbbfaf79d2124cb1d8234828418dd128ebefe1d1055e13994ffcba4ef95de6df55053fb28c83ccfbe28.m3u8					/hc194/dcc-file/79/7991b0b52b895454e134755a5781dcd8.jpg	170	1	2
383	Hacked by Dimples#1337	/m3m/25989cab565e2f5bf45ffd0165f5de14b1cd41ff98531325267441dc3c50bbcb2552c37c7d4f00bea4407d0608dd1ae2d5a755ff34b8ac5d8a399e8d497dc319cba4ef95de6df55053fb28c83ccfbe28.m3u8					/hc194/dcc-file/33/33ac91ac818e77f05acb3c5c1e9065c2.jpg	90	1	3
384	Hacked by Dimples#1337	/m3m/25989cab565e2f5bf45ffd0165f5de140ccff602a2aa90e22984130f0923df87f2baf8aae431b93e11545e2b846d1943968f5297f34e1bfd451a604798cda311cba4ef95de6df55053fb28c83ccfbe28.m3u8					/hc194/dcc-file/5a/5ad1cc91e3a53bbd4ff1cec0d0f92c8c.jpg	288	1	3
385	Hacked by Dimples#1337	/m3m/25989cab565e2f5bf45ffd0165f5de14347bfe4de2055352f14fec864e0ac6917cf60db285e3180f9a04de6ba747a3cdca3dc0df2e5bbd0991f70c7f2c42678ecba4ef95de6df55053fb28c83ccfbe28.m3u8					/hc194/dcc-file/a2/a2def642820715e3db2d326d6c7c797d.jpg	291	1	1
386	Hacked by Dimples#1337	/m3m/25989cab565e2f5bf45ffd0165f5de14d97cf03d8646c20a82d80eb17c14d30a585aeb20fd94d25bfaab21a8445c2f21342c56d0f07f5d1b294dd74922749baecba4ef95de6df55053fb28c83ccfbe28.m3u8					/hc194/dcc-file/95/95c6f8649c1208f7d0a69a65c6860e17.jpg	216	1	0
387	Hacked by Dimples#1337	/m3m/25989cab565e2f5bf45ffd0165f5de14a8d933f77e6832d9b16c5a465f4453367dcc17f6e300cec5bf72af3269ac33ceab5c35a4d5d916a3b3fa8cdaa0b45550cba4ef95de6df55053fb28c83ccfbe28.m3u8					/hc194/dcc-file/51/510f138ff2358759a3e81b9c6b0ed991.jpg	406	1	10
388	Hacked by Dimples#1337	/m3m/25989cab565e2f5bf45ffd0165f5de1432f2698ff5fe6938ac6726b4dcc8ee308c4fec5360c2f3242f11d2d2ac815e55aaa83d55ac7973f3860996ec9e637883cba4ef95de6df55053fb28c83ccfbe28.m3u8					/hc194/dcc-file/67/673481500c2597a254215c507f21507f-small.jpg	58	1	0
389	Hacked by Dimples#1337	/m3m/25989cab565e2f5bf45ffd0165f5de14a56a2b5d9b70c05c92173448c3c9cf4bb7d9195eeea96913694860dd536fe0b812dc69945a3edc98e6027dc5681b67aecba4ef95de6df55053fb28c83ccfbe28.m3u8					/hc194/dcc-file/81/816d2279b880d62da8464567819d854c.jpg	149	1	10
390	Hacked by Dimples#1337	/m3m/25989cab565e2f5bf45ffd0165f5de146df8ac589ca0ebca9b48fac082ae7963c71ff2d0ede0af88ab11087dfe3b7d98570c19669d53d7d9cdc06364cefa53e9cba4ef95de6df55053fb28c83ccfbe28.m3u8					/hc194/dcc-file/fd/fd9621db15eb31ea3d9ee6f795cd6dfc.jpg	285	1	0
391	Hacked by Dimples#1337	/m3m/25989cab565e2f5bf45ffd0165f5de14ce6c0420ea26fc22c75cbfaa9b762723b143d6fe35be2998de645a60e7925ffc044a746ffc539d88a34157acacd7d680cba4ef95de6df55053fb28c83ccfbe28.m3u8					/hc194/dcc-file/8d/8d4c5c1e192a646f6a86d45f5053c637.jpg	4639	1	1
392	Hacked by Dimples#1337	/m3m/25989cab565e2f5bf45ffd0165f5de1469af770cb24c5908b839c691543e7a06f5c876ff1d5868a04cc342ea25cded568fc0666fd016bee8a44fe4c646241f7ccba4ef95de6df55053fb28c83ccfbe28.m3u8					/hc194/dcc-file/c2/c26634846228e0b43e429e0b12d88057.jpg	297	1	1
393	Hacked by Dimples#1337	/m3m/25989cab565e2f5bf45ffd0165f5de1436c824fbbe055f289c37f6d88f9ac1de55a8efaddf2d5b24c11602af7bf467e2413382ede5706def9b812aa40813f222cba4ef95de6df55053fb28c83ccfbe28.m3u8					/hc194/dcc-file/fd/fde7b918ecd2769644ad1c3b5903e38d.jpg	214	1	6
394	Hacked by Dimples#1337	/m3m/25989cab565e2f5bf45ffd0165f5de14d10305fce0d0a63e2316e740d1d20b71d4e5e70dc70329e4c78fd067856f92663ed5d2462caa2d49f99ef277f0c5b9f6cba4ef95de6df55053fb28c83ccfbe28.m3u8					/hc194/dcc-file/a3/a3f57067c93f6f4069e337e73b79f43e.jpg	94	1	8
395	Hacked by Dimples#1337	/videos5/108d62c79ae8646d2a7b386727803d9a/108d62c79ae8646d2a7b386727803d9a.m3u8					/upload_01/xiao/20260628/2026062816554443217.jpg	938	1	0
396	Hacked by Dimples#1337	/videos5/e1db76c409f35c97aa08f90261e545ec/e1db76c409f35c97aa08f90261e545ec.m3u8					/upload_01/xiao/20260626/2026062615223165211.jpg	911	1	1
397	Hacked by Dimples#1337	/videos5/cb61850a43b21a76388652fe4bb12eca/cb61850a43b21a76388652fe4bb12eca.m3u8					/upload_01/xiao/20260628/2026062816554385631.jpg	960	1	0
398	Hacked by Dimples#1337	/videos5/4dfa56b498bd454f33c2424ecabed70b/4dfa56b498bd454f33c2424ecabed70b.m3u8					/upload_01/xiao/20260624/2026062418394225251.jpg	982	1	0
399	Hacked by Dimples#1337	/videos5/3e416c16e373e70ad0c79a003be39173/3e416c16e373e70ad0c79a003be39173.m3u8					/upload_01/xiao/20260626/2026062615223119234.jpg	1039	1	0
400	Hacked by Dimples#1337	/videos5/7dd9c26d4ab40c0f52a520faf192d8bd/7dd9c26d4ab40c0f52a520faf192d8bd.m3u8					/upload_01/xiao/20260625/2026062510281281715.jpg	1061	1	0
401	Hacked by Dimples#1337	/videos5/c737fcc5868c44168608778e2168e208/c737fcc5868c44168608778e2168e208.m3u8					/upload_01/xiao/20260626/2026062615223197582.jpg	924	1	0
402	Hacked by Dimples#1337	/m3m/1c6eca10b2b1013d480a5f9cbdb9361e8793ec980562c2313160a50a6e11aad83ef8b276ebbf4bfc0fbec4d8d222f9e95157f9468db8f2aec0aa1d07bf1e840acba4ef95de6df55053fb28c83ccfbe28.m3u8					/hc194/dcc-file/f9/f90fbc1982221b868c966c044461d290.jpg	1130	1	0
403	Hacked by Dimples#1337	/videos5/0edc87df0030c2abb4cf4fedb03eb16e/0edc87df0030c2abb4cf4fedb03eb16e.m3u8					/upload_01/xiao/20260626/2026062615223122638.jpg	847	1	1
404	Hacked by Dimples#1337	/videos5/50cc9d0f3ec366327be621de09286b4d/50cc9d0f3ec366327be621de09286b4d.m3u8					/upload_01/xiao/20260626/2026062615223112285.jpg	1461	1	1
405	Hacked by Dimples#1337	/videos5/dd1136c1d1b548a6030a59ae7ec93e1d/dd1136c1d1b548a6030a59ae7ec93e1d.m3u8					/upload_01/xiao/20260625/2026062510281274608.jpg	978	1	0
406	Hacked by Dimples#1337	/m3m/1c6eca10b2b1013d480a5f9cbdb9361e44b2eff8a06e7c785e32b96ef1103d18624ef94907ba5506726f978e0c0999a2aca79d8c2ddb23fada2e95ffa05c5749cba4ef95de6df55053fb28c83ccfbe28.m3u8					/hc194/dcc-file/bd/bd97c2f05bdcd0a835c4140b5f8231c7.jpg	912	1	0
407	Hacked by Dimples#1337	/videos5/ea1ce45b2adc56ff5894fe7658627e00/ea1ce45b2adc56ff5894fe7658627e00.m3u8					/upload_01/xiao/20260625/2026062510281233986.jpg	1226	1	0
408	Hacked by Dimples#1337	/videos5/6682184be17916c0ea17a79dda2e415f/6682184be17916c0ea17a79dda2e415f.m3u8					/upload_01/xiao/20260625/2026062510281221455.jpg	980	1	0
409	Hacked by Dimples#1337	/videos5/a74bc4ed45e3341ee201bee7cabdd39c/a74bc4ed45e3341ee201bee7cabdd39c.m3u8					/upload_01/xiao/20260624/2026062416352598177.jpg	1270	1	1
410	Hacked by Dimples#1337	/videos5/d010945d578ee3ae3408fec852aaaa80/d010945d578ee3ae3408fec852aaaa80.m3u8					/upload_01/xiao/20260623/2026062317593268011.jpg	95	1	22
411	Hacked by Dimples#1337	/videos5/86c4c10449163d1e47e3fc9e50858264/86c4c10449163d1e47e3fc9e50858264.m3u8					/upload_01/xiao/20260623/2026062317593193858.jpg	133	1	34
412	Hacked by Dimples#1337	/videos5/476b9c670784f686308d65f7736e5edb/476b9c670784f686308d65f7736e5edb.m3u8					/upload_01/xiao/20260623/2026062315122882276.jpg	961	1	0
413	Hacked by Dimples#1337	/videos5/5e7858ad69254f3c8ae8997d3193559f/5e7858ad69254f3c8ae8997d3193559f.m3u8					/upload_01/xiao/20260623/2026062317593237333.jpg	959	1	26
414	Hacked by Dimples#1337	/videos5/f5de2c2317e634d7945b5f67ca4db798/f5de2c2317e634d7945b5f67ca4db798.m3u8					/upload_01/xiao/20260623/2026062315122845441.jpg	864	1	1
415	Hacked by Dimples#1337	/videos5/915b87fb90cc4ac4458bc934e4d72527/915b87fb90cc4ac4458bc934e4d72527.m3u8					/upload_01/xiao/20260623/2026062317593118768.jpg	914	1	36
416	Hacked by Dimples#1337	/m3m/1c6eca10b2b1013d480a5f9cbdb9361e52906cc79b28f700b3b1c2df1763acab9215f1672b05fd5d9a53e6f683c67a49940a44753dced410bef35e7b3e7ea503cba4ef95de6df55053fb28c83ccfbe28.m3u8					/hc194/dcc-file/c5/c586283119b8b789aa3de9bf3de8a8be.jpg	1323	1	0
417	Hacked by Dimples#1337	/videos5/3d4aabc16b99c8466a61eabe14b996b8/3d4aabc16b99c8466a61eabe14b996b8.m3u8					/upload_01/xiao/20260622/2026062215063326694.jpg	1771	1	86
418	Hacked by Dimples#1337	/videos5/2ac43b8bbeb52b8c70569fbc55a1d748/2ac43b8bbeb52b8c70569fbc55a1d748.m3u8					/upload_01/xiao/20260622/2026062215063363552.jpg	1727	1	28
419	Hacked by Dimples#1337	/m3m/1c6eca10b2b1013d480a5f9cbdb9361e1fafc988f9ce462348de0cc1b992ef8b496cb9df0ec98ec40f1b4cf2b40be0766ce4bade75a1299fb465fe2aa2b540a8cba4ef95de6df55053fb28c83ccfbe28.m3u8					/hc194/dcc-file/86/86df56e1dbd6486394b6056fa4858519.jpg	1030	1	0
420	Hacked by Dimples#1337	/m3m/1c6eca10b2b1013d480a5f9cbdb9361e40b3fe65068ce693b815eabddc8ee68655d8cd134d8a911f2fea0aba846fff836846e7d5d356540c6d98e8da19f1d87fcba4ef95de6df55053fb28c83ccfbe28.m3u8					/hc194/dcc-file/57/57874e412273bb54b44209640bd1923b.jpg	976	1	0
421	Hacked by Dimples#1337	/videos5/968d8d244dae86c7b8e0c9211ae5119b/968d8d244dae86c7b8e0c9211ae5119b.m3u8					/upload_01/xiao/20260623/2026062317593263564.jpg	121	1	20
422	Hacked by Dimples#1337	/videos5/9ea8b13e4f354a97e3afe7a853ccbfa6/9ea8b13e4f354a97e3afe7a853ccbfa6.m3u8					/upload_01/xiao/20260622/2026062215063386317.jpg	2386	1	32
423	Hacked by Dimples#1337	/m3m/1c6eca10b2b1013d480a5f9cbdb9361e23a18b5952e0a3341bc87ba6fa06a42cf542f8d0447cbad41ea5dec713059e2731425167ea51b11e1991741efc0ccf79cba4ef95de6df55053fb28c83ccfbe28.m3u8					/hc194/dcc-file/83/83a0d7b22d564ddf27982a5171e7f1e4.jpg	1530	1	0
424	Hacked by Dimples#1337	/videos5/8166c91c1bb966a652ae3f9b622c3a08/8166c91c1bb966a652ae3f9b622c3a08.m3u8					/upload_01/xiao/20260623/2026062315122778251.jpg	883	1	1
425	Hacked by Dimples#1337	/videos5/ee7c9b40b809d160180e6161cb7a1909/ee7c9b40b809d160180e6161cb7a1909.m3u8					/upload_01/xiao/20260621/2026062118264695334.jpg	965	1	0
426	Hacked by Dimples#1337	/videos5/8cd79f8feda56f2c1a6cb0090d58e542/8cd79f8feda56f2c1a6cb0090d58e542.m3u8					/upload_01/xiao/20260620/2026062014471265801.jpg	861	1	0
427	Hacked by Dimples#1337	/videos5/7e0df1108e54d2a34da6af8335609408/7e0df1108e54d2a34da6af8335609408.m3u8					/upload_01/xiao/20260621/2026062118264681757.jpg	1626	1	3
428	Hacked by Dimples#1337	/videos5/714fe5d1dc6c571e706f1c85cb905ca2/714fe5d1dc6c571e706f1c85cb905ca2.m3u8					/upload_01/xiao/20260620/2026062014471256059.jpg	851	1	1
429	Hacked by Dimples#1337	/videos5/b24a3e805587e3a834b0ad5131fa8d0b/b24a3e805587e3a834b0ad5131fa8d0b.m3u8					/upload_01/xiao/20260622/2026062215063330090.jpg	938	1	33
430	Hacked by Dimples#1337	/m3m/1c6eca10b2b1013d480a5f9cbdb9361e97c447521c033cd546b48cae318b55e9d1c844ae3e672afb0c49cd98923cc76ccdf044dab10215720599940721a8d358cba4ef95de6df55053fb28c83ccfbe28.m3u8					/hc194/dcc-file/e4/e4c5c9cd3a560c9c3668eb8d33cc1da0.jpg	891	1	0
431	Hacked by Dimples#1337	/videos5/b6ae11005f99de71172b60865c21253b/b6ae11005f99de71172b60865c21253b.m3u8					/upload_01/xiao/20260620/2026062014471243047.jpg	829	1	0
432	Hacked by Dimples#1337	/videos5/844aa861cb6238e2af36c70bb75897be/844aa861cb6238e2af36c70bb75897be.m3u8					/upload_01/xiao/20260619/2026061917573596866.jpg	665	1	0
433	Hacked by Dimples#1337	/videos5/58fbf8e79e4d209fd5c8943d7b798b05/58fbf8e79e4d209fd5c8943d7b798b05.m3u8					/upload_01/xiao/20260619/2026061917573579702.jpg	2074	1	0
434	Hacked by Dimples#1337	/videos5/f054656cf3907db82f34b8429ba660cc/f054656cf3907db82f34b8429ba660cc.m3u8					/upload_01/xiao/20260621/2026062118264664006.jpg	1139	1	0
435	Hacked by Dimples#1337	/videos5/ca524abdc44a78407f06a76bc3472f84/ca524abdc44a78407f06a76bc3472f84.m3u8					/upload_01/xiao/20260621/2026062118264640380.jpg	1001	1	0
436	Hacked by Dimples#1337	/videos5/dd0100a882854f8a36793d76f9ba62d6/dd0100a882854f8a36793d76f9ba62d6.m3u8					/upload_01/xiao/20260621/2026062118264637343.jpg	1773	1	1
437	Hacked by Dimples#1337	/videos5/aeb34327bbf4aec6e486031f14976313/aeb34327bbf4aec6e486031f14976313.m3u8					/upload_01/xiao/20260619/2026061917573530076.jpg	1460	1	0
438	Hacked by Dimples#1337	/videos5/9b9224f2ef0e45001178ac4bc5180066/9b9224f2ef0e45001178ac4bc5180066.m3u8					/upload_01/xiao/20260619/2026061914474768777.jpg	952	1	0
439	Hacked by Dimples#1337	/videos5/931054c42383c3e41f5225a61cf12467/931054c42383c3e41f5225a61cf12467.m3u8					/upload_01/xiao/20260622/2026062215063383825.jpg	1545	1	95
440	Hacked by Dimples#1337	/videos5/126f4e0b3e851bb5ffb5dcd81fce7491/126f4e0b3e851bb5ffb5dcd81fce7491.m3u8					/upload_01/xiao/20260618/2026061818323639427.jpg	447	1	0
441	Hacked by Dimples#1337	/videos5/ddcd54b2b755fa11ffd40f4b817e0c0a/ddcd54b2b755fa11ffd40f4b817e0c0a.m3u8					/upload_01/xiao/20260619/2026061914474757550.jpg	1265	1	0
442	Hacked by Dimples#1337	/videos5/40a344137bfb0bba9313863f090d5312/40a344137bfb0bba9313863f090d5312.m3u8					/upload_01/xiao/20260618/2026061818323625868.jpg	410	1	0
443	Hacked by Dimples#1337	/videos5/be038f0d4b71ef48f1ff273f477ea5ec/be038f0d4b71ef48f1ff273f477ea5ec.m3u8					/upload_01/xiao/20260618/2026061814183386566.jpg	906	1	0
444	Hacked by Dimples#1337	/videos5/7b57e879ec34a6632d4227269948600e/7b57e879ec34a6632d4227269948600e.m3u8					/upload_01/xiao/20260619/2026061914474752838.jpg	895	1	0
445	Hacked by Dimples#1337	/m3m/25989cab565e2f5bf45ffd0165f5de14f800ed02cbe0f374d0ba503f63cf417dc97803fbb80f8dfb06800ce86f798126ac01d92106ffd796e23222e4a1d6c6d7cba4ef95de6df55053fb28c83ccfbe28.m3u8					/hc194/dcc-file/30/30ebfd3f6d64ee66094847cbf8c751c4.jpg	976	1	0
446	Hacked by Dimples#1337	/videos5/a141ceac3224e7e8e7404e65800d0cfe/a141ceac3224e7e8e7404e65800d0cfe.m3u8					/upload_01/xiao/20260618/2026061811334690390.jpg	974	1	0
447	Hacked by Dimples#1337	/videos5/f1e9cbb29ef691c2746666873776c174/f1e9cbb29ef691c2746666873776c174.m3u8					/upload_01/xiao/20260618/2026061818323762637.jpg	391	1	0
448	Hacked by Dimples#1337	/videos5/bbeb7325ad3c7ad87b950d1dfb887eb3/bbeb7325ad3c7ad87b950d1dfb887eb3.m3u8					/upload_01/xiao/20260618/2026061818323778441.jpg	404	1	0
449	Hacked by Dimples#1337	/videos5/3b4b27504fd47d43e032c7dfd4b4f5c0/3b4b27504fd47d43e032c7dfd4b4f5c0.m3u8					/upload_01/xiao/20260618/2026061814183380295.jpg	935	1	0
450	Hacked by Dimples#1337	/videos5/c08057a8dd145d1dd63381edad859b31/c08057a8dd145d1dd63381edad859b31.m3u8					/upload_01/xiao/20260618/2026061818323788480.jpg	368	1	0
451	Hacked by Dimples#1337	/videos5/23fb0ffd638eb2bd9ee2a3b1c1ddc159/23fb0ffd638eb2bd9ee2a3b1c1ddc159.m3u8					/upload_01/xiao/20260617/2026061714313188391.jpg	1209	1	0
452	Hacked by Dimples#1337	/videos5/72d730840ffc381792b8797f506bbbb2/72d730840ffc381792b8797f506bbbb2.m3u8					/upload_01/xiao/20260617/2026061714313170878.jpg	1453	1	0
453	Hacked by Dimples#1337	/videos5/8e8e4d3d18b4f3d1aaf2c6dc477d689d/8e8e4d3d18b4f3d1aaf2c6dc477d689d.m3u8					/upload_01/xiao/20260618/2026061814183334810.jpg	936	1	0
454	Hacked by Dimples#1337	/videos5/3731ee11522c4066a04bcb9c43017019/3731ee11522c4066a04bcb9c43017019.m3u8					/upload_01/xiao/20260618/2026061811334737026.jpg	972	1	0
455	Hacked by Dimples#1337	/videos5/011613832e67a2f60462591cdfe51d1e/011613832e67a2f60462591cdfe51d1e.m3u8					/upload_01/xiao/20260708/2026070820021183382.jpg	894	1	8
456	Hacked by Dimples#1337	/videos5/69ce8b3f6511d4a54ecf740b491d3544/69ce8b3f6511d4a54ecf740b491d3544.m3u8					/upload_01/xiao/20260708/2026070820021127234.jpg	1216	1	0
457	Hacked by Dimples#1337	/videos5/510835eab8b732ff044efcb3cdabe840/510835eab8b732ff044efcb3cdabe840.m3u8					/upload_01/xiao/20260708/2026070820021191466.jpg	2032	1	12
458	Hacked by Dimples#1337	/videos5/0905d1dee6901530a56eb6327273de5f/0905d1dee6901530a56eb6327273de5f.m3u8					/upload_01/xiao/20260708/2026070820021382377.jpg	2330	1	0
459	Hacked by Dimples#1337	/videos5/acce200c9171ac3555c0131d24d7e840/acce200c9171ac3555c0131d24d7e840.m3u8					/upload_01/xiao/20260708/2026070820021076457.jpg	701	1	1
460	Hacked by Dimples#1337	/videos5/e5a6c2333a97714b9b1c7aff9b0bf1f1/e5a6c2333a97714b9b1c7aff9b0bf1f1.m3u8					/upload_01/xiao/20260708/2026070820021113750.jpg	170	1	2
461	Hacked by Dimples#1337	/videos5/1753b1cf9b9e1517cee55b56cde99306/1753b1cf9b9e1517cee55b56cde99306.m3u8					/upload_01/xiao/20260708/2026070820021138182.jpg	1130	1	3
462	Hacked by Dimples#1337	/videos5/078b42a0a05eb59d65206449c5930b3e/078b42a0a05eb59d65206449c5930b3e.m3u8					/upload_01/xiao/20260708/2026070820021134222.jpg	2421	1	2
463	Hacked by Dimples#1337	/videos5/bdb3d7d69581b61c2878a14ea4a03757/bdb3d7d69581b61c2878a14ea4a03757.m3u8					/upload_01/xiao/20260708/2026070820021199838.jpg	481	1	0
464	Hacked by Dimples#1337	/videos5/bef45d7f516de68b0b176237a0e60af1/bef45d7f516de68b0b176237a0e60af1.m3u8					/upload_01/xiao/20260708/2026070820021029768.jpg	180	1	0
465	Hacked by Dimples#1337	/videos5/0ef662a89b28289ec73bd70a980fffa9/0ef662a89b28289ec73bd70a980fffa9.m3u8					/upload_01/xiao/20260708/2026070820021084567.jpg	305	1	0
466	Hacked by Dimples#1337	/videos5/8d1d43603fe0e41fa733821e41bc7638/8d1d43603fe0e41fa733821e41bc7638.m3u8					/upload_01/xiao/20260708/2026070820021271216.jpg	695	1	0
467	Hacked by Dimples#1337	/videos5/18f4d1af8e67766287a63703050f5b51/18f4d1af8e67766287a63703050f5b51.m3u8					/upload_01/xiao/20260708/2026070820021046304.jpg	224	1	0
468	Hacked by Dimples#1337	/videos5/e8b48169162dafba1ef4778cd1500a06/e8b48169162dafba1ef4778cd1500a06.m3u8					/upload_01/xiao/20260708/2026070820021027789.jpg	1552	1	0
469	Hacked by Dimples#1337	/videos5/bd9e3ccb23537a5b755f36ae4647f6b6/bd9e3ccb23537a5b755f36ae4647f6b6.m3u8					/upload_01/xiao/20260708/2026070820021068432.jpg	854	1	0
470	Hacked by Dimples#1337	/videos5/85a4cb6cf339a9ade820ae47697ef2cc/85a4cb6cf339a9ade820ae47697ef2cc.m3u8					/upload_01/xiao/20260708/2026070820021065524.jpg	276	1	0
471	Hacked by Dimples#1337	/videos5/0416af948c44a1bf0c77b28f2914d1a5/0416af948c44a1bf0c77b28f2914d1a5.m3u8					/upload_01/xiao/20260708/2026070820021052991.jpg	421	1	60
472	Hacked by Dimples#1337	/videos5/a8dded582d39b7a8e1e2e54e5acfc890/a8dded582d39b7a8e1e2e54e5acfc890.m3u8					/upload_01/xiao/20260708/2026070820021086793.jpg	420	1	0
473	Hacked by Dimples#1337	/videos5/38e73c65bce303e818a3319ef44a909b/38e73c65bce303e818a3319ef44a909b.m3u8					/upload_01/xiao/20260708/2026070820021037140.jpg	139	1	7
474	Hacked by Dimples#1337	/videos5/c3520f91812b84d3edc153bb90764d6d/c3520f91812b84d3edc153bb90764d6d.m3u8					/upload_01/xiao/20260708/2026070820021076571.jpg	2669	1	0
475	Hacked by Dimples#1337	/videos5/69d9e63dc3591d1868cfc254751a6b57/69d9e63dc3591d1868cfc254751a6b57.m3u8					/upload_01/xiao/20260708/2026070820021024345.jpg	180	1	52
476	Hacked by Dimples#1337	/videos5/248a16a040020a4b1e88f8a42c705e46/248a16a040020a4b1e88f8a42c705e46.m3u8					/upload_01/xiao/20260708/2026070820021031409.jpg	180	1	0
477	Hacked by Dimples#1337	/videos5/35984f48ba9dc96595a1287535e7165f/35984f48ba9dc96595a1287535e7165f.m3u8					/upload_01/xiao/20260708/2026070820021073344.jpg	336	1	0
478	Hacked by Dimples#1337	/videos5/7de5aa1229f01ab4232461759a450e4a/7de5aa1229f01ab4232461759a450e4a.m3u8					/upload_01/xiao/20260708/2026070820021071109.jpg	1004	1	1
479	Hacked by Dimples#1337	/videos5/53fb602aa402caf5620587acd1d69358/53fb602aa402caf5620587acd1d69358.m3u8					/upload_01/xiao/20260708/2026070820021164359.jpg	764	1	0
480	Hacked by Dimples#1337	/videos5/909088463121903887c974cfc4eff275/909088463121903887c974cfc4eff275.m3u8					/upload_01/xiao/20260708/2026070820021033400.jpg	253	1	1
481	Hacked by Dimples#1337	/videos5/568757e7aabf4e276a203af4b1520a9e/568757e7aabf4e276a203af4b1520a9e.m3u8					/upload_01/xiao/20260708/2026070820021084352.jpg	231	1	2
482	Hacked by Dimples#1337	/videos5/e197df8770a5855339b4eadaf2b3996d/e197df8770a5855339b4eadaf2b3996d.m3u8					/upload_01/xiao/20260708/2026070818312883649.jpg	1041	1	2
483	Hacked by Dimples#1337	/videos5/a1e8df9d82d760df618c3660aa148399/a1e8df9d82d760df618c3660aa148399.m3u8					/upload_01/xiao/20260708/2026070820021011945.jpg	863	1	0
484	Hacked by Dimples#1337	/videos5/b1b96644e0469acb859b6daf4e21828e/b1b96644e0469acb859b6daf4e21828e.m3u8					/upload_01/xiao/20260708/2026070818312848875.jpg	734	1	0
485	Hacked by Dimples#1337	/videos5/ddc226d1e41ee779a011cc89857ba118/ddc226d1e41ee779a011cc89857ba118.m3u8					/upload_01/xiao/20260708/2026070818312826735.jpg	175	1	0
486	Hacked by Dimples#1337	/videos5/e5bff6365e4cd01b01a4b3a1582827a0/e5bff6365e4cd01b01a4b3a1582827a0.m3u8					/upload_01/xiao/20260708/2026070817323969194.jpg	972	1	1
487	Hacked by Dimples#1337	/videos5/658d3aa4be1893577f80eb178cf81a7b/658d3aa4be1893577f80eb178cf81a7b.m3u8					/upload_01/xiao/20260708/2026070817325980035.jpg	611	1	0
488	Hacked by Dimples#1337	/videos5/6a133f546e4e31c43baaccfdaba3450f/6a133f546e4e31c43baaccfdaba3450f.m3u8					/upload_01/xiao/20260708/2026070817324958359.jpg	105	1	1
489	Hacked by Dimples#1337	/videos5/36606cb4ca6829178f7f0c23c7256524/36606cb4ca6829178f7f0c23c7256524.m3u8					/upload_01/xiao/20260708/2026070817333475384.jpg	628	1	0
490	Hacked by Dimples#1337	/videos5/e81212052b29b0f8805533dde2214a6c/e81212052b29b0f8805533dde2214a6c.m3u8					/upload_01/xiao/20260708/2026070817330081341.jpg	720	1	0
491	Hacked by Dimples#1337	/videos5/639c4702bfa9c59c5a097229746dc201/639c4702bfa9c59c5a097229746dc201.m3u8					/upload_01/xiao/20260708/2026070817325944828.jpg	635	1	1
492	Hacked by Dimples#1337	/videos5/50ef2749f8fd21f07e0e22081beb2c67/50ef2749f8fd21f07e0e22081beb2c67.m3u8					/upload_01/xiao/20260708/2026070818312883757.jpg	1029	1	0
493	Hacked by Dimples#1337	/videos5/54ec031076ab333e5045e110fd13ef9a/54ec031076ab333e5045e110fd13ef9a.m3u8					/upload_01/xiao/20260708/2026070817325968041.jpg	492	1	0
494	Hacked by Dimples#1337	/videos5/d10dba94b208959cc0bc30b4b28300d4/d10dba94b208959cc0bc30b4b28300d4.m3u8					/upload_01/xiao/20260708/2026070817325925456.jpg	105	1	0
495	Hacked by Dimples#1337	/videos5/cba146de44f42c27f1e02238922c7535/cba146de44f42c27f1e02238922c7535.m3u8					/upload_01/xiao/20260708/2026070817333467710.jpg	477	1	0
496	Hacked by Dimples#1337	/videos5/c6a65b111aee053aca6ddc013d37fd15/c6a65b111aee053aca6ddc013d37fd15.m3u8					/upload_01/xiao/20260707/2026070721320059227.png	843	1	1
497	Hacked by Dimples#1337	/videos5/159af94be4cf0af3a015e94ee1113c11/159af94be4cf0af3a015e94ee1113c11.m3u8					/upload_01/xiao/20260707/2026070721315885010.png	910	1	0
498	Hacked by Dimples#1337	/videos5/b6fce5a0bbc878a44db0f1784780dd06/b6fce5a0bbc878a44db0f1784780dd06.m3u8					/upload_01/xiao/20260707/2026070721315827253.png	1020	1	3
499	Hacked by Dimples#1337	/videos5/6e9355b43c523ce055d430ee23bdcbf3/6e9355b43c523ce055d430ee23bdcbf3.m3u8					/upload_01/xiao/20260707/2026070721315846384.png	972	1	0
500	Hacked by Dimples#1337	/videos5/8bfc7e9a9fb1bb4561036bd359f4455a/8bfc7e9a9fb1bb4561036bd359f4455a.m3u8					/upload_01/xiao/20260707/2026070721315879943.png	383	1	0
501	Hacked by Dimples#1337	/videos5/aa23ff956dd97468c58ec910f5fa5e47/aa23ff956dd97468c58ec910f5fa5e47.m3u8					/upload_01/xiao/20260707/2026070721313852562.png	2516	1	0
502	Hacked by Dimples#1337	/videos5/a5774b6f82fe506539a4bc881f225c05/a5774b6f82fe506539a4bc881f225c05.m3u8					/upload_01/xiao/20260707/2026070721313825113.png	1380	1	3
503	Hacked by Dimples#1337	/videos5/4dc0525e4db3ca2915a7728840bd94de/4dc0525e4db3ca2915a7728840bd94de.m3u8					/upload_01/xiao/20260707/2026070721315890957.png	436	1	3
504	Hacked by Dimples#1337	/videos5/1482708f4ba6ec6870eacfc1c69276ec/1482708f4ba6ec6870eacfc1c69276ec.m3u8					/upload_01/xiao/20260707/2026070721315829121.png	692	1	0
505	Hacked by Dimples#1337	/videos5/3f3181209f65efe0941257c1c37d633a/3f3181209f65efe0941257c1c37d633a.m3u8					/upload_01/xiao/20260707/2026070721313826565.png	857	1	3
506	Hacked by Dimples#1337	/videos5/99cd5380fcdd1e3a00ed6c453d4881cc/99cd5380fcdd1e3a00ed6c453d4881cc.m3u8					/upload_01/xiao/20260708/2026070811113274452.png	613	1	2
507	Hacked by Dimples#1337	/videos5/a6af3c9da30977417c538dfcce1825b7/a6af3c9da30977417c538dfcce1825b7.m3u8					/upload_01/xiao/20260707/2026070721313858669.png	918	1	1
508	Hacked by Dimples#1337	/videos5/20a1ac5582959fdc85bf0fc6ee0102f5/20a1ac5582959fdc85bf0fc6ee0102f5.m3u8					/upload_01/xiao/20260707/2026070721313878094.png	882	1	4
509	Hacked by Dimples#1337	/videos5/c6ab5f030c400daaa9ee61478453a14b/c6ab5f030c400daaa9ee61478453a14b.m3u8					/upload_01/xiao/20260707/2026070721315864881.png	333	1	0
510	Hacked by Dimples#1337	/videos5/23653feca451452129153386f619bc70/23653feca451452129153386f619bc70.m3u8					/upload_01/xiao/20260707/2026070721315995354.png	405	1	0
511	Hacked by Dimples#1337	/videos5/e8fb1183a1e1163141200904ce0a53e3/e8fb1183a1e1163141200904ce0a53e3.m3u8					/upload_01/xiao/20260613/2026061317544219245.jpg	1166	1	0
512	Hacked by Dimples#1337	/videos5/295886450f5290d3a23ef09690996a79/295886450f5290d3a23ef09690996a79.m3u8					/upload_01/xiao/20260613/2026061317544257947.jpg	2302	1	1
513	Hacked by Dimples#1337	/videos5/b0d677ec2019b5248ceddee24760198d/b0d677ec2019b5248ceddee24760198d.m3u8					/upload_01/upload/20260612/2026061218040512569.jpeg	839	1	1
514	Hacked by Dimples#1337	/videos5/24258c175e04d32773758893a868b463/24258c175e04d32773758893a868b463.m3u8					/upload_01/xiao/20260612/2026061217443551858.jpg	1326	1	0
515	Hacked by Dimples#1337	/videos5/a82d24b87653793c6137758940247aa7/a82d24b87653793c6137758940247aa7.m3u8					/upload_01/xiao/20260611/2026061115193691908.jpg	1470	1	0
516	Hacked by Dimples#1337	/videos5/11a75de2cdeeb0d09424116380cf0391/11a75de2cdeeb0d09424116380cf0391.m3u8					/upload_01/xiao/20260611/2026061115193659151.jpg	1558	1	0
517	Hacked by Dimples#1337	/videos5/b443ee9ef024280cc1fc585cc6fedc72/b443ee9ef024280cc1fc585cc6fedc72.m3u8					/upload_01/upload/20260612/2026061218044488091.jpeg	1500	1	1
518	Hacked by Dimples#1337	/videos5/011eb06a2bf6d78f1cc2a8179cbd3de1/011eb06a2bf6d78f1cc2a8179cbd3de1.m3u8					/upload_01/xiao/20260612/2026061217443540950.jpg	1335	1	1
519	Hacked by Dimples#1337	/videos5/609d5386b161efbcc24270e3af29e038/609d5386b161efbcc24270e3af29e038.m3u8					/upload_01/xiao/20260612/2026061217443565709.jpg	2418	1	1
520	Hacked by Dimples#1337	/videos5/2549fd1129ff203b5b82589b24482516/2549fd1129ff203b5b82589b24482516.m3u8					/upload_01/upload/20260611/2026061113021444074.jpeg	1644	1	0
521	Hacked by Dimples#1337	/videos5/69f729b412d4abbffc77c3262537761e/69f729b412d4abbffc77c3262537761e.m3u8					/upload_01/xiao/20260611/2026061115193688365.jpg	2756	1	95
522	Hacked by Dimples#1337	/videos5/5c63bbb87fbbb412dbfc3382ba28779f/5c63bbb87fbbb412dbfc3382ba28779f.m3u8					/upload_01/upload/20260612/2026061218015549346.jpeg	1079	1	3
523	Hacked by Dimples#1337	/videos5/99431e0899fca6adfb6b2a0ef14b443a/99431e0899fca6adfb6b2a0ef14b443a.m3u8					/upload_01/xiao/20260613/2026061318045036146.jpg	2726	1	0
524	Hacked by Dimples#1337	/videos5/be93bb7ec9568e26967bc78fbb2e226c/be93bb7ec9568e26967bc78fbb2e226c.m3u8					/upload_01/xiao/20260611/2026061115193671301.jpg	1024	1	0
525	Hacked by Dimples#1337	/videos5/6e211eb2ed96e782ad8c952e16d4de2c/6e211eb2ed96e782ad8c952e16d4de2c.m3u8					/upload_01/upload/20260611/2026061113013759000.jpeg	1681	1	0
526	Hacked by Dimples#1337	/videos5/c42c39f95274880ebbe79a533730c57b/c42c39f95274880ebbe79a533730c57b.m3u8					/upload_01/upload/20260611/2026061113025773206.jpeg	1595	1	0
527	Hacked by Dimples#1337	/videos5/2dbce4dd343d6cd3ec8010e785e2cb65/2dbce4dd343d6cd3ec8010e785e2cb65.m3u8					/upload_01/xiao/20260610/2026061016320014204.jpg	1669	1	0
528	Hacked by Dimples#1337	/videos5/1a354e0e048f950399a730c9836113f3/1a354e0e048f950399a730c9836113f3.m3u8					/upload_01/upload/20260611/2026061112593167422.jpeg	2345	1	0
529	Hacked by Dimples#1337	/videos5/e5020db20c09556ffd2cbcc779dae64f/e5020db20c09556ffd2cbcc779dae64f.m3u8					/upload_01/upload/20260610/2026061016225921398.jpeg	2577	1	0
530	Hacked by Dimples#1337	/videos5/6402fb809674f5f96bc06183c9fc948c/6402fb809674f5f96bc06183c9fc948c.m3u8					/upload_01/xiao/20260610/2026061016320094793.jpg	2136	1	3
531	Hacked by Dimples#1337	/videos5/e71beafda3816aab4fe2c6b32b89f70f/e71beafda3816aab4fe2c6b32b89f70f.m3u8					/upload_01/upload/20260610/2026061016214574778.jpeg	3384	1	0
532	Hacked by Dimples#1337	/videos5/893cb957348885affd9d53ae4e149578/893cb957348885affd9d53ae4e149578.m3u8					/upload_01/xiao/20260608/2026060814060335919.jpg	1881	1	1
533	Hacked by Dimples#1337	/videos5/3d3ef086da0064d7969fcd2fcb11f0fa/3d3ef086da0064d7969fcd2fcb11f0fa.m3u8					/upload_01/xiao/20260610/2026061016320025225.jpg	1997	1	0
534	Hacked by Dimples#1337	/videos5/73cd3e6f7226f38c5f634cd83fa0a7be/73cd3e6f7226f38c5f634cd83fa0a7be.m3u8					/upload_01/upload/20260610/2026061016232167085.jpeg	2307	1	0
535	Hacked by Dimples#1337	/videos5/4fc2f54b8c6871edfe43a2105b7dd3ae/4fc2f54b8c6871edfe43a2105b7dd3ae.m3u8					/upload_01/upload/20260610/2026061016221841872.jpeg	2432	1	3
536	Hacked by Dimples#1337	/videos5/ed2eaa0e8294aa2f2f837287518d7d07/ed2eaa0e8294aa2f2f837287518d7d07.m3u8					/upload_01/xiao/20260608/2026060814060375414.jpg	1723	1	2
537	Hacked by Dimples#1337	/videos5/dc45cd739c95153365f7fb467de64f24/dc45cd739c95153365f7fb467de64f24.m3u8					/upload_01/xiao/20260608/2026060814060325322.jpg	2176	1	1
538	Hacked by Dimples#1337	/videos5/f5f6de952659653ed0013c885e888223/f5f6de952659653ed0013c885e888223.m3u8					/upload_01/xiao/20260610/2026061016320040796.jpg	2189	1	0
539	Hacked by Dimples#1337	/videos5/3d16ebc11cd66e271f67fe631d24a749/3d16ebc11cd66e271f67fe631d24a749.m3u8					/upload_01/xiao/20260608/2026060814060343969.jpg	1820	1	3
540	Hacked by Dimples#1337	/videos5/ce99f2d7b310e951c2bc144c817bb059/ce99f2d7b310e951c2bc144c817bb059.m3u8					/upload_01/upload/20260608/2026060813130846507.jpeg	2030	1	0
541	Hacked by Dimples#1337	/videos5/97178b80de05ba6198a647feb47fa58f/97178b80de05ba6198a647feb47fa58f.m3u8					/upload_01/upload/20260608/2026060813085077164.jpeg	3303	1	0
542	Hacked by Dimples#1337	/videos5/eb5bdad97686d03c055347d430aa300b/eb5bdad97686d03c055347d430aa300b.m3u8					/upload_01/upload/20260608/2026060813081722186.jpeg	1789	1	1
543	Hacked by Dimples#1337	/videos5/8e95dd28d47c81b0635d9baef9d7b4a1/8e95dd28d47c81b0635d9baef9d7b4a1.m3u8					/upload_01/upload/20260608/2026060813120722309.jpeg	1355	1	0
544	Hacked by Dimples#1337	/videos5/32873e2fd372fcfcb94645b8ad191d9f/32873e2fd372fcfcb94645b8ad191d9f.m3u8					/upload_01/xiao/20260606/2026060618552967882.jpg	1702	1	0
545	Hacked by Dimples#1337	/videos5/f91ba60617d213f6b371f7dfc9a61d5e/f91ba60617d213f6b371f7dfc9a61d5e.m3u8					/upload_01/xiao/20260606/2026060618552943759.jpg	463	1	2
546	Hacked by Dimples#1337	/videos5/0084e15ffca0c86dd498f013803f3e06/0084e15ffca0c86dd498f013803f3e06.m3u8					/upload_01/upload/20260608/2026060813075425179.jpeg	1963	1	5
547	Hacked by Dimples#1337	/videos5/c0cd70bc499c162732f450ee3a1724aa/c0cd70bc499c162732f450ee3a1724aa.m3u8					/upload_01/xiao/20260606/2026060618552851185.jpg	1837	1	0
548	Hacked by Dimples#1337	/videos5/856c83fbef3c688ad3cecbde2a7f1bbd/856c83fbef3c688ad3cecbde2a7f1bbd.m3u8					/upload_01/xiao/20260606/2026060618552932354.jpg	1311	1	8
549	Hacked by Dimples#1337	/videos5/61e0ed58935471b3361897a2f26e73e7/61e0ed58935471b3361897a2f26e73e7.m3u8					/upload_01/upload/20260608/2026060813094011764.jpeg	1360	1	0
550	Hacked by Dimples#1337	/videos5/e54edd961326f9cb0207686f561d9c53/e54edd961326f9cb0207686f561d9c53.m3u8					/upload_01/xiao/20260606/2026060618552929556.jpg	1447	1	3
551	Hacked by Dimples#1337	/videos5/34c97706c245ab74df5bc3c0e1551425/34c97706c245ab74df5bc3c0e1551425.m3u8					/upload_01/xiao/20260606/2026060618552961542.jpg	2091	1	0
552	Hacked by Dimples#1337	/videos5/fc9965ec37d1feeb22092c07eb040373/fc9965ec37d1feeb22092c07eb040373.m3u8					/upload_01/xiao/20260606/2026060618552959724.jpg	1236	1	0
553	Hacked by Dimples#1337	/videos5/f1d8f39bc95e0a9c872e4a3dec30b79b/f1d8f39bc95e0a9c872e4a3dec30b79b.m3u8					/upload_01/upload/20260608/2026060813091592498.jpeg	2223	1	0
554	Hacked by Dimples#1337	/videos5/dddf9228a547aa9e0655705b258afd33/dddf9228a547aa9e0655705b258afd33.m3u8					/upload_01/xiao/20260606/2026060618552854559.jpg	1219	1	1
555	Hacked by Dimples#1337	/videos5/b3b3c16ee9a66b73d39f040ea2304dbb/b3b3c16ee9a66b73d39f040ea2304dbb.m3u8					/upload_01/xiao/20260606/2026060618552950928.jpg	648	1	0
556	Hacked by Dimples#1337	/videos5/ebf1afffa6396e06340e95e315951f7f/ebf1afffa6396e06340e95e315951f7f.m3u8					/upload_01/xiao/20260606/2026060618552992740.jpg	502	1	2
557	Hacked by Dimples#1337	/videos5/c8548d18318fe6e8f639741c3a9eb40b/c8548d18318fe6e8f639741c3a9eb40b.m3u8					/upload_01/upload/20260605/2026060516345949413.jpeg	2415	1	2
558	Hacked by Dimples#1337	/videos5/d1d6786c189e9d068bd2a59560633add/d1d6786c189e9d068bd2a59560633add.m3u8					/upload_01/upload/20260606/2026060616163454394.jpeg	1894	1	2
559	Hacked by Dimples#1337	/videos5/ca6b4302c7beb001decc6ef28fc89604/ca6b4302c7beb001decc6ef28fc89604.m3u8					/upload_01/upload/20260606/2026060616171174803.jpeg	1570	1	42
560	Hacked by Dimples#1337	/videos5/21b42184e092fa41d5e4960c6546d7b7/21b42184e092fa41d5e4960c6546d7b7.m3u8					/upload_01/upload/20260605/2026060516355524176.jpeg	2051	1	0
561	Hacked by Dimples#1337	/videos5/55c0d3b5f026c45eb630672225d9c6c6/55c0d3b5f026c45eb630672225d9c6c6.m3u8					/upload_01/xiao/20260605/2026060514160762746.jpg	2003	1	1
562	Hacked by Dimples#1337	/videos5/ed4111107332bb1f28d79e929053b3cd/ed4111107332bb1f28d79e929053b3cd.m3u8					/upload_01/xiao/20260605/2026060514160775786.jpg	2275	1	0
563	Hacked by Dimples#1337	/videos5/ffdda2247d622b6248bdda49992f1f24/ffdda2247d622b6248bdda49992f1f24.m3u8					/upload_01/xiao/20260605/2026060514160740583.jpg	1436	1	0
564	Hacked by Dimples#1337	/videos5/a03663d9ca1dc88f7efaa750bfea3bb7/a03663d9ca1dc88f7efaa750bfea3bb7.m3u8					/upload_01/upload/20260604/2026060416523113689.jpeg	1465	1	2
565	Hacked by Dimples#1337	/videos5/f2882ffeb5be10e16451371e8ef58b74/f2882ffeb5be10e16451371e8ef58b74.m3u8					/upload_01/upload/20260604/2026060416515026801.jpeg	3308	1	0
566	Hacked by Dimples#1337	/videos5/b82c7f00cded053a5da110dec9afb7c1/b82c7f00cded053a5da110dec9afb7c1.m3u8					/upload_01/xiao/20260605/2026060514160764665.jpg	1408	1	2
567	Hacked by Dimples#1337	/videos5/0923994666356435cec13bb56974825e/0923994666356435cec13bb56974825e.m3u8					/upload_01/upload/20260605/2026060516353042370.jpeg	560	1	17
568	Hacked by Dimples#1337	/videos5/c20f4f20c3fe45763d223ad12038dcd0/c20f4f20c3fe45763d223ad12038dcd0.m3u8					/upload_01/upload/20260605/2026060516313611698.jpeg	2181	1	6
569	Hacked by Dimples#1337	/videos5/f8d3c8e1834ebfbaf0a2f0949af9ff59/f8d3c8e1834ebfbaf0a2f0949af9ff59.m3u8					/upload_01/upload/20260604/2026060416505733691.jpeg	1472	1	1
570	Hacked by Dimples#1337	/videos5/406ff03b5f2f0fda39efac0b1b091eee/406ff03b5f2f0fda39efac0b1b091eee.m3u8					/upload_01/upload/20260604/2026060416530313363.jpeg	3211	1	0
571	Hacked by Dimples#1337	/videos5/ea3544f76547fc2e2ab46eceae96d3a1/ea3544f76547fc2e2ab46eceae96d3a1.m3u8					/upload_01/xiao/20260603/2026060315181029479.jpg	2108	1	2
572	Hacked by Dimples#1337	/videos5/060f4a1a6ed3010610ab5b077ed4556f/060f4a1a6ed3010610ab5b077ed4556f.m3u8					/upload_01/xiao/20260604/2026060416181368544.jpg	1118	1	0
573	Hacked by Dimples#1337	/videos5/5bc106c14084aa1524617617c112f00a/5bc106c14084aa1524617617c112f00a.m3u8					/upload_01/xiao/20260604/2026060412512846767.jpg	572	1	20
574	Hacked by Dimples#1337	/videos5/d7d9986ac79edfeb437d39a62998aa81/d7d9986ac79edfeb437d39a62998aa81.m3u8					/upload_01/xiao/20260604/2026060416181371688.jpg	1252	1	1
575	Hacked by Dimples#1337	/videos5/790d296c937fe027b28b8f44f90a104c/790d296c937fe027b28b8f44f90a104c.m3u8					/upload_01/xiao/20260604/2026060412512853069.jpg	2188	1	1
576	Hacked by Dimples#1337	/videos5/0b99777af5096f417874ec71021258c0/0b99777af5096f417874ec71021258c0.m3u8					/upload_01/xiao/20260604/2026060416181367193.jpg	1611	1	0
577	Hacked by Dimples#1337	/videos5/0401ffabb450b3cf654d21a09294dd15/0401ffabb450b3cf654d21a09294dd15.m3u8					/upload_01/xiao/20260603/2026060315181016708.jpg	2059	1	0
578	Hacked by Dimples#1337	/videos5/aebd17897863f50e0d90b9d54d01e355/aebd17897863f50e0d90b9d54d01e355.m3u8					/upload_01/xiao/20260603/2026060315181038736.jpg	1242	1	1
579	Hacked by Dimples#1337	/videos5/2d468c89a4ff2c03d0e4e0a53dc62c11/2d468c89a4ff2c03d0e4e0a53dc62c11.m3u8					/upload_01/xiao/20260604/2026060416181311578.jpg	1624	1	0
580	Hacked by Dimples#1337	/videos5/719e10d945289d10105ee9c20e58d1e7/719e10d945289d10105ee9c20e58d1e7.m3u8					/upload_01/xiao/20260604/2026060412512878057.jpg	2167	1	1
581	Hacked by Dimples#1337	/videos5/69971efbb0512ba065ad19c45e5d1f35/69971efbb0512ba065ad19c45e5d1f35.m3u8					/upload_01/xiao/20260603/2026060315181085797.jpg	1371	1	0
582	Hacked by Dimples#1337	/videos5/6754a2a40aae4974f3b9d05a6a3978f3/6754a2a40aae4974f3b9d05a6a3978f3.m3u8					/upload_01/upload/20260603/2026060318015189165.jpeg	2472	1	0
583	Hacked by Dimples#1337	/videos5/35e267e81861a1fa8630d650eddb6ec0/35e267e81861a1fa8630d650eddb6ec0.m3u8					/upload_01/xiao/20260604/2026060412512822108.jpg	1757	1	0
584	Hacked by Dimples#1337	/m3m/70d8b939ac2b6f81b4d154ddc070c461a6b4319e8013b6573320349509a1338686dd7ad60dead4f8985ef8319dadabc7297955c60a6254cea031967dbb3e0957cba4ef95de6df55053fb28c83ccfbe28.m3u8					/md-204/dcc-file/03/03ec4525b70312b964c2e6fd72e5ed45.jpg	1925	1	1
585	Hacked by Dimples#1337	/m3m/25989cab565e2f5bf45ffd0165f5de143d33ee03e74dc92af051606142934beead26dfbe64320b25f968f1528f9af4d8f2bac4db262f68378e6938ac11877327cba4ef95de6df55053fb28c83ccfbe28.m3u8					/md-204/dcc-file/3c/3c52f1e70b417113a2dca038031b8482.jpg	1753	1	0
586	Hacked by Dimples#1337	/m3m/a374bf06ddb200947f3e27a3ea7525cca18566c5ecbb29b75c6f9f868be2beb2e4e33016588d522c2dfc0c17508f6224fc232735e946b68942eb98f6f828ae0dcba4ef95de6df55053fb28c83ccfbe28.m3u8					/md-204/dcc-file/c1/c129683c842a6c2d01d0fa9edfcfb361.jpg	1918	1	0
587	Hacked by Dimples#1337	/m3m/25989cab565e2f5bf45ffd0165f5de149286fa55962f585650d0ac0dc819b7f4935fb6bd19cd4ffa5000cd9dcd579ab1e4ffa1ae793fff78f200c7e506c1d569cba4ef95de6df55053fb28c83ccfbe28.m3u8					/md-204/dcc-file/3f/3f4fbee35b307cbfbc83f2498f292327.jpg	1447	1	2
588	Hacked by Dimples#1337	/m3m/70d8b939ac2b6f81b4d154ddc070c4610199d6986c47a432cb009617a82e786875b9429b9c8a0de4d423cd22e752745c29e3b0c71eb510f3c16fd35413e10508cba4ef95de6df55053fb28c83ccfbe28.m3u8					/md-204/dcc-file/eb/eb50b0254aabd7c0652f83fdbd60fd40-small.jpg	1503	1	0
589	Hacked by Dimples#1337	/m3m/a374bf06ddb200947f3e27a3ea7525ccb0b9e8e5d3001ba5e7d5af1ad9694753fd760b7bdafd1018f1a63a8478ad4616a70a49f778d86c8a0ea49d44e0f2b95dcba4ef95de6df55053fb28c83ccfbe28.m3u8					/md-204/dcc-file/6c/6c849969f5a33c421b80c7747c092dba-small.jpg	1178	1	1
590	Hacked by Dimples#1337	/m3m/70d8b939ac2b6f81b4d154ddc070c461babe1effefbc0c54668d90000460b97f4cd5e47f23dea81f45e1cdb7cfde61afcb89895afd9c43c38554cddcc0f674b6cba4ef95de6df55053fb28c83ccfbe28.m3u8					/md-204/dcc-file/1d/1df0e6dbae658f47592aa7b09c6c3601.jpg	1816	1	0
591	Hacked by Dimples#1337	/m3m/a374bf06ddb200947f3e27a3ea7525cc481dc7e35aa4653742b22c194050b47ff9f3ce55027a457f04fb2942c15a1c5d3ebda12daf17abf85f43e2d9324b5aa7cba4ef95de6df55053fb28c83ccfbe28.m3u8					/md-204/dcc-file/a8/a88ee379f948a835f498e31f57bf86be.jpg	1917	1	0
592	Hacked by Dimples#1337	/m3m/70d8b939ac2b6f81b4d154ddc070c4614a822ca04e42f2812e4c211d1edb5abf24536fa651c9e030aa2adf647414e700c74eab95b4e2eb56c2c84be74ceff891cba4ef95de6df55053fb28c83ccfbe28.m3u8					/md-204/dcc-file/fe/fe9c6a14dc67475baa3b5b27e33af867.jpg	2236	1	0
593	Hacked by Dimples#1337	/m3m/70d8b939ac2b6f81b4d154ddc070c4617d171884d7560ba831ab80165fa0f4298b7bda337448a52e365f5483a807ddc01f8cdb54d59ac8145e57cc8865e0f20ccba4ef95de6df55053fb28c83ccfbe28.m3u8					/md-204/dcc-file/31/31fb26a6445fd44e82b4087f7ff8ab33.jpg	1454	1	0
594	Hacked by Dimples#1337	/m3m/70d8b939ac2b6f81b4d154ddc070c4613d58aee49e91c0c69539fc5c2b1035ae0d2375e94607fbbf21b18723db202c3d701328e7afcc52f19bce9bca367da801cba4ef95de6df55053fb28c83ccfbe28.m3u8					/md-204/dcc-file/15/1572450ff7adfa472478444ce316e2a1.jpg	1801	1	0
595	Hacked by Dimples#1337	/m3m/70d8b939ac2b6f81b4d154ddc070c461d7103c48db99d1f865019eb3d419972160b15791052cc40752316c83e0e4b84746a16cbfafec14878a2d5b2a2676d8cdcba4ef95de6df55053fb28c83ccfbe28.m3u8					/md-204/dcc-file/68/68450182514a20cea920ead0c6e4089a.jpg	1887	1	0
596	Hacked by Dimples#1337	/m3m/a374bf06ddb200947f3e27a3ea7525cc6ad2a2bd500a4da6008d83c637a81ae5453243b26fdc6ccb4758aaceb8efdc006e1063395b6325c56fc604f845fc97b5cba4ef95de6df55053fb28c83ccfbe28.m3u8					/md-204/dcc-file/03/03d9afc8aa28a0e57deef2125fd66d10-small.jpg	1425	1	0
597	Hacked by Dimples#1337	/m3m/25989cab565e2f5bf45ffd0165f5de1428ab6037fcc8e2741bd9cdec4ea6fd73e4c4923a9bbd15756704384d5f13f9baa007eb3997c940e3cabe3ca7cdf6981ecba4ef95de6df55053fb28c83ccfbe28.m3u8					/md-204/dcc-file/ae/ae411da329b280dda8d69a91e79bb2dc-small.jpg	3408	1	0
598	Hacked by Dimples#1337	/m3m/25989cab565e2f5bf45ffd0165f5de143b5a80b76e55e519cf8eeafe08cce008c36a7dfd1441e05bf77baceb06a049b3d2ae671a3019d880988536c4893bb8b6cba4ef95de6df55053fb28c83ccfbe28.m3u8					/md-204/dcc-file/3f/3feea852ee5015d9b041769b11d1ee65.jpg	3253	1	0
599	Hacked by Dimples#1337	/m3m/25989cab565e2f5bf45ffd0165f5de14f255343366947c4291e2343882324904333fdf9494443dd6df5140e10b807c7fb9c0f9f780114091a38783aea1785842cba4ef95de6df55053fb28c83ccfbe28.m3u8					/md-204/dcc-file/a2/a2afd3dec0305aa06f9b6c4494d4a6a5.jpg	1929	1	0
600	Hacked by Dimples#1337	/m3m/25989cab565e2f5bf45ffd0165f5de14735f18d34c61c850f160413ff04fd1fed24cd53f65be302e7255ea870fe4b2b983e1ab06b4554a6d9085f25be7ffae34cba4ef95de6df55053fb28c83ccfbe28.m3u8					/md-204/dcc-file/a5/a51e70875b2a4b9f8c7bfa717642d0a5.jpg	2723	1	0
601	Hacked by Dimples#1337	/m3m/25989cab565e2f5bf45ffd0165f5de148ce6eb67f3b7222a769f8708f6d1f9ab048c5a2fa7fc59c08c9ce6082dcf417a2e0381816d2e6f373210b7b4b521b5f7cba4ef95de6df55053fb28c83ccfbe28.m3u8					/md-204/dcc-file/c1/c190a8c14d22a1b075a54c9873eb5944.jpg	2057	1	2
602	Hacked by Dimples#1337	/m3m/25989cab565e2f5bf45ffd0165f5de1457752991f51c5f013db540ea970362bebceb7b57d56174c0dfaddc37ae82a4ac8b7522a7aa753a2828858d0789094b4ccba4ef95de6df55053fb28c83ccfbe28.m3u8					/md-204/dcc-file/a1/a109ccb54a3f94ac03f2be534fbdc82e.jpg	1913	1	1
603	Hacked by Dimples#1337	/m3m/a374bf06ddb200947f3e27a3ea7525cc07a69a6e7f5ba60cc36bfb914e20612be8ec97dbc16354f7c60ec6ac29c711011d9c091fd4d64f697871f8cd04a47022cba4ef95de6df55053fb28c83ccfbe28.m3u8					/md-204/dcc-file/98/98224d868927b817c52cbab1d1707725.jpg	1315	1	0
604	Hacked by Dimples#1337	/m3m/25989cab565e2f5bf45ffd0165f5de14495d144db5f4de70970911ee70f1a9250bd2ea298476ca30293733347805af602c6f8546a302a07a40ea9f10b9a26414cba4ef95de6df55053fb28c83ccfbe28.m3u8					/md-204/dcc-file/cc/cc3df4c5bcfcac22b4391c09bd206daa.jpg	1882	1	0
605	Hacked by Dimples#1337	/m3m/a374bf06ddb200947f3e27a3ea7525cc487bd07f56fadff052fba637a095effb01f7d6d50d14ec541c247679eb18f45965e237a442cd88febad29cccc8fe3943cba4ef95de6df55053fb28c83ccfbe28.m3u8					/md-204/dcc-file/e7/e7568b1445b8938d80911d68866f48f3.jpg	2014	1	0
606	Hacked by Dimples#1337	/m3m/70d8b939ac2b6f81b4d154ddc070c461b91210e0908bc0439f8c96507fb8dd1776ac65c86ba12d177db5ba39d358f5ef9fa574481368b14046e7250d81495fbacba4ef95de6df55053fb28c83ccfbe28.m3u8					/md-204/dcc-file/12/12e3fba6fbfbf567369996712496a93d.jpg	2637	1	1
607	Hacked by Dimples#1337	/m3m/a374bf06ddb200947f3e27a3ea7525ccf38505e752d437a5c5e7c2dade3de9484dbf8bb5441d8c8262436f2401e29e17f726a935f024c41e0afb9ed405ea7a7acba4ef95de6df55053fb28c83ccfbe28.m3u8					/md-204/dcc-file/43/4390c9138c9fe3c9c21ed5fffef64c12-small.jpg	1046	1	0
608	Hacked by Dimples#1337	/m3m/70d8b939ac2b6f81b4d154ddc070c461e1e3904d36ed67ea798c51f9dea66a0d875b09317b25bdcc44154e09a225a061e0ff3771d0feddaeb9a150e7310e52a9cba4ef95de6df55053fb28c83ccfbe28.m3u8					/md-204/dcc-file/30/30ef54fdadcbbc7e928a776af5c95c7f-small.jpg	1538	1	0
609	Hacked by Dimples#1337	/m3m/25989cab565e2f5bf45ffd0165f5de14892187827acb37b0935837b3536edf7d979ea3ed67081d41cccff90a119ca0d62f8f284f79f19a79b6f9347fecef6ed2cba4ef95de6df55053fb28c83ccfbe28.m3u8					/md-204/dcc-file/f4/f48ce79a908c76224dc4a92bc4c7c122.jpg	2171	1	0
610	Hacked by Dimples#1337	/m3m/25989cab565e2f5bf45ffd0165f5de141804bb49fdc98a0bf88438e4b540227f834473ae412536e713972eeb90ca74962d20560e6917c832e8f9f3c124a266cacba4ef95de6df55053fb28c83ccfbe28.m3u8					/md-204/dcc-file/97/97451c51219f61827968ab48290f7e33.jpg	3745	1	0
611	Hacked by Dimples#1337	/m3m/25989cab565e2f5bf45ffd0165f5de145341d7db5a8b197662d25c4bb5c2121f364ab4d3291b17eba6fd9d93aef149044814b920ffb92386c009a7de49fb024bcba4ef95de6df55053fb28c83ccfbe28.m3u8					/md-204/dcc-file/1f/1fb3333007f711dc545383e466cce6a1.jpg	2077	1	0
612	Hacked by Dimples#1337	/m3m/25989cab565e2f5bf45ffd0165f5de14c66de9ea9cf1fe8c94d5b83c63e2ed3c2ed1c28d09aa530126d052b4084de40e7c613518ea162e65e622b85cfe4b0badcba4ef95de6df55053fb28c83ccfbe28.m3u8					/md-204/dcc-file/59/59e9ef47cab08530a360cb9dccbbca4b.jpg	2455	1	1
613	Hacked by Dimples#1337	/m3m/70d8b939ac2b6f81b4d154ddc070c461a860324d5fcfa925ffdf0b22d1a9fd7d5a5cf5fc509d78ad20d5b3c94ec97bb8fcb911799ddf16fd4dc38091d6f4a33dcba4ef95de6df55053fb28c83ccfbe28.m3u8					/md-204/dcc-file/43/439f4b81e19d8354f00e8b2558c8faf7-small.jpg	2374	1	1
614	Hacked by Dimples#1337	/m3m/70d8b939ac2b6f81b4d154ddc070c461442bc32f54d3e38a67df732961cf073332bc2ff7ec106b26ffdce7e74eec1f8cde9587a3039e05e37175bfb97cfc3476cba4ef95de6df55053fb28c83ccfbe28.m3u8					/md-204/dcc-file/27/278f98bc7df18db4285f79701e5045cc.jpg	1670	1	0
615	Hacked by Dimples#1337	/m3m/70d8b939ac2b6f81b4d154ddc070c461a0d90d3fb00c7f9c5fb20b8902722ed2cfd1c3169fb49337521f487e88b4444b44d73cd7cd2bc9b4a8dad1b9f466a36dcba4ef95de6df55053fb28c83ccfbe28.m3u8					/md-204/dcc-file/54/547ebb99f5f60aea8a2fb7be89a90bff-small.jpg	1609	1	0
616	Hacked by Dimples#1337	/m3m/25989cab565e2f5bf45ffd0165f5de142e74fa417907120f8636f341ff56ea8ec2436e4bdc3222f632b593a6eaf101bc41e2e02ad95aab7ae1650aa658ff7b12cba4ef95de6df55053fb28c83ccfbe28.m3u8					/md-204/dcc-file/52/525778957ad055c809bbd8c88ead151e.jpg	1455	1	0
617	Hacked by Dimples#1337	/m3m/25989cab565e2f5bf45ffd0165f5de14355aaeb6210d54dbce30c470f691d83afe20e4155544ffdaad62f30a0843290607420e2f150407ad6432fd60d85afbe2cba4ef95de6df55053fb28c83ccfbe28.m3u8					/md-204/dcc-file/70/70b5a89e1314eddd1ace3a41d487265d.jpg	1810	1	0
618	Hacked by Dimples#1337	/m3m/25989cab565e2f5bf45ffd0165f5de14805dcc034637d312bd165e383f8b8e290730dea4d13d2fdf132e2ccc068400ba8ba7e9472aee6e3e1bc786958ee198a4cba4ef95de6df55053fb28c83ccfbe28.m3u8					/md-204/dcc-file/60/60f86d641d2cfcd334c02b5688ae63ff.jpg	1142	1	0
619	Hacked by Dimples#1337	/m3m/70d8b939ac2b6f81b4d154ddc070c4615491aa47089714af0eeea9ab7286309b603cd0f6cc7651a6fde5a958ad2a27f80effa71875fb056cb1875f9c5ea044d1cba4ef95de6df55053fb28c83ccfbe28.m3u8					/md-204/dcc-file/fb/fbde329011707968f55032c4529c6e29.jpg	2794	1	0
620	Hacked by Dimples#1337	/m3m/25989cab565e2f5bf45ffd0165f5de1406022cde48bf6db0929e3b4b5fc701011a5074e9aa2619e5067c17565033a5d75f16225ba576895abb9d432f59e7f786cba4ef95de6df55053fb28c83ccfbe28.m3u8					/md-204/dcc-file/a1/a1724ee242c272cce6732c76a7a1a793.jpg	1418	1	0
621	Hacked by Dimples#1337	/m3m/70d8b939ac2b6f81b4d154ddc070c4610cae7b86813cf4021fb59bbf2e8968dd9f73dd78d06b70f5ac578201407c97a6313ff6cd5136d88b5cfb20629b10b220cba4ef95de6df55053fb28c83ccfbe28.m3u8					/md-204/dcc-file/35/358483ef2e2def9738c12053b9bc6c1c.jpg	2492	1	0
622	Hacked by Dimples#1337	/m3m/a374bf06ddb200947f3e27a3ea7525cc96bf8ea00f97a53f161a143454de812e7a7bc8b699d293ff176bd96bc6929d5b2af617b9c65659f97ed1cf751f0b6d90cba4ef95de6df55053fb28c83ccfbe28.m3u8					/md-204/dcc-file/9f/9f4d091f025063ee4ec3f5ed634e47a1-small.jpg	1739	1	0
623	Hacked by Dimples#1337	/m3m/a374bf06ddb200947f3e27a3ea7525cc1970e9f386c79044e9bc8f4cbc20bdfaea0c037324b2efc2b623dce578f50c20ef9c4dc4317be1b8daef52950245ebd7cba4ef95de6df55053fb28c83ccfbe28.m3u8					/md-204/dcc-file/f1/f1d652828ce1d3262b3e5157f5aef794.jpg	1755	1	0
624	Hacked by Dimples#1337	/m3m/70d8b939ac2b6f81b4d154ddc070c4619d0c96c662d66a2c319313a7ff583a12339eb3274f13ebeb8b6fbf5a1b4f19d87c54523d4f2cc8a0d0d8a384f623b2f0cba4ef95de6df55053fb28c83ccfbe28.m3u8					/md-204/dcc-file/b9/b9f433a318b002bbe9d4fdc5cbba1b90-small.jpg	1198	1	0
625	Hacked by Dimples#1337	/m3m/70d8b939ac2b6f81b4d154ddc070c4610cd7c5c8711e49f6f276f9fe172a49013f575ffbdf9f38db9febd10ea473595ea81701118c1bba8043458a39ce383233cba4ef95de6df55053fb28c83ccfbe28.m3u8					/md-204/dcc-file/07/07066d30323d96beb79061240dddd1c3-small.jpg	1976	1	0
626	Hacked by Dimples#1337	/m3m/a374bf06ddb200947f3e27a3ea7525ccd6b61ec97bf8a4bf16ba1cdfc6129e1c56aac53f19fc497c278cce3ad45f22d9a7f9e7e18a598efb6c383c602e479a4fcba4ef95de6df55053fb28c83ccfbe28.m3u8					/md-204/dcc-file/ed/ed3667ff56fa46d3c969fcc51261a50d.jpg	2072	1	0
627	Hacked by Dimples#1337	/m3m/25989cab565e2f5bf45ffd0165f5de145749fa5928ad477d37e8b7e0069815cabc51c2b0fd373d85dcdbbffa26256af66799b709712a1ed6dd9ccc209dbdd188cba4ef95de6df55053fb28c83ccfbe28.m3u8					/md-204/dcc-file/44/44c7f79446e8f096775b90a1344f2fae.jpg	1784	1	0
628	Hacked by Dimples#1337	/m3m/70d8b939ac2b6f81b4d154ddc070c461de5f94493e94235848aa2cceaa027d7830ea5b97809312982213742d7f59a05cff7f18ffa11c76c2ecc13617f7855dd9cba4ef95de6df55053fb28c83ccfbe28.m3u8					/md-204/dcc-file/c0/c0c5ffcc1a92a883f201adc11ef44c04.jpg	1673	1	1
629	Hacked by Dimples#1337	/m3m/a374bf06ddb200947f3e27a3ea7525cc8e72ccd9f4f4f867204ab15e33fcbe92c4fdedbc757c2a77ec8c26f860bfdcbc0b99403a1e11bd20a3f1e027ce42612acba4ef95de6df55053fb28c83ccfbe28.m3u8					/md-204/dcc-file/96/9679f2fb9f10d8767e37e56d69118592.jpg	3689	1	0
630	Hacked by Dimples#1337	/m3m/70d8b939ac2b6f81b4d154ddc070c4610516e3262c64d711bc2a88fa70fff758b504ffebe1acc68d826918f52a17c42ad5854e602b83c739dad6969417fc78e2cba4ef95de6df55053fb28c83ccfbe28.m3u8					/md-204/dcc-file/24/24f9a8b3c81c04fc3870afd55c1ad1ef.jpg	2161	1	0
631	Hacked by Dimples#1337	/m3m/25989cab565e2f5bf45ffd0165f5de143fa5f6321ca2ec7bc4ec6fda3783648fd41b951492639fe74edf6ef9074b4f8d27f4e602de742c6ec4b2d15eb0a966f6cba4ef95de6df55053fb28c83ccfbe28.m3u8					/md-204/dcc-file/e3/e336d08544a754b98833c74fe07dedd0.jpg	1494	1	0
632	Hacked by Dimples#1337	/m3m/70d8b939ac2b6f81b4d154ddc070c461a1eacdea46f8c764fe1caf6a2446e926f6e02b8892fb77452d3a4efae00636701bd405ef64f0caf7e454920f49a9eb87cba4ef95de6df55053fb28c83ccfbe28.m3u8					/md-204/dcc-file/10/10a13badd57d002df22c7c10dd832959-small.jpg	1280	1	0
633	Hacked by Dimples#1337	/m3m/25989cab565e2f5bf45ffd0165f5de1494feceb9af8c60d14b15ada8ba795574b2c3ae0aa44e9e428b1f9510d0d97f1a195a55d3e3ae3b36f527a1652f839bcdcba4ef95de6df55053fb28c83ccfbe28.m3u8					/md-204/dcc-file/dd/dd7ee83fbd0619ce0ff57ba105aa5066.jpg	1891	1	1
634	Hacked by Dimples#1337	/m3m/a374bf06ddb200947f3e27a3ea7525cc96c58b86270fc68793808b49d68bd07bccf13ce517ea8afd021c563a64d82f25f387490964046875c891b44f7fce83c8cba4ef95de6df55053fb28c83ccfbe28.m3u8					/md-204/dcc-file/e7/e739eb25028386bcb6dc54ec083a24d6-small.jpg	2514	1	0
635	Hacked by Dimples#1337	/m3m/25989cab565e2f5bf45ffd0165f5de14b93459e8fb0e98d2a1829e25ed62ecd2adfbbae8c4b9bdacd13a8d2cb37af91936a9effdbf31fcf7108eda16b0b74952cba4ef95de6df55053fb28c83ccfbe28.m3u8					/md-204/dcc-file/79/79ba7666182e31564e32deb90a10d98a.jpg	1818	1	0
636	Hacked by Dimples#1337	/m3m/25989cab565e2f5bf45ffd0165f5de14da19be2bfa99cc0525dfe8877807b319153c1dbb9bab442180ab7d36110f8f71287ef01537e3ef5c09b3c1749c5ea4c0cba4ef95de6df55053fb28c83ccfbe28.m3u8					/md-204/dcc-file/d0/d0c8d072fa555be59681a9f0de068029.jpg	2785	1	9
637	Hacked by Dimples#1337	/m3m/70d8b939ac2b6f81b4d154ddc070c4612c34458b39b4ae5f5c8b971e09d56e1c2ac6f5dc4597d2f95304428893fb88a1e15b2a58bd3c9124c8260140660aa073cba4ef95de6df55053fb28c83ccfbe28.m3u8					/md-204/dcc-file/eb/ebc65a4433850ee30183985834146d8f.jpg	1791	1	0
638	Hacked by Dimples#1337	/m3m/25989cab565e2f5bf45ffd0165f5de14314666cb256bf8723462e1904501a4cb5c6f09446a6ec0d05efc2615d591e24374eefdeabf66f80448193f98836adbb8cba4ef95de6df55053fb28c83ccfbe28.m3u8					/md-204/dcc-file/14/14afb23cf1d5f6c3f7b78049b3c04482.jpg	1724	1	0
639	Hacked by Dimples#1337	/m3m/70d8b939ac2b6f81b4d154ddc070c461ccfe18dc81da914560a5631147f2be40de88290df1dfb5256d5d29443bd0d802d37ab7aee12609575cd0b9c8468a4628cba4ef95de6df55053fb28c83ccfbe28.m3u8					/md-204/dcc-file/30/303863456037b32c302e4b44ca0221e0.jpg	3142	1	0
640	Hacked by Dimples#1337	/m3m/70d8b939ac2b6f81b4d154ddc070c461894a5808715d4e9021534a83178388865b6f124197d946b5486f2a2b5724ef243fff92dd9ffd39d0d17cc16bce98c372cba4ef95de6df55053fb28c83ccfbe28.m3u8					/md-204/dcc-file/40/401e0c6425db9b118a4b328874bd87f6.jpg	1940	1	0
641	Hacked by Dimples#1337	/m3m/25989cab565e2f5bf45ffd0165f5de149f01589e9a0c6a4185aeaf01753484ffd0f23e4be3e81133a1dc9a560fd69ac43e3523fc277fbf8e788b40df04ff4eb5cba4ef95de6df55053fb28c83ccfbe28.m3u8					/md-204/dcc-file/88/888f87ffc130b70f7e37531be11fcfa3.jpg	1930	1	2
642	Hacked by Dimples#1337	/m3m/25989cab565e2f5bf45ffd0165f5de146d418ebf28b035231f786f1b1218bbe8f49cbf26f7e3397c00d599d17e26492207f6e89766995fb7d24b85fbaf1ba51dcba4ef95de6df55053fb28c83ccfbe28.m3u8					/md-204/dcc-file/ad/adabd033aeabdc565eb463234b49b3e4-small.jpg	1312	1	0
643	Hacked by Dimples#1337	/m3m/25989cab565e2f5bf45ffd0165f5de14d002add05fda5ffdeaada519520327b7a12165854422970c399c14d4747bca9f95b4d06ddb2468bd9ebe01a29c945d63cba4ef95de6df55053fb28c83ccfbe28.m3u8					/md-204/dcc-file/1d/1d7acf47fce5ccd16c0c8ea35b9f85b5.jpg	1886	1	0
644	Hacked by Dimples#1337	/m3m/70d8b939ac2b6f81b4d154ddc070c461c75a4b45917a4abe631fab7b84514aecc898d67f6bcc6f876ce887cf0aa012f279cdb8a424d60b9f02790ddf2b408aebcba4ef95de6df55053fb28c83ccfbe28.m3u8					/md-204/dcc-file/dd/dd585a85a4c61abfa4d6f9c28ffd23fe.jpg	1746	1	2
645	Hacked by Dimples#1337	/m3m/25989cab565e2f5bf45ffd0165f5de1479e7eaedb88f8223799619f539fee9abfe53ddb9aec8669ee50a6eb63b020ee369b176f094ceb1d87e69a7ae3ee488c5cba4ef95de6df55053fb28c83ccfbe28.m3u8					/md-204/dcc-file/c6/c6072cff769b3497be206c3f5656e6be.jpg	1804	1	0
646	Hacked by Dimples#1337	/m3m/25989cab565e2f5bf45ffd0165f5de14a751f0c3b3fcfe34e5226186f09a89cdfb91eccc2d664ffdeff2594011f7262ffb82545e37a9b02936832f6f8afb66cccba4ef95de6df55053fb28c83ccfbe28.m3u8					/md-204/dcc-file/65/656d1cf6564f61dd805cd3e1aa2a3ac4.jpg	1794	1	1
647	Hacked by Dimples#1337	/m3m/70d8b939ac2b6f81b4d154ddc070c461790f939fee0088090775fb5d7005edb50eb78689a6e006247833977c7e1a2c3cdce53979df63140f07478b946e2c7087cba4ef95de6df55053fb28c83ccfbe28.m3u8					/md-204/dcc-file/29/29db89411a19ced8a403ca8d49c6802c-small.jpg	1302	1	0
648	Hacked by Dimples#1337	/m3m/a374bf06ddb200947f3e27a3ea7525ccf80890257c482aff73a2adb8122e1ae11ad3b84b4a6b7844ef3a9f949c69d2deb7386fc7cd9a522a358d41d55a363390cba4ef95de6df55053fb28c83ccfbe28.m3u8					/md-204/dcc-file/11/11d43ebdb108636e502337305f3c570d.jpg	1911	1	3
649	Hacked by Dimples#1337	/m3m/a374bf06ddb200947f3e27a3ea7525cc730a335025ffc5dd7f0a52183b8ee6b99a56fc4f7097913cbcde39bb4ea87c755b19b8250566a1028cbc7a8dba28aec3cba4ef95de6df55053fb28c83ccfbe28.m3u8					/md-204/dcc-file/73/73e5843812bbcd31bec8138382e395ec.jpg	3436	1	0
650	Hacked by Dimples#1337	/m3m/25989cab565e2f5bf45ffd0165f5de1458effdbbcaf0508c00b098db336c13ebf8bf8b669c7e91da782f5687c546c0f0bc7315e3783211a28ff9af5c09e0c985cba4ef95de6df55053fb28c83ccfbe28.m3u8					/md-204/dcc-file/a1/a1d162ea3a67c075e2419de112e7d81c.jpg	1892	1	0
651	Hacked by Dimples#1337	/m3m/70d8b939ac2b6f81b4d154ddc070c4617b9739ba56275db45f7b313888796ae5b15a7500e3b57b33e6da7b3d64c146eae83aa23de12c910bc2a1bbd44cc55cb7cba4ef95de6df55053fb28c83ccfbe28.m3u8					/md-204/dcc-file/07/0747217396d38bf83861169acf5625c8.jpg	1774	1	0
652	Hacked by Dimples#1337	/m3m/a374bf06ddb200947f3e27a3ea7525cc7da14731d8390459bc009cbe2899a2d6e878499db043c59df90ea3162f9308960aae07c2d5623c64edb8fba0fb317962cba4ef95de6df55053fb28c83ccfbe28.m3u8					/md-204/dcc-file/33/33d343f8ffee644e994864d0006192be-small.jpg	2634	1	1
653	Hacked by Dimples#1337	/m3m/a374bf06ddb200947f3e27a3ea7525cc1d3485d86ebb6b92a459e78b3d1ca0a1e6cc1523535f30db935e2c6bb5e8f956a2eba70e1c71eb4574672f5f961ea6c6cba4ef95de6df55053fb28c83ccfbe28.m3u8					/md-204/dcc-file/ab/ab899d9ba8698f0de0c79b26ab319e3a.jpg	2978	1	0
654	Hacked by Dimples#1337	/m3m/70d8b939ac2b6f81b4d154ddc070c4614793840960ad3f5e7d728756e24c310c66ee45214bb4c90d578e469b9e3dbb3dd8410e87026e442a085bb70d763fbe6bcba4ef95de6df55053fb28c83ccfbe28.m3u8					/md-204/dcc-file/53/53dd6e057681295b382f972ef810e84e-small.jpg	1130	1	0
655	Hacked by Dimples#1337	/m3m/70d8b939ac2b6f81b4d154ddc070c461295076329541c80a1f54afc0ad42647d8910f1d5308f513162d10866932427cea2bbdd7b888ac5a0f4beb777a0aeb559cba4ef95de6df55053fb28c83ccfbe28.m3u8					/md-204/dcc-file/fe/fe11b8559a5e612e4bf609da7f1bfad1.jpg	1615	1	1
656	Hacked by Dimples#1337	/m3m/25989cab565e2f5bf45ffd0165f5de14af7c26d64045fe793dcbfc446e21a006b66646a039cd3a4409a1f5589e3f0a3efdf5f4b62cb9735b87764a266fc1cfdecba4ef95de6df55053fb28c83ccfbe28.m3u8					/md-204/dcc-file/3d/3d674fa7078b6f6b5e9c5ce67bbcbb14-small.jpg	1368	1	0
657	Hacked by Dimples#1337	/m3m/70d8b939ac2b6f81b4d154ddc070c4619aa2931d4acc87efd213e6d205a16bc3ed45078765159ffbd12aa153d356516c9bd2421dd7891f9e15f914dc4b95faeccba4ef95de6df55053fb28c83ccfbe28.m3u8					/md-204/dcc-file/53/53101a0b5a30da30bb421040c0c56b88.jpg	1906	1	0
658	Hacked by Dimples#1337	/m3m/70d8b939ac2b6f81b4d154ddc070c461d0e058bdb616607f32c6f7b2ad430185e937efc988d931b0cc5f205516821aadd9f68755430816327bdf2a991a77ce32cba4ef95de6df55053fb28c83ccfbe28.m3u8					/md-204/dcc-file/29/29395495ecc9c335ff29d4534300242a.jpg	1745	1	0
659	Hacked by Dimples#1337	/m3m/25989cab565e2f5bf45ffd0165f5de149e0e71045f29fd1d5f654a4251d853273431e97f3dcebcda55c3d141d3b9a7da212ffeb0be3b7578fa115c590ca824f4cba4ef95de6df55053fb28c83ccfbe28.m3u8					/md-204/dcc-file/74/7474c1579465bb87d87f9775be7b1199.jpg	2054	1	0
660	Hacked by Dimples#1337	/m3m/70d8b939ac2b6f81b4d154ddc070c46115e1f5f54704e97fb7e53171293c0ca75bccf8d06f8dff6faca82c778a58d6aea526eb0d58b871fd9a4c12b80a7074c6cba4ef95de6df55053fb28c83ccfbe28.m3u8					/md-204/dcc-file/11/11a6b58f977f438e99720e9cd638e633.jpg	3096	1	0
661	Hacked by Dimples#1337	/m3m/25989cab565e2f5bf45ffd0165f5de14f78328668cedca116d38e911384e3b13b7c1a2a87a71de939d0c136257c066f57faee47b19d25c25272c0c1ffc9f4913cba4ef95de6df55053fb28c83ccfbe28.m3u8					/md-204/dcc-file/88/883eb743c96d414d5437453c486ca9e7.jpg	1761	1	0
662	Hacked by Dimples#1337	/m3m/70d8b939ac2b6f81b4d154ddc070c461f5c8f7baa22f50f83d458f64d3d1e612c2c6c105057170a828afa2567f923a096d39da2e696e35c5db2ab2e49fa668eccba4ef95de6df55053fb28c83ccfbe28.m3u8					/md-204/dcc-file/c9/c9d361a0807572c16a1a524a91383c56.jpg	1722	1	0
663	Hacked by Dimples#1337	/m3m/70d8b939ac2b6f81b4d154ddc070c461d3db72087f6638a3bcaea2d7437fbaee70b4f83f4762d037a8e74292ac9e085b95b541504393f030ed2155dec830702ccba4ef95de6df55053fb28c83ccfbe28.m3u8					/md-204/dcc-file/5a/5aa741839162923b8faf288be79244f5.jpg	1703	1	0
664	Hacked by Dimples#1337	/m3m/70d8b939ac2b6f81b4d154ddc070c461799f4002a76556a7da892f7761b638a5fa89489838989d017303a10ac4cfa5155a16672bfad3ee4e9dd60f2beaf58b0ccba4ef95de6df55053fb28c83ccfbe28.m3u8					/md-204/dcc-file/26/26a9169955bf7f74aa9bd22358bc631d.jpg	1282	1	0
665	Hacked by Dimples#1337	/m3m/25989cab565e2f5bf45ffd0165f5de14fc4fb56579b98c26ed3cc00a84b60253eae38d3df72c3fb3d751456a10c27af72e6cc8a5d3f794fad62c82cbda0083dbcba4ef95de6df55053fb28c83ccfbe28.m3u8					/md-204/dcc-file/14/144c70dde63814abdc349dee8d5e4c16.jpg	1817	1	0
666	Hacked by Dimples#1337	/m3m/a374bf06ddb200947f3e27a3ea7525ccb5f75d75a6f2ff13d2b02567b4a0c7c695c9ac26438c4882bcec7c61faac1d7a54853c330eea4acb49dc294ee278b4a1cba4ef95de6df55053fb28c83ccfbe28.m3u8					/md-204/dcc-file/b6/b6dde8d500f6bf5c2c68f0831a05f6af.jpg	3372	1	0
667	Hacked by Dimples#1337	/m3m/70d8b939ac2b6f81b4d154ddc070c461ccc0aa6e302fceec91e10297851f209043b8bc7aafd2d366579ae7d52cab5ec34204d639dfb33287aa5561e9fb2e6b08cba4ef95de6df55053fb28c83ccfbe28.m3u8					/md-204/dcc-file/9a/9aa729d6f9f2acf9e5b5f92ba05b146c.jpg	1807	1	0
668	Hacked by Dimples#1337	/m3m/25989cab565e2f5bf45ffd0165f5de1443e2340bcb24da7a4d6e5061952034f05debc04d5dfb91debfb8cee840f2768fa4b3688a6ff1a67df2d1f3a7ec8a4dbccba4ef95de6df55053fb28c83ccfbe28.m3u8					/md-204/dcc-file/e7/e7f14f783cf9b45e4baad01dcf18c748.jpg	1256	1	0
669	Hacked by Dimples#1337	/m3m/70d8b939ac2b6f81b4d154ddc070c46118c1877c26f2cee26c0a3fde2739a41fa23eff0276256cb17709d8aebb87a309530763c97236ad8b1451ae77ac1de5f6cba4ef95de6df55053fb28c83ccfbe28.m3u8					/md-204/dcc-file/72/7238cf8b6bccdc2b1d1ce9baecd1c169.jpg	1788	1	0
670	Hacked by Dimples#1337	/m3m/70d8b939ac2b6f81b4d154ddc070c4614da7802873323423cfd3f14ce6d8b119fd19918d95ceeeda7a2b61be7c911ccdf2ffa769c8ed4eee06d6591939a46e78cba4ef95de6df55053fb28c83ccfbe28.m3u8					/md-204/dcc-file/bd/bda1c145824c34ee515ed8963a3aae49-small.jpg	1684	1	0
671	Hacked by Dimples#1337	/m3m/25989cab565e2f5bf45ffd0165f5de14fc4d146a75834df54132124edfa878c0b4c6a9782a233fd47cff43e51f483848c8ec76245ee3f986669d61d1fdfc741ecba4ef95de6df55053fb28c83ccfbe28.m3u8					/md-204/dcc-file/dd/ddc8a3344840edf5cdacb29f22ae219d.jpg	2597	1	0
672	Hacked by Dimples#1337	/m3m/70d8b939ac2b6f81b4d154ddc070c4616cb194f47df10ca5aa362ac9421e7b5078846df6c8362c590bc9e968818de9bc1f9cbd1336685cbc6f4b3c06d42e2f9dcba4ef95de6df55053fb28c83ccfbe28.m3u8					/md-204/dcc-file/37/37ee4383a16e96d23b83cbda80a71aa7.jpg	2412	1	1
673	Hacked by Dimples#1337	/m3m/25989cab565e2f5bf45ffd0165f5de14c1cd9ca140ce3d388661c8485bb0db61ac60fc7c135214b0854209a5e20b8adba8dfaaf27294471912529cf6d410ba13cba4ef95de6df55053fb28c83ccfbe28.m3u8					/md-204/dcc-file/ab/ab0a99615f4ac774e1a669705ec8fd64-small.jpg	3590	1	0
674	Hacked by Dimples#1337	/m3m/70d8b939ac2b6f81b4d154ddc070c461f2dcbcb343737bb4ba06ee877d226f7de7ddeb1ba8c9b7656911dc0fcdb3cd8c23fba9a232c4f6aa5ea9d17005c5e6dbcba4ef95de6df55053fb28c83ccfbe28.m3u8					/md-204/dcc-file/b4/b4c67f694c0d016bd2f27264fb5fba86.jpg	1982	1	0
675	Hacked by Dimples#1337	/m3m/70d8b939ac2b6f81b4d154ddc070c4615d5259d59313e510eff9e030093305f3cd94a08a5f6b4c3640670bbd8b43007de175340bac93fc11a9db0344fde6fd1dcba4ef95de6df55053fb28c83ccfbe28.m3u8					/md-204/dcc-file/5d/5de77d8840370fe09c584ad3dff00c0e.jpg	1739	1	0
676	Hacked by Dimples#1337	/m3m/25989cab565e2f5bf45ffd0165f5de14dc070c193523cb682da6d22e7955c6c026d88c76507571a68936131132f51ac5ac6520f6b13982f8b6886458d8cda2ddcba4ef95de6df55053fb28c83ccfbe28.m3u8					/md-204/dcc-file/fe/fe4e39fc1d9be3bf8e04ebbbdaef2ad5.jpg	1884	1	0
677	Hacked by Dimples#1337	/m3m/70d8b939ac2b6f81b4d154ddc070c4614068836eb4ea06a5fffe86b774e8ed8bd8bed6f6b896e630de9c731626c438b2079f6570b85d5bd9cbab5f90b81ff5b3cba4ef95de6df55053fb28c83ccfbe28.m3u8					/md-204/dcc-file/90/90e0f0391deaeab247d69da3538088d4.jpg	2115	1	0
678	Hacked by Dimples#1337	/m3m/70d8b939ac2b6f81b4d154ddc070c461af053a15e0ef544c6033700fad547da1212cf0d1400d7cb794501ee3db333935f691dde2010baf261641340728b3b4a0cba4ef95de6df55053fb28c83ccfbe28.m3u8					/md-204/dcc-file/27/2799b243982940a3ef3a55977d5e3cd9.jpg	1829	1	0
679	Hacked by Dimples#1337	/m3m/70d8b939ac2b6f81b4d154ddc070c461db664ee0ef97ebb3c53e7a19ba5624987d0d5dd04779f03418edb38102bb5e06e3e527f90a275989d4150c3e9f0c7c23cba4ef95de6df55053fb28c83ccfbe28.m3u8					/md-204/dcc-file/e6/e6e60ccfd0109c209e027d32a8d91713.jpg	1083	1	0
680	Hacked by Dimples#1337	/m3m/a374bf06ddb200947f3e27a3ea7525cc736234d1422c6d2338b45b6686f552f7ca3dc07c84488327f33a0f1ebc78ea4ef70e62e89ffdcd3eaefa44de8948c752cba4ef95de6df55053fb28c83ccfbe28.m3u8					/md-204/dcc-file/d6/d66a85928cb5b0f3001198f97ece7051-small.jpg	1446	1	0
681	Hacked by Dimples#1337	/m3m/25989cab565e2f5bf45ffd0165f5de141605dea389a8abe6b0f8a5ea8f1cb543b51ce63bd189c3f3ba9a7175417399e6c6607869ab2fcc41c9c737f2d405f5b9cba4ef95de6df55053fb28c83ccfbe28.m3u8					/md-204/dcc-file/df/df89828b09a43ea4f0f971944299f8ca-small.jpg	2024	1	0
682	Hacked by Dimples#1337	/m3m/70d8b939ac2b6f81b4d154ddc070c46177f5dca36b72b0b829d30a1e498174037e8d15c9f0770c88475694af2b1f690648cbfadae4440c3bfdc741ed3a39186ecba4ef95de6df55053fb28c83ccfbe28.m3u8					/md-204/dcc-file/2f/2f28d7c7cce48117542eaec0d1be1d41.jpg	1766	1	1
683	Hacked by Dimples#1337	/m3m/70d8b939ac2b6f81b4d154ddc070c4610f9221aa67e2a0c9a732eef1f0a531c3f137e2a20d92a83b36b1ae3a0687100b23b842ccdfe1bfc4d5360369b42f6d60cba4ef95de6df55053fb28c83ccfbe28.m3u8					/md-204/dcc-file/cd/cd4353cc63e07a4f73647e30ce8fae47.jpg	3241	1	0
684	Hacked by Dimples#1337	/m3m/a374bf06ddb200947f3e27a3ea7525ccce58737e883e5e29c212448fa73d7209af81b40649848da01aa8a19f46e84beafff966aed1932fae97c31f0ae72ae113cba4ef95de6df55053fb28c83ccfbe28.m3u8					/md-204/dcc-file/36/36cf1c33a446a47f13650a063e43d358.jpg	1854	1	1
685	Hacked by Dimples#1337	/m3m/25989cab565e2f5bf45ffd0165f5de148c34f5d97a969ad8550317935ae65e43199a5afcfcc31ee4846deb3b3ca173303ca4b4faccb314d901bd2547ad64dabecba4ef95de6df55053fb28c83ccfbe28.m3u8					/md-204/dcc-file/3a/3a2174b4174ef04fb77df8effd23de89.jpg	3722	1	0
686	Hacked by Dimples#1337	/m3m/25989cab565e2f5bf45ffd0165f5de14f287b07bb69d722e3a503eec5e36b7e6dfc8b59720244c1dd366419ab342ef38d8c6bdf6f1b8a22ef108f32694467ee6cba4ef95de6df55053fb28c83ccfbe28.m3u8					/md-204/dcc-file/70/7033a0aad26fb46a1f4f9ccf0952ab16.jpg	1997	1	0
687	Hacked by Dimples#1337	/m3m/25989cab565e2f5bf45ffd0165f5de14ed6d96d9602ea2986ae773ee70783e21ae7085061f3f4979dca6ed345b6a9a633906112f35ef4db7748691e59d7d11c6cba4ef95de6df55053fb28c83ccfbe28.m3u8					/md-204/dcc-file/65/658dd22680178c499adde1819e551f79.jpg	2403	1	0
688	Hacked by Dimples#1337	/m3m/25989cab565e2f5bf45ffd0165f5de148cbf1c0e93b6d6b894738bb2b0963a71912a3a9db72a9164ec42ccfbcf04ff4391187ba23040148556ffee8d4e74867acba4ef95de6df55053fb28c83ccfbe28.m3u8					/md-204/dcc-file/74/74339427cd6a281d5e1dd6321ead2fac-small.jpg	1341	1	0
689	Hacked by Dimples#1337	/m3m/25989cab565e2f5bf45ffd0165f5de14626fd086bd2fdfd1e0d6d99acc9f00aa4dc2c09e319292620d821ae31a662cc77f3f464f5f05f8da99625bae42956c59cba4ef95de6df55053fb28c83ccfbe28.m3u8					/md-204/dcc-file/14/14759126ee37abfb6a1523e745526192.jpg	1902	1	0
690	Hacked by Dimples#1337	/m3m/25989cab565e2f5bf45ffd0165f5de14afb348342d02c8e2c3884632144272b0059217a86c30cd37bf66e8c11cfc6327bb398bbb359ca32f45a85d5b56a47be8cba4ef95de6df55053fb28c83ccfbe28.m3u8					/md-204/dcc-file/ae/ae86c77778598d13433cff9143ceca3a.jpg	3124	1	1
691	Hacked by Dimples#1337	/m3m/a374bf06ddb200947f3e27a3ea7525cc06cdc934daab6319d4e9712db30a75e780ee781a3edf8bb54ba6bd36a0936462afe4660f0f0e302aa610249c9f201133cba4ef95de6df55053fb28c83ccfbe28.m3u8					/md-204/dcc-file/e3/e3e5b1ab6615bf219d43c53dde7f9126-small.jpg	1338	1	0
692	Hacked by Dimples#1337	/m3m/70d8b939ac2b6f81b4d154ddc070c461f7b5e546ca50317cddb9cfad561a561738333974a37dd2edcc3953ec56fcd08609a3b71b7d63013ef791dd0cd68b3078cba4ef95de6df55053fb28c83ccfbe28.m3u8					/md-204/dcc-file/cb/cb1db262ce91c76e6b28fa88d8158fb7-small.jpg	894	1	0
693	Hacked by Dimples#1337	/m3m/25989cab565e2f5bf45ffd0165f5de147392735107af943009138fcc7cbd887f5c14ccd7d2e6e3cb5efe845a23a18ce7a5e39ac902b17e4bfe84aeca6581fb2ccba4ef95de6df55053fb28c83ccfbe28.m3u8					/md-204/dcc-file/8c/8c1fee678574c0d1b6a95a4f71d23cc6.jpg	2034	1	0
694	Hacked by Dimples#1337	/m3m/70d8b939ac2b6f81b4d154ddc070c4619fa7d49e06137a703fee1ad5db42b03844e8b90bedc865abc374e68f9659aa915fe70c167c8b29711db8a93ab30e35e4cba4ef95de6df55053fb28c83ccfbe28.m3u8					/md-204/dcc-file/d3/d352284becbff491bf11bdd0c5cc01d3-small.jpg	2128	1	1
695	Hacked by Dimples#1337	/m3m/70d8b939ac2b6f81b4d154ddc070c461fc29cea8e535832e6c20f707d84e47e83338eb55d69cc414a6cac4a3ae1ac7c6d6dad74f03b3feb9136dd90ae0cd4443cba4ef95de6df55053fb28c83ccfbe28.m3u8					/md-204/dcc-file/1f/1fb0bc52569972d53e98770212a3a389.jpg	1896	1	0
696	Hacked by Dimples#1337	/m3m/70d8b939ac2b6f81b4d154ddc070c46157f453017348c3163e31be2e4ad22731e018d589dabada438d500c078b1c645f15ccb2812d693140be27dfceec397dd4cba4ef95de6df55053fb28c83ccfbe28.m3u8					/md-204/dcc-file/05/05d9380bd126a07e744e2e9647f1c355.jpg	2771	1	3
697	Hacked by Dimples#1337	/m3m/25989cab565e2f5bf45ffd0165f5de143a5ad7369d95b7335877f195195fc8a524fffd05e7e9f97f8f7565981cb048eb90e70f4238dc945364e553c397b96eafcba4ef95de6df55053fb28c83ccfbe28.m3u8					/md-204/dcc-file/8d/8d2c49c3c04e6cb2d931ab1001df172d.jpg	1873	1	0
698	Hacked by Dimples#1337	/m3m/a374bf06ddb200947f3e27a3ea7525cc1e264dabb6e0dc38a746d10d70c2199c33b20065e39f88f997ef6ee8afd9fc06344268216dbd7a732df955a7a666c320cba4ef95de6df55053fb28c83ccfbe28.m3u8					/md-204/dcc-file/0b/0bff3cdfd6cafdc70bdc185d2ebcef38.jpg	1619	1	0
699	Hacked by Dimples#1337	/m3m/70d8b939ac2b6f81b4d154ddc070c461590495e2175ee9fcf497aa6f38856cb08eca41ee2918db19de63fbb4df643924059ddb0f58e6bff6845a6fb5a8d6e54fcba4ef95de6df55053fb28c83ccfbe28.m3u8					/md-204/dcc-file/f4/f418e7a516729aaa121ba8dfc74db40a.jpg	1993	1	1
700	Hacked by Dimples#1337	/m3m/70d8b939ac2b6f81b4d154ddc070c46101c96ed6a963adfdeceb16506878a87b2d8003bf8d305821d0b856bf3e4847250bcd5d4ff5820e2e0cb8b4671ca440eccba4ef95de6df55053fb28c83ccfbe28.m3u8					/md-204/dcc-file/2f/2f466ca0d18379d1e2817b43721dae69-small.jpg	1645	1	0
701	Hacked by Dimples#1337	/m3m/a374bf06ddb200947f3e27a3ea7525ccaae5843fb8cd29190ab3f8fa41d8dd1a1e0b7765ca873eee49540e719cd56a2ce9f15570ed76aa8232ba4d0dcd6e3494cba4ef95de6df55053fb28c83ccfbe28.m3u8					/md-204/dcc-file/80/80a4adbf28bfc255161215696e9c4c73.jpg	1883	1	0
702	Hacked by Dimples#1337	/m3m/a374bf06ddb200947f3e27a3ea7525ccf2a3c336186827e4d37c70a1a94ebc7bc5b98e123164b16ea29fd186e64e7fdbf00ba5a1c299aed70d8918f6eb2e6152cba4ef95de6df55053fb28c83ccfbe28.m3u8					/md-204/dcc-file/0e/0e68770b2048dd0e85d58f4b84d5f69f-small.jpg	1150	1	0
703	Hacked by Dimples#1337	/m3m/70d8b939ac2b6f81b4d154ddc070c461b02bf379a28412394479e0b0e26164ed0976e35d47298030e5725e62d648d5e8d271cba4331fbbedea64e61044bcf7b3cba4ef95de6df55053fb28c83ccfbe28.m3u8					/md-204/dcc-file/81/814e3b801a3e465d2ee71563cc86dc91.jpg	1892	1	0
704	Hacked by Dimples#1337	/m3m/25989cab565e2f5bf45ffd0165f5de144e15f7a740f17602f9cc68aba92813db832c49d2f3090ce74d90981f29cb4aefa03f833e52f66622caeba5ffa0fb65d6cba4ef95de6df55053fb28c83ccfbe28.m3u8					/md-204/dcc-file/74/74bbcc9b8451493849849d7d68d04a0e-small.jpg	1804	1	1
705	Hacked by Dimples#1337	/m3m/25989cab565e2f5bf45ffd0165f5de147170d4c85656fb19eabc50bb61d50c957842f3bc02d0ec58699483474151689b761f2194178b17755b579932b573dca8cba4ef95de6df55053fb28c83ccfbe28.m3u8					/md-204/dcc-file/d3/d3e9d8e0c8a25de48d88b77b9f1471f1.jpg	1528	1	0
706	Hacked by Dimples#1337	/m3m/a374bf06ddb200947f3e27a3ea7525cc1e3868411b52a010224a9066f78d24c0cb6e9e24f9ae351753b0fc124b5165233fe81b044f645e2ebe7ae08311d3e143cba4ef95de6df55053fb28c83ccfbe28.m3u8					/md-204/dcc-file/96/96b42b054b91a0c7d365dc5a21030b43-small.jpg	1100	1	0
707	Hacked by Dimples#1337	/m3m/25989cab565e2f5bf45ffd0165f5de141afc7b38cec8244f741b74bfd1e749a2304321ab3ed0afe141df26bf063ed10d9699f7e33d69a2e79cb9670f60df1d29cba4ef95de6df55053fb28c83ccfbe28.m3u8					/md-204/dcc-file/a5/a500a0f7f45db4cf45d0b6f043936e01.jpg	2301	1	0
708	Hacked by Dimples#1337	/m3m/70d8b939ac2b6f81b4d154ddc070c46112e9bea3bd4f603a737a83a69c2d880deb4d3773c875ccb3dc0e1fd8e77206e961d6e290c34c160630f41e7c044373f7cba4ef95de6df55053fb28c83ccfbe28.m3u8					/md-204/dcc-file/d6/d6c009cd148e02b664769b69d99d6f2e.jpg	1976	1	0
709	Hacked by Dimples#1337	/m3m/25989cab565e2f5bf45ffd0165f5de145d35d60ecefe2e123137766d40924e804c328438edde7b525d8de6104c9240a72b6032c70d2b15fb71e1ef3821dc8b8ecba4ef95de6df55053fb28c83ccfbe28.m3u8					/md-204/dcc-file/a4/a4150660182a9af9494ae248c91685bb.jpg	3513	1	6
710	Hacked by Dimples#1337	/m3m/25989cab565e2f5bf45ffd0165f5de14b7166e80b300903e917d3f84dfb7582c0dc643df633b7c978276ac7e7b94adafa79564f58f7c1b03b753f4ebab193daacba4ef95de6df55053fb28c83ccfbe28.m3u8					/md-204/dcc-file/5b/5b07487213f7be00feffbb784c6fdd3c.jpg	2198	1	2
711	Hacked by Dimples#1337	/m3m/25989cab565e2f5bf45ffd0165f5de1467eaacc5062ed37579f830c584b27e8d86b01ad91ef91703fbe376e4212ec1720b6e8a6d909174d1db637ef4ba1cda84cba4ef95de6df55053fb28c83ccfbe28.m3u8					/md-204/dcc-file/2f/2f241baf1d1a6d6a17c5aa703c769ee6.jpg	1429	1	0
712	Hacked by Dimples#1337	/m3m/25989cab565e2f5bf45ffd0165f5de144ca1ca2e3830c9a367d68845b17fdb519ffd56dfb1b0991d6d7a9cb75b7211055b941fe91f281cea0c481ed0b5917e6acba4ef95de6df55053fb28c83ccfbe28.m3u8					/md-204/dcc-file/a7/a7dd2c4540191124386080e98a9cd45c.jpg	1871	1	0
713	Hacked by Dimples#1337	/m3m/25989cab565e2f5bf45ffd0165f5de14c6703f052327966ee69541ce2e014af2c4cc67a750e8b86f9da3277a677dee9fc3f001fe0d7ff9f20e46932e930c5f8ccba4ef95de6df55053fb28c83ccfbe28.m3u8					/md-204/dcc-file/94/94108f0225a8536ce2bd361ff03461fe.jpg	3834	1	0
714	Hacked by Dimples#1337	/m3m/70d8b939ac2b6f81b4d154ddc070c46182f24969b39596c8034a96588e31f8968fdbeaf6734734a81a2bce2939368a74faee6618d6211a5a6a6bf27d04d8c7bbcba4ef95de6df55053fb28c83ccfbe28.m3u8					/md-204/dcc-file/9b/9b920dcb783d6a28b69b01f163c2e186.jpg	2330	1	0
715	Hacked by Dimples#1337	/m3m/a374bf06ddb200947f3e27a3ea7525cc99a603d24be9d8f0e3233c5aa77449c651cd60428498aecd201748f598f18754abdf2f493643c10fdd5710d781b7cfa3cba4ef95de6df55053fb28c83ccfbe28.m3u8					/md-204/dcc-file/85/8562d1bee9824d949a0c725537d33afb.jpg	4000	1	0
716	Hacked by Dimples#1337	/m3m/25989cab565e2f5bf45ffd0165f5de14716aadbe2f5c5c6a1554238a226f6342ba8cc54218af8ce6649025bfe97e9ed7b79615266fb0304e604931c673d95679cba4ef95de6df55053fb28c83ccfbe28.m3u8					/md-204/dcc-file/05/05ea73039369c31e7584d1823ebc0086.jpg	1718	1	1
717	Hacked by Dimples#1337	/m3m/70d8b939ac2b6f81b4d154ddc070c46140193d908fe543ba00106612d2b3319ed0f3736d8bf168609220ab278289f29b926e0000b7aff87f78fbfdd11e96eb8ecba4ef95de6df55053fb28c83ccfbe28.m3u8					/md-204/dcc-file/7e/7e31ec7aa02298e5d67d0f0928437580.jpg	1897	1	0
718	Hacked by Dimples#1337	/m3m/a374bf06ddb200947f3e27a3ea7525cc46114531795420972664bf5f9b3c8db3cef3468b220fefc205d3b1a29366a78c690195cc0628b4635d3f3f19784fa54bcba4ef95de6df55053fb28c83ccfbe28.m3u8					/md-204/dcc-file/fd/fd24724f934534e69c52ebb0f5f9e0ae.jpg	3082	1	0
719	Hacked by Dimples#1337	/m3m/70d8b939ac2b6f81b4d154ddc070c4613c10661e8da0496782cf78f988aedcd1df1832954ed134c3a9ff583f2a9691ae3c8b69d445c24beb1dbfffbd0b6fad18cba4ef95de6df55053fb28c83ccfbe28.m3u8					/md-204/dcc-file/1e/1e514d60b22b5cd391c62401d5664ec1.jpg	1832	1	1
720	Hacked by Dimples#1337	/m3m/70d8b939ac2b6f81b4d154ddc070c461dc81eb6cb31aba1b842a2c076634517c9325bfb46eb713c472ea74dad59087c13900feccda4ce8942f7e424d04ff9d83cba4ef95de6df55053fb28c83ccfbe28.m3u8					/md-204/dcc-file/30/30f93639b804cf1250e00de6e58fb3fd.jpg	1896	1	1
721	Hacked by Dimples#1337	/m3m/70d8b939ac2b6f81b4d154ddc070c46125c0bf0035395d4cf1c883686b82c8af15feea4f033c425e47f6e1fca958a50bb464e47e94f6588d535ca81980545581cba4ef95de6df55053fb28c83ccfbe28.m3u8					/md-204/dcc-file/de/de8f54e73e465869e5cc76bf644f2a7e.jpg	3145	1	6
722	Hacked by Dimples#1337	/m3m/25989cab565e2f5bf45ffd0165f5de14d9f51d2351d0ad1f8fafdcf235a3f26da32a45f213007624f0e767a8563c39c424ea605c1eafacdd3d7998b65a5f1dcacba4ef95de6df55053fb28c83ccfbe28.m3u8					/md-204/dcc-file/c2/c23673cfd48882f3e6dabf3ff933e6e8.jpg	1598	1	0
723	Hacked by Dimples#1337	/m3m/70d8b939ac2b6f81b4d154ddc070c461554f9c0cf20567e285e9848023107d886d7daed362bc9d3779f1ba7717fabfa47ddbcc3f87cc35543bd3d88f414ad3a3cba4ef95de6df55053fb28c83ccfbe28.m3u8					/md-204/dcc-file/6f/6f36c2a38d48453ea957ccc779cfe072.jpg	1964	1	0
724	Hacked by Dimples#1337	/m3m/70d8b939ac2b6f81b4d154ddc070c4619b3ec0ceae0ad90443657976d94e869ca9643b327c2b78cfcea103160c130666f1eaf04806846a0148c8c167cdc49ecfcba4ef95de6df55053fb28c83ccfbe28.m3u8					/md-204/dcc-file/66/66edb80a3b4643a0cfc5fa7e8425a7d9.jpg	1996	1	0
725	Hacked by Dimples#1337	/m3m/25989cab565e2f5bf45ffd0165f5de14b29693308eeabeec9b3a1fae41e971c5019c4928fdd749a925463c4ef85d27a4e9f01b0f2053b787e34931fa9b11955bcba4ef95de6df55053fb28c83ccfbe28.m3u8					/md-204/dcc-file/5f/5fb742d8278538a47302cd8cc3d11d56.jpg	1931	1	1
726	Hacked by Dimples#1337	/m3m/a374bf06ddb200947f3e27a3ea7525cc9293cfabd868226662c02db1a77fb553678f5d3e16c2a357a3e8aa308aa570ce936c466a34aac78e042e83cd67f53ef0cba4ef95de6df55053fb28c83ccfbe28.m3u8					/md-204/dcc-file/84/84e493c942639bb62edf1988a7959ccc-small.jpg	1398	1	0
727	Hacked by Dimples#1337	/m3m/25989cab565e2f5bf45ffd0165f5de1414914f1752432197c67e536c4076e411771aceb24676b736fa0522c53567a9a6553b54ca4ce5c92b61b5e916004d3d40cba4ef95de6df55053fb28c83ccfbe28.m3u8					/md-204/uploads/default/other/2025-11-07/92a2dfc9b3a4fac7ad79e2a81084e91e.jpg	1583	1	0
728	Hacked by Dimples#1337	/m3m/25989cab565e2f5bf45ffd0165f5de1440a3ee9564abb31746cde22393930fe9d7393cb4125be0a7b63864f4c0a2200e0a6a2036a94153fbccb7bbbab4e6ae0acba4ef95de6df55053fb28c83ccfbe28.m3u8					/md-204/dcc-file/83/836e30ebc8ef15764bb708f9122e92ea.jpg	1863	1	1
729	Hacked by Dimples#1337	/m3m/a374bf06ddb200947f3e27a3ea7525ccc5fa7edc031e3b588d7731494b725e73238c1aed76786e352190bb7c1671bd518522a917c3932e34b0d1c7c024fc1c48cba4ef95de6df55053fb28c83ccfbe28.m3u8					/md-204/dcc-file/be/be2bd7e7d5858b610000ff7bffa01fcf.jpg	3418	1	3
730	Hacked by Dimples#1337	/m3m/25989cab565e2f5bf45ffd0165f5de1449cf94355f48c28f01932773351158842b67466b6a34edbfaf0e85d680bcfd0e1c1f98853122945ec5fa2ce12f443f92cba4ef95de6df55053fb28c83ccfbe28.m3u8					/md-204/dcc-file/e4/e49d3b9aa37dc2cfe0788eac5e65b4ea-small.jpg	1293	1	1
731	Hacked by Dimples#1337	/m3m/a374bf06ddb200947f3e27a3ea7525cc91775a1e6dbd2515bf2b60d342b093cc2bc4286f4295815a4e38e371ebbd7036bb41402702007ed49d362a552fb6c00ccba4ef95de6df55053fb28c83ccfbe28.m3u8					/md-204/dcc-file/84/84193e6ec4b61f83793ca27350e982c8.jpg	1881	1	0
732	Hacked by Dimples#1337	/m3m/70d8b939ac2b6f81b4d154ddc070c461fb91ef730367e1a6422aff94794c42aafa1cbea69dbaa5bf18293e72369f522412bd663949d9b77843c37f8dff0f5c76cba4ef95de6df55053fb28c83ccfbe28.m3u8					/md-204/dcc-file/e5/e58718f72669b3000dea3f73b59fdc53.jpg	2142	1	0
733	Hacked by Dimples#1337	/m3m/25989cab565e2f5bf45ffd0165f5de14ded8940c313f33b86310027c390dd8f65f604745611478082d72b8be67db63dcbce26fd8bce5d7bcf9e0d95e3a9f58f9cba4ef95de6df55053fb28c83ccfbe28.m3u8					/md-204/dcc-file/99/99c4e9dcda1e3c794314dd90277c6d4b.jpg	2932	1	0
734	Hacked by Dimples#1337	/videos5/18c153d9c0fd5b45f462968b7b02803d/18c153d9c0fd5b45f462968b7b02803d.m3u8					/upload_01/xiao/20251201/2025120115134474636.jpg	922	1	0
735	Hacked by Dimples#1337	/videos5/fcd7d4ab0cc21a86c943e09325a607c1/fcd7d4ab0cc21a86c943e09325a607c1.m3u8					/upload_01/xiao/20251201/2025120115134496665.jpg	884	1	0
736	Hacked by Dimples#1337	/m3m/a374bf06ddb200947f3e27a3ea7525ccf177ee74c64721f61fa412bc8dd6c68f74e5bfc857c270edea204895f8241d9f17317c6e11313d477b81ccb119fcd2e7cba4ef95de6df55053fb28c83ccfbe28.m3u8					/md-204/dcc-file/c4/c47fe92e4cc68bda07b395db076a6bec-small.jpg	1169	1	0
737	Hacked by Dimples#1337	/videos5/14dbc3a5394cf155074e166046384c89/14dbc3a5394cf155074e166046384c89.m3u8					/upload_01/xiao/20251204/2025120416085424306.jpg	952	1	3
738	Hacked by Dimples#1337	/videos5/62a75bbffc973fe843e71559b6402986/62a75bbffc973fe843e71559b6402986.m3u8					/upload_01/xiao/20251210/2025121012472054390.jpg	844	1	1
739	Hacked by Dimples#1337	/m3m/25989cab565e2f5bf45ffd0165f5de147bcc97e6c210241f389c5d6080cb820f13b864f1ca90580bc3a0a93df7ad5e91ef235fc7906c2c41536a74035cc1b694cba4ef95de6df55053fb28c83ccfbe28.m3u8					/md-204/dcc-file/95/951cea6cb20c40e997319f3f3a71d52b.jpg	1029	1	0
740	Hacked by Dimples#1337	/videos5/9abf12bdac2f9ffd7d87abca20a0e1e0/9abf12bdac2f9ffd7d87abca20a0e1e0.m3u8					/upload_01/xiao/20251205/2025120515133257517.jpg	908	1	0
741	Hacked by Dimples#1337	/videos5/fa797ffd608c82f87064f1bd39b86985/fa797ffd608c82f87064f1bd39b86985.m3u8					/upload_01/xiao/20251126/2025112614061184914.jpg	932	1	0
742	Hacked by Dimples#1337	/videos5/8f3c7ed442156958689c6df9bef59f9b/8f3c7ed442156958689c6df9bef59f9b.m3u8					/upload_01/xiao/20251205/2025120515133170283.jpg	1850	1	2
743	Hacked by Dimples#1337	/videos5/b59e7fb8fb828e6dda4f90004b57f5e1/b59e7fb8fb828e6dda4f90004b57f5e1.m3u8					/upload_01/xiao/20251126/2025112614061142429.jpg	900	1	0
744	Hacked by Dimples#1337	/videos5/05deae5096a10e0f3e24cdd936f16a2e/05deae5096a10e0f3e24cdd936f16a2e.m3u8					/upload_01/xiao/20251126/2025112614061192931.jpg	900	1	2
745	Hacked by Dimples#1337	/videos5/9961c10af2dc5b5a51d29f51757d67a6/9961c10af2dc5b5a51d29f51757d67a6.m3u8					/upload_01/xiao/20251215/2025121510551835756.jpg	932	1	0
746	Hacked by Dimples#1337	/videos5/54bc03ed561d977d5fe2ebf47dfbbe8b/54bc03ed561d977d5fe2ebf47dfbbe8b.m3u8					/upload_01/xiao/20251204/2025120416085443974.jpg	925	1	1
747	Hacked by Dimples#1337	/m3m/25989cab565e2f5bf45ffd0165f5de14c24982758b53a66b75fcd3023af0fd961c0bfa8f5fa90f72dbaea74376e1099fbe0841ed2180547d3af5ef424c910801cba4ef95de6df55053fb28c83ccfbe28.m3u8					/md-204/dcc-file/9c/9ce7a2c16c71ff92e0d5d11e02404828-small.jpg	1288	1	0
748	Hacked by Dimples#1337	/videos5/84428dadbdec832a9eb91567c93caa48/84428dadbdec832a9eb91567c93caa48.m3u8					/upload_01/xiao/20251126/2025112614061176369.jpg	907	1	0
749	Hacked by Dimples#1337	/videos5/9b3102e901ec69b6c71bddf4fa49e876/9b3102e901ec69b6c71bddf4fa49e876.m3u8					/upload_01/xiao/20251124/2025112413093413342.jpg	940	1	0
750	Hacked by Dimples#1337	/videos5/f4d2670917438301a0fe40e326c1bbbd/f4d2670917438301a0fe40e326c1bbbd.m3u8					/upload_01/xiao/20251116/2025111613403758630.jpg	994	1	5
751	Hacked by Dimples#1337	/videos5/872de8e57e8f8422f33c9889043cd1d7/872de8e57e8f8422f33c9889043cd1d7.m3u8					/upload_01/xiao/20251116/2025111613403783637.jpg	934	1	1
752	Hacked by Dimples#1337	/videos5/9ffcee3b230b4a956edec125de10b534/9ffcee3b230b4a956edec125de10b534.m3u8					/upload_01/xiao/20251116/2025111613403752977.jpg	920	1	0
753	Hacked by Dimples#1337	/videos5/a0dab6546e680fe025dc4b12108fb135/a0dab6546e680fe025dc4b12108fb135.m3u8					/upload_01/xiao/20251124/2025112413093494281.jpg	919	1	32
754	Hacked by Dimples#1337	/videos5/c28b8b2a10595a6678bb506135cd40e2/c28b8b2a10595a6678bb506135cd40e2.m3u8					/upload_01/xiao/20251116/2025111613403792384.jpg	933	1	2
755	Hacked by Dimples#1337	/videos5/8a26c4f98655772385760b005d472773/8a26c4f98655772385760b005d472773.m3u8					/upload_01/xiao/20251116/2025111613403779411.jpg	934	1	45
756	Hacked by Dimples#1337	/videos5/38e23064c711877f1cc7d928455344ad/38e23064c711877f1cc7d928455344ad.m3u8					/upload_01/xiao/20251116/2025111613403710016.jpg	2778	1	17
757	Hacked by Dimples#1337	/videos5/3413eb7f1003cbaec34219bda93e577c/3413eb7f1003cbaec34219bda93e577c.m3u8					/upload_01/xiao/20251116/2025111613403757977.jpg	883	1	25
758	Hacked by Dimples#1337	/videos5/9c55fa8df7bd8a67542aa633b69d1607/9c55fa8df7bd8a67542aa633b69d1607.m3u8					/upload_01/xiao/20251116/2025111613403726224.jpg	1765	1	33
759	Hacked by Dimples#1337	/videos5/53c2e0046374224d4a7aa6145be3c459/53c2e0046374224d4a7aa6145be3c459.m3u8					/upload_01/xiao/20251116/2025111613403714373.jpg	895	1	21
760	Hacked by Dimples#1337	/videos5/e01d8373c7e252ce5c94c33bfffdb408/e01d8373c7e252ce5c94c33bfffdb408.m3u8					/upload_01/xiao/20251116/2025111613403787742.jpg	894	1	38
761	Hacked by Dimples#1337	/videos5/a490a3a4c15963f34ff55c1371b66d38/a490a3a4c15963f34ff55c1371b66d38.m3u8					/upload_01/xiao/20251116/2025111613403767932.jpg	924	1	56
762	Hacked by Dimples#1337	/videos5/914da9a3d56a3c95f5109df87c1c79d5/914da9a3d56a3c95f5109df87c1c79d5.m3u8					/upload_01/xiao/20251116/2025111613403728267.jpg	2781	1	33
763	Hacked by Dimples#1337	/videos5/561093016c0aa0be95b1234167c6f9ff/561093016c0aa0be95b1234167c6f9ff.m3u8					/upload_01/xiao/20251116/2025111613403788539.jpg	912	1	48
764	Hacked by Dimples#1337	/videos5/94b41658378a6eb9322a7c6b06f52bc6/94b41658378a6eb9322a7c6b06f52bc6.m3u8					/upload_01/xiao/20260703/2026070316470064420.jpg	739	1	52
765	Hacked by Dimples#1337	/videos5/8e6df754ad42ce17c519efd8318eb245/8e6df754ad42ce17c519efd8318eb245.m3u8					/upload_01/xiao/20260703/2026070316470079573.jpg	773	1	33
766	Hacked by Dimples#1337	/videos5/11c946d6d25790af3a826f797e1e5942/11c946d6d25790af3a826f797e1e5942.m3u8					/upload_01/xiao/20260703/2026070316470059948.jpg	847	1	5
767	Hacked by Dimples#1337	/videos5/b0e847bf53df11f1a1c540cdb9a561ed/b0e847bf53df11f1a1c540cdb9a561ed.m3u8					/upload_01/xiao/20260703/2026070311255920073.jpg	467	1	25
768	Hacked by Dimples#1337	/m3m/1c6eca10b2b1013d480a5f9cbdb9361e32396183ec4eb8d10c1ebca7eae4729ff63def77a0f82025cec59dbc6266e349a07390d0b340955266e117f7b609dadecba4ef95de6df55053fb28c83ccfbe28.m3u8					/hc194/dcc-file/52/523af3dcdf737f5c58a28b40b2d9c45b.jpg	480	1	15
769	Hacked by Dimples#1337	/videos5/72e7408dcd74c1fbde8ed37d9a8faa7d/72e7408dcd74c1fbde8ed37d9a8faa7d.m3u8					/upload_01/xiao/20260703/2026070316470010635.jpg	825	1	31
770	Hacked by Dimples#1337	/videos5/749b60f62b51b50399bf3c82a5d9ed76/749b60f62b51b50399bf3c82a5d9ed76.m3u8					/upload_01/xiao/20260703/2026070311255910253.jpg	631	1	83
771	Hacked by Dimples#1337	/m3m/1c6eca10b2b1013d480a5f9cbdb9361e0004c1a1da7d766bb2085c5e0cff4353373f1062f71490618539032e730d7059cd8805ca4fe00e3772bb31052da7056dcba4ef95de6df55053fb28c83ccfbe28.m3u8					/hc194/dcc-file/03/03bbe08b1bb194f6d08c32f831f8b638.jpg	1100	1	11
772	Hacked by Dimples#1337	/m3m/25989cab565e2f5bf45ffd0165f5de14f610f712f09e4c107c203ce02b82f59100ea8b9d11d66657fdd09fdfb78c725c33c4253189e8011ac15ed9ecbe4beaafcba4ef95de6df55053fb28c83ccfbe28.m3u8					/hc194/dcc-file/0a/0a2762dcb89471092848384244da8254.jpg	12263	1	10
773	Hacked by Dimples#1337	/m3m/1c6eca10b2b1013d480a5f9cbdb9361e75569ace2ec8f76ea2c99bdd1eab1fe755d3244f11f93778cb0bfdf45fdcd35dc357c2d7f256907955dc04f8c6edf07acba4ef95de6df55053fb28c83ccfbe28.m3u8					/hc194/dcc-file/23/236ead2e02276ece55be8977ea56ab33.jpg	315	1	21
774	Hacked by Dimples#1337	/m3m/1c6eca10b2b1013d480a5f9cbdb9361ece94a9c4a2dab0a758d04947aa5e325d2a6ca47c0cf1f23a7b93b5b1f68264290cc42ae533ca424022d04910ed93cb64cba4ef95de6df55053fb28c83ccfbe28.m3u8					/hc194/dcc-file/70/70548fec4467785b6d8fda5807118bc7.jpg	754	1	3
775	Hacked by Dimples#1337	/m3m/1c6eca10b2b1013d480a5f9cbdb9361ef7525b5621effcf35b75026e817970714cd50c2ee50556b053ff68b77a0fae41d6fc265f69b909cf1917de6d5aca5183cba4ef95de6df55053fb28c83ccfbe28.m3u8					/hc194/dcc-file/df/df555a6b341332ae971b5a007030df72.jpg	644	1	3
776	Hacked by Dimples#1337	/videos5/12f54cbc50d00b5f848639ee907e69b3/12f54cbc50d00b5f848639ee907e69b3.m3u8					/upload_01/xiao/20260702/2026070221502033009.jpg	1534	1	30
777	Hacked by Dimples#1337	/m3m/1c6eca10b2b1013d480a5f9cbdb9361e81c44319faccf35e1284c656299296883380518302083358a3dd8a544954fba3b439588cecdedf79ea12abae907e230bcba4ef95de6df55053fb28c83ccfbe28.m3u8					/hc194/dcc-file/ec/ecacdd9e6322dd1bbd581ee77608d2c0.jpg	331	1	34
778	Hacked by Dimples#1337	/m3m/1c6eca10b2b1013d480a5f9cbdb9361e0617fca4851949c51e064e6634b8d15a573e3ec4777c1bb45f98184eeabe4b120dd41aed4d15a22798a481df30ad95d2cba4ef95de6df55053fb28c83ccfbe28.m3u8					/hc194/dcc-file/05/056e48be63b188f0832636b33a54e439.jpg	202	1	18
779	Hacked by Dimples#1337	/m3m/1c6eca10b2b1013d480a5f9cbdb9361ef45a8070d1255960652c07419f375d4b69031bf04357c1153877190c59bb35430c291580fb6e225ca1a21a321112b1b2cba4ef95de6df55053fb28c83ccfbe28.m3u8					/hc194/dcc-file/a3/a3b3938824211c3505954538f68ac73e.jpg	316	1	12
780	Hacked by Dimples#1337	/m3m/25989cab565e2f5bf45ffd0165f5de14ab840c7e375a2cf8e2f60a54b0c1e8c944c3e1fa6ee6c765cbdeb638740a68493fa3187f365618cd908dfd3b4611c78bcba4ef95de6df55053fb28c83ccfbe28.m3u8					/hc194/dcc-file/1f/1f9662ca677c19d807dcc23af5d258f0.jpg	6935	1	68
781	Hacked by Dimples#1337	/videos5/b443484e9f8a3478bfe9ff4f139d3df2/b443484e9f8a3478bfe9ff4f139d3df2.m3u8					/upload_01/xiao/20260702/2026070220544270694.jpg	1398	1	16
782	Hacked by Dimples#1337	/videos5/6d2f84dccab29b658742a41e2f2ddc06/6d2f84dccab29b658742a41e2f2ddc06.m3u8					/upload_01/xiao/20260702/2026070220544241290.jpg	824	1	102
783	Hacked by Dimples#1337	/m3m/1c6eca10b2b1013d480a5f9cbdb9361ef6629def12c753ab4e7d420e34296d93c496476fdecc5ecd3627289bbc4f9c91c8b8fa5ba9572cf988ac705787b27b2bcba4ef95de6df55053fb28c83ccfbe28.m3u8					/hc194/dcc-file/dc/dc1afe0b8aaec4444c1e7aed46b56d39.jpg	184	1	42
784	Hacked by Dimples#1337	/m3m/1c6eca10b2b1013d480a5f9cbdb9361e6282ea13e1fd1833029125b2d7e3de3b93dca9b4a916dfe9a35eef57e71eb17b6e9a47d19db1ea7ff04d51bd2750c664cba4ef95de6df55053fb28c83ccfbe28.m3u8					/hc194/dcc-file/1e/1e0b39a852b2e0813ff079b325457562.jpg	570	1	14
785	Hacked by Dimples#1337	/videos5/791e76574befe18fb378d34c83b02e37/791e76574befe18fb378d34c83b02e37.m3u8					/upload_01/xiao/20260702/2026070220544230609.jpg	1506	1	0
786	Hacked by Dimples#1337	/videos5/23b922186e5b80a8da7825ac2ce0b4f7/23b922186e5b80a8da7825ac2ce0b4f7.m3u8					/upload_01/xiao/20260702/2026070220544228820.jpg	783	1	0
787	Hacked by Dimples#1337	/m3m/1c6eca10b2b1013d480a5f9cbdb9361eda22f69c7d763542d6d37fb49722ee8891aead110e5d716edf54f012d5807a6b8c8f5578a6b9847bffa5ad156018f498cba4ef95de6df55053fb28c83ccfbe28.m3u8					/hc194/dcc-file/84/843f614ae632dab315d7b88b2afcdd67.jpg	3612	1	0
788	Hacked by Dimples#1337	/m3m/1c6eca10b2b1013d480a5f9cbdb9361e2ffe65181f5152e5fd8b148a6e0add089d884c6f56aa83dcdb9b490018521f23b054203d8bb2344497511519da908a30cba4ef95de6df55053fb28c83ccfbe28.m3u8					/hc194/dcc-file/42/42a0e65af6e26f4dadbe1cb2e358e28d.jpg	1084	1	0
789	Hacked by Dimples#1337	/videos5/2d03730fbcc02efafffe1daec9ac4dcb/2d03730fbcc02efafffe1daec9ac4dcb.m3u8					/upload_01/xiao/20260702/2026070220544272877.jpg	916	1	0
790	Hacked by Dimples#1337	/m3m/1c6eca10b2b1013d480a5f9cbdb9361e29856bf797374b8b3b7701fd365c0527c654080daeccee458625bf73c33e1f8a60e3ae8db165c7aee5af3b1147ffe86dcba4ef95de6df55053fb28c83ccfbe28.m3u8					/hc194/dcc-file/7c/7ceac66fd02e893f788ec8877ffaf893.jpg	1071	1	0
791	Hacked by Dimples#1337	/videos5/bd176066d90deb9061188b62c940ec81/bd176066d90deb9061188b62c940ec81.m3u8					/upload_01/ads/20260702/2026070218413037048.jpeg	1129	1	0
792	Hacked by Dimples#1337	/m3m/1c6eca10b2b1013d480a5f9cbdb9361ecdb1179373aee93ce6024ce07301fefaa01c146af3191888b567ebf8b6acb2b8cae49f58fe486856498980e0e8e3d1c7cba4ef95de6df55053fb28c83ccfbe28.m3u8					/hc194/dcc-file/b1/b179099f81c33952628ffaaffc99b2be.jpg	568	1	0
793	Hacked by Dimples#1337	/watch8/feb9bf331d960c97b708d4bf63d75801/feb9bf331d960c97b708d4bf63d75801.m3u8					/new/upload/20220817/2022081723111836300.png	1306	1	195
794	Hacked by Dimples#1337	/watch4/d9df66aaf79ff3c3ec06c43013fa59bc/d9df66aaf79ff3c3ec06c43013fa59bc.m3u8					/new/xiao/20210727/2021072723354266824.png	1078	1	124
795	Hacked by Dimples#1337	/videos5/978d765bb6d91006e555566b99c07ca9/978d765bb6d91006e555566b99c07ca9.m3u8					/upload_01/ads/20260708/2026070821343910596.jpeg	947	1	38
796	Hacked by Dimples#1337	/videos5/777fae1499b3296c7d7741be2f78685f/777fae1499b3296c7d7741be2f78685f.m3u8					/upload_01/xiao/20260709/2026070910081485369.jpg	1815	1	0
797	Hacked by Dimples#1337	/videos5/73c5018ae6710fe8f8b47723c3880864/73c5018ae6710fe8f8b47723c3880864.m3u8					/upload_01/xiao/20260709/2026070912511113085.jpg	1814	1	0
798	Hacked by Dimples#1337	/videos5/3384c349add1b4421a0f8b58fab70071/3384c349add1b4421a0f8b58fab70071.m3u8					/upload_01/xiao/20260709/2026070910081482696.jpg	1854	1	2
799	Hacked by Dimples#1337	/videos5/da3f41ff3b5731a9262e264aec22f25d/da3f41ff3b5731a9262e264aec22f25d.m3u8					/upload_01/xiao/20260709/2026070910081435866.jpg	784	1	1
800	Hacked by Dimples#1337	/videos5/feebb3fe3a8d28f614897176c794cde6/feebb3fe3a8d28f614897176c794cde6.m3u8					/upload_01/xiao/20260709/2026070910081442806.jpg	717	1	0
801	Hacked by Dimples#1337	/videos5/9936903b70524ac4803f4a328c8c2364/9936903b70524ac4803f4a328c8c2364.m3u8					/upload_01/xiao/20260709/2026070910081492506.jpg	1352	1	0
802	Hacked by Dimples#1337	/videos5/6c9120fb2fcee4292e684eba0b57694b/6c9120fb2fcee4292e684eba0b57694b.m3u8					/upload_01/xiao/20260709/2026070912511170600.jpg	404	1	0
803	Hacked by Dimples#1337	/videos5/33008156a12ae9fdef8811931a4d6be7/33008156a12ae9fdef8811931a4d6be7.m3u8					/upload_01/ads/20260708/2026070821351247216.jpeg	1107	1	0
804	Hacked by Dimples#1337	/videos5/5090835cf4d1cf8c0c5be8dbc9a344c7/5090835cf4d1cf8c0c5be8dbc9a344c7.m3u8					/upload_01/xiao/20260708/2026070821260728363.png	925	1	0
805	Hacked by Dimples#1337	/videos5/350387fa56258e8874b84da0f3e09381/350387fa56258e8874b84da0f3e09381.m3u8					/upload_01/xiao/20260709/2026070910081458743.jpg	373	1	0
806	Hacked by Dimples#1337	/videos5/fcf72e1bc940f53187d2f82794e303cb/fcf72e1bc940f53187d2f82794e303cb.m3u8					/upload_01/xiao/20260708/2026070821260327327.png	945	1	0
807	Hacked by Dimples#1337	/videos5/fae476de8ac8a2395822ca02418fa18e/fae476de8ac8a2395822ca02418fa18e.m3u8					/upload_01/xiao/20260708/2026070821260318134.png	754	1	0
808	Hacked by Dimples#1337	/videos5/ba055bf07d4c5559049889e1646f4907/ba055bf07d4c5559049889e1646f4907.m3u8					/upload_01/xiao/20260708/2026070821260354920.png	1542	1	0
809	Hacked by Dimples#1337	/videos5/2a6aeb2a44fd30ae71ee22659b41ae24/2a6aeb2a44fd30ae71ee22659b41ae24.m3u8					/upload_01/xiao/20260709/2026070912511028791.jpg	245	1	0
810	Hacked by Dimples#1337	/videos5/45fadc735f94e2dd507823706ec93648/45fadc735f94e2dd507823706ec93648.m3u8					/upload_01/xiao/20260708/2026070821260379155.png	384	1	2
811	Hacked by Dimples#1337	/videos5/f150f4ce2155af452b4936e5456dbf76/f150f4ce2155af452b4936e5456dbf76.m3u8					/upload_01/xiao/20260708/2026070821260432616.png	921	1	0
812	Hacked by Dimples#1337	/videos5/d51d3bad3dc879ba6ee7bb340fe7b142/d51d3bad3dc879ba6ee7bb340fe7b142.m3u8					/upload_01/xiao/20260708/2026070821260453196.png	404	1	0
813	Hacked by Dimples#1337	/videos5/b28dc108de60091468bc030e88dc85b9/b28dc108de60091468bc030e88dc85b9.m3u8					/upload_01/xiao/20260708/2026070821260368434.png	662	1	0
814	Hacked by Dimples#1337	/videos5/ae1e3b3c1dd0cdc95a85be7c3231a7e0/ae1e3b3c1dd0cdc95a85be7c3231a7e0.m3u8					/upload_01/xiao/20260708/2026070821260348734.png	826	1	1
815	Hacked by Dimples#1337	/videos5/3ed92b7507e7488e76c08337fcc9f54a/3ed92b7507e7488e76c08337fcc9f54a.m3u8					/upload_01/xiao/20260708/2026070821260465809.png	873	1	0
816	Hacked by Dimples#1337	/videos5/1b263c59abae65b555c6688b97c162fc/1b263c59abae65b555c6688b97c162fc.m3u8					/upload_01/xiao/20260707/2026070721320083217.png	904	1	25
817	Hacked by Dimples#1337	/videos5/9e57330655de5b74c79059daa72ff1e5/9e57330655de5b74c79059daa72ff1e5.m3u8					/upload_01/xiao/20260707/2026070721313827682.png	913	1	0
818	Hacked by Dimples#1337	/videos5/3d63d1dd78799aa75fe8f81988da0b6a/3d63d1dd78799aa75fe8f81988da0b6a.m3u8					/upload_01/xiao/20260707/2026070721313930170.png	821	1	1
819	Hacked by Dimples#1337	/videos5/71ca9d23428145338cb9d79e86458856/71ca9d23428145338cb9d79e86458856.m3u8					/upload_01/xiao/20260707/2026070721313845090.png	1143	1	0
820	Hacked by Dimples#1337	/videos5/c4a011df90c0fec2dec7c5228b421ae3/c4a011df90c0fec2dec7c5228b421ae3.m3u8					/upload_01/xiao/20260708/2026070816465779374.png	1871	1	0
821	Hacked by Dimples#1337	/videos5/f1ace36b6bf000efe0f189098db927c6/f1ace36b6bf000efe0f189098db927c6.m3u8					/upload_01/xiao/20260707/2026070721313851836.png	905	1	0
822	Hacked by Dimples#1337	/videos5/23209e96cc18d87dd40cf8908525a865/23209e96cc18d87dd40cf8908525a865.m3u8					/upload_01/xiao/20260707/2026070721313829105.png	941	1	0
823	Hacked by Dimples#1337	/videos5/8e34572c6bd8fc357f4976a51694ac34/8e34572c6bd8fc357f4976a51694ac34.m3u8					/upload_01/xiao/20260707/2026070721313812559.png	949	1	0
824	Hacked by Dimples#1337	/videos5/abe0ecf743d7232676e78b56b62bc98f/abe0ecf743d7232676e78b56b62bc98f.m3u8					/upload_01/xiao/20260707/2026070717191687512.jpg	462	1	1
825	Hacked by Dimples#1337	/videos5/dcffbcd2eeec8e45feb036ff4ab714d7/dcffbcd2eeec8e45feb036ff4ab714d7.m3u8					/upload_01/xiao/20260707/2026070721313821697.png	962	1	0
826	Hacked by Dimples#1337	/videos5/d903fbf3a72b470e67631cfa891560ca/d903fbf3a72b470e67631cfa891560ca.m3u8					/upload_01/xiao/20260707/2026070721313864189.png	1011	1	0
827	Hacked by Dimples#1337	/videos5/03ef9fc994cb7564c47ac4326330f73d/03ef9fc994cb7564c47ac4326330f73d.m3u8					/upload_01/xiao/20260707/2026070721313891507.png	1002	1	1
828	Hacked by Dimples#1337	/videos5/472239b010c8dc7b4e3d2c781d70b436/472239b010c8dc7b4e3d2c781d70b436.m3u8					/upload_01/xiao/20260707/2026070717191660216.jpg	554	1	0
829	Hacked by Dimples#1337	/videos5/4094b05101a1e907a7fd813201fec203/4094b05101a1e907a7fd813201fec203.m3u8					/upload_01/xiao/20260707/2026070717191652026.jpg	547	1	3
830	Hacked by Dimples#1337	/videos5/80ce1d9e1faa359d1fbc2d198eda3c63/80ce1d9e1faa359d1fbc2d198eda3c63.m3u8					/upload_01/xiao/20260707/2026070721313813933.png	890	1	2
831	Hacked by Dimples#1337	/videos5/d0459578983cfdc0320f302c00e68057/d0459578983cfdc0320f302c00e68057.m3u8					/upload_01/xiao/20260707/2026070711033185372.png	667	1	0
832	Hacked by Dimples#1337	/videos5/cf0a49aa00bcd68e09ad8255561345bd/cf0a49aa00bcd68e09ad8255561345bd.m3u8					/upload_01/xiao/20260707/2026070717191643986.jpg	702	1	1
833	Hacked by Dimples#1337	/videos5/7924dbb520a1b1a3569a33b631c797a2/7924dbb520a1b1a3569a33b631c797a2.m3u8					/upload_01/xiao/20260707/2026070711031816483.png	909	1	0
834	Hacked by Dimples#1337	/videos5/6e57f5b5a2d4888f6d181c814cfd0fce/6e57f5b5a2d4888f6d181c814cfd0fce.m3u8					/upload_01/xiao/20260707/2026070717191647257.jpg	1115	1	0
835	Hacked by Dimples#1337	/videos5/f06cfe182c5e703f3924062e109e82f7/f06cfe182c5e703f3924062e109e82f7.m3u8					/upload_01/xiao/20260707/2026070717191684350.jpg	541	1	4
836	Hacked by Dimples#1337	/videos5/71c30c2ce731d014835f6a59c109320c/71c30c2ce731d014835f6a59c109320c.m3u8					/upload_01/xiao/20260707/2026070717191657052.jpg	464	1	6
837	Hacked by Dimples#1337	/videos5/5f2fe2a4056476ca20232d85046d4e19/5f2fe2a4056476ca20232d85046d4e19.m3u8					/upload_01/xiao/20260707/2026070717191634469.jpg	1939	1	0
838	Hacked by Dimples#1337	/videos5/424a78e3b07b034c246ed4c9e8bf99b1/424a78e3b07b034c246ed4c9e8bf99b1.m3u8					/upload_01/xiao/20260707/2026070711032791758.png	746	1	3
839	Hacked by Dimples#1337	/videos5/cb6d87ea4a2cdc987d9f9bbaa2dfea98/cb6d87ea4a2cdc987d9f9bbaa2dfea98.m3u8					/upload_01/xiao/20260707/2026070711031895038.png	822	1	0
840	Hacked by Dimples#1337	/videos5/f0c9529e53bc19a05c5c5d9c9e156c39/f0c9529e53bc19a05c5c5d9c9e156c39.m3u8					/upload_01/xiao/20260707/2026070711031822267.png	382	1	0
841	Hacked by Dimples#1337	/videos5/3893e6b40ee0230de2d1eadc1d2c785a/3893e6b40ee0230de2d1eadc1d2c785a.m3u8					/upload_01/xiao/20260707/2026070711032716749.png	455	1	0
842	Hacked by Dimples#1337	/videos5/e8cc6c88dccc0d51fdc7e5cca221565d/e8cc6c88dccc0d51fdc7e5cca221565d.m3u8					/upload_01/xiao/20260707/2026070711031844356.png	905	1	1
843	Hacked by Dimples#1337	/videos5/7677951d5c77e45ee0739c75ab607777/7677951d5c77e45ee0739c75ab607777.m3u8					/upload_01/ads/20260706/2026070620323024705.jpeg	1133	1	1
844	Hacked by Dimples#1337	/videos5/ddbc41143f65b952a6e39d3d5d6aea9a/ddbc41143f65b952a6e39d3d5d6aea9a.m3u8					/upload_01/xiao/20260707/2026070711031835055.png	574	1	0
845	Hacked by Dimples#1337	/videos5/52bb4b98c8a6a96809ffeee76336d3c3/52bb4b98c8a6a96809ffeee76336d3c3.m3u8					/upload_01/xiao/20260706/2026070618183438883.jpg	617	1	0
846	Hacked by Dimples#1337	/videos5/228b3b574712d8068eab13175d841fbc/228b3b574712d8068eab13175d841fbc.m3u8					/upload_01/xiao/20260706/2026070617185540595.jpg	2040	1	0
847	Hacked by Dimples#1337	/videos5/d8f9ffaa5ae7c71d2ddb78de55809df3/d8f9ffaa5ae7c71d2ddb78de55809df3.m3u8					/upload_01/ads/20260706/2026070621500055618.jpeg	924	1	1
848	Hacked by Dimples#1337	/videos5/18ea4f1629b983b5dc5a3703bd7210b8/18ea4f1629b983b5dc5a3703bd7210b8.m3u8					/upload_01/xiao/20260707/2026070711032442992.png	862	1	0
849	Hacked by Dimples#1337	/videos5/34082e05b650b1effdc228e991a18ee0/34082e05b650b1effdc228e991a18ee0.m3u8					/upload_01/xiao/20260707/2026070711031876998.png	600	1	2
850	Hacked by Dimples#1337	/videos5/8699667de12423d30867b0a4678cddfe/8699667de12423d30867b0a4678cddfe.m3u8					/upload_01/xiao/20260706/2026070618183463578.jpg	1243	1	1
851	Hacked by Dimples#1337	/videos5/6b5c57f4d8075e7f6040c01a6faadd8c/6b5c57f4d8075e7f6040c01a6faadd8c.m3u8					/upload_01/xiao/20260706/2026070618183448319.jpg	1855	1	1
852	Hacked by Dimples#1337	/videos5/2163a198ee76e2395e1d6e3b6d80fbe9/2163a198ee76e2395e1d6e3b6d80fbe9.m3u8					/upload_01/xiao/20260706/2026070617185571941.jpg	684	1	0
853	Hacked by Dimples#1337	/videos5/699fa60669ae1bdf6bbb99b406156ff4/699fa60669ae1bdf6bbb99b406156ff4.m3u8					/upload_01/xiao/20260709/2026070912511116450.jpg	448	1	0
854	Hacked by Dimples#1337	/videos5/79cb9ea81b74433a53b8fa649fb818a6/79cb9ea81b74433a53b8fa649fb818a6.m3u8					/upload_01/xiao/20260709/2026070912511139706.jpg	727	1	0
855	Hacked by Dimples#1337	/videos5/6a207bd3be91d5f8b92aac800f31185c/6a207bd3be91d5f8b92aac800f31185c.m3u8					/upload_01/xiao/20260709/2026070912511048811.jpg	773	1	0
856	Hacked by Dimples#1337	/videos5/eec8dc9e617d0aaffc67da75c9da9542/eec8dc9e617d0aaffc67da75c9da9542.m3u8					/upload_01/xiao/20260709/2026070912511187596.jpg	812	1	0
857	Hacked by Dimples#1337	/videos5/47c57f45094bd961ad783a8a284ad27f/47c57f45094bd961ad783a8a284ad27f.m3u8					/upload_01/xiao/20260709/2026070912511178360.jpg	701	1	0
858	Hacked by Dimples#1337	/videos5/c848d0130895aa82f90b4ef6d17a2b6d/c848d0130895aa82f90b4ef6d17a2b6d.m3u8					/upload_01/ads/20260708/2026070822090482524.jpeg	447	1	1
859	Hacked by Dimples#1337	/videos5/76108675b4bb7fcc8c2259090e0b9413/76108675b4bb7fcc8c2259090e0b9413.m3u8					/upload_01/xiao/20260709/2026070916103028301.png	963	1	4
860	Hacked by Dimples#1337	/videos5/4ccca46748aa767a261dd671574efc6f/4ccca46748aa767a261dd671574efc6f.m3u8					/upload_01/xiao/20260709/2026070912511020786.jpg	537	1	0
861	Hacked by Dimples#1337	/videos5/6493d36eb50aacf707e9860d6bf39c39/6493d36eb50aacf707e9860d6bf39c39.m3u8					/upload_01/xiao/20260708/2026070817323967281.jpg	820	1	0
862	Hacked by Dimples#1337	/videos5/c235ded36850c40b36917f0fd142387f/c235ded36850c40b36917f0fd142387f.m3u8					/upload_01/xiao/20260707/2026070717053449617.jpg	360	1	0
863	Hacked by Dimples#1337	/videos5/b1e04bd24bd28c6f5c93763aa6cd75c4/b1e04bd24bd28c6f5c93763aa6cd75c4.m3u8					/upload_01/xiao/20260707/2026070717330555225.jpg	610	1	7
864	Hacked by Dimples#1337	/videos5/4da3693a104b658628d15ccfe5687d8e/4da3693a104b658628d15ccfe5687d8e.m3u8					/upload_01/xiao/20260707/2026070717053377297.jpg	11	1	3
865	Hacked by Dimples#1337	/videos5/f01ccc069be3d48165c5689f9149c486/f01ccc069be3d48165c5689f9149c486.m3u8					/upload_01/xiao/20260707/2026070714584971237.jpg	742	1	0
866	Hacked by Dimples#1337	/videos5/803c4314a2120b7b50038d90cbbf52a8/803c4314a2120b7b50038d90cbbf52a8.m3u8					/upload_01/upload/20260707/2026070717390415844.jpeg	2512	1	0
867	Hacked by Dimples#1337	/m3m/1c6eca10b2b1013d480a5f9cbdb9361ea29a5b21031ec018f21674193fcb61cae06653d388a19374db149513ea0c99cba0c4fd32f88a82b5b6663fdf84bbf330cba4ef95de6df55053fb28c83ccfbe28.m3u8					/hc194/dcc-file/7e/7ed5b0c2b467d154fd691baac18142aa-small.png	704	1	1
868	Hacked by Dimples#1337	/videos5/078aab5fe181987cdc31628a3c29aaa0/078aab5fe181987cdc31628a3c29aaa0.m3u8					/upload_01/xiao/20260707/2026070714584979452.jpg	773	1	0
869	Hacked by Dimples#1337	/m3m/1c6eca10b2b1013d480a5f9cbdb9361e1153e35df677f78045d20abd398d689c937414c6e20166dda0447fc19c5589edc6168e4e790dfef476fbd3c69092c455cba4ef95de6df55053fb28c83ccfbe28.m3u8					/hc194/dcc-file/03/0312f730d3db9ae8aabd625c4beb26a7-small.jpg	1643	1	0
870	Hacked by Dimples#1337	/videos5/cfffb7e83cbd7f42cc7a5e6fd9a1622e/cfffb7e83cbd7f42cc7a5e6fd9a1622e.m3u8					/upload_01/xiao/20260707/2026070714584953180.jpg	638	1	0
871	Hacked by Dimples#1337	/videos5/28845d646a538e7a777306f0b79999bc/28845d646a538e7a777306f0b79999bc.m3u8					/upload_01/xiao/20260707/2026070714584927612.jpg	344	1	0
872	Hacked by Dimples#1337	/videos5/0a55d7e2be922748f60467963664b73b/0a55d7e2be922748f60467963664b73b.m3u8					/upload_01/xiao/20260707/2026070714584934193.jpg	690	1	0
873	Hacked by Dimples#1337	/m3m/1c6eca10b2b1013d480a5f9cbdb9361ee0a7b928b957c2aba85044dfe0eeb5cb2e0ad831341966caf40c12ff39b4b73476badb9e60d0b1065cbfcd1ef00d4231cba4ef95de6df55053fb28c83ccfbe28.m3u8					/hc194/dcc-file/f8/f886ab91a6107350bf7dc5f3119b9c4b.jpg	1148	1	2
874	Hacked by Dimples#1337	/m3m/1c6eca10b2b1013d480a5f9cbdb9361eee7e83c8e159a4c62acf09cb5aa3f78530225ce6eba25e2b3952c0f5f72399188584fd8000e35028e00da3e7b3db7f77cba4ef95de6df55053fb28c83ccfbe28.m3u8					/hc194/dcc-file/d5/d52636c91595337ddd1a0342ce706fb7-small.jpg	483	1	1
875	Hacked by Dimples#1337	/videos5/85f4506dafa56d86ef550a54dd29d13f/85f4506dafa56d86ef550a54dd29d13f.m3u8					/upload_01/xiao/20260707/2026070714584962730.jpg	449	1	0
876	Hacked by Dimples#1337	/m3m/1c6eca10b2b1013d480a5f9cbdb9361e65fdac553b5a17dddd7b9058708c887d29138289c94d5292ba45ef7fb8a28c32ed2b07e4a312662e8dc46a099ff64d24cba4ef95de6df55053fb28c83ccfbe28.m3u8					/hc194/dcc-file/73/73d6d0eabe894c9408358a7ac5cff878-small.jpg	788	1	0
877	Hacked by Dimples#1337	/m3m/1c6eca10b2b1013d480a5f9cbdb9361e61e77c13e5b7ff487a5946a9440fca55d8c8bd84bfffa75811cefc78436a97a97feebaecfdc5232a0ffe8f557bcc4f21cba4ef95de6df55053fb28c83ccfbe28.m3u8					/hc194/dcc-file/b2/b24fd7d6edfaab86264c93101f5c1320-small.jpg	1997	1	0
878	Hacked by Dimples#1337	/m3m/1c6eca10b2b1013d480a5f9cbdb9361e2726cc8ca0a6394bb8f01836c5b11f98a031604cf7e66066449e63b3eca1d7e1615a37e9b47d14c043349b9e33a918bacba4ef95de6df55053fb28c83ccfbe28.m3u8					/hc194/dcc-file/eb/ebf8e340730575b718eaed2601a5b2de-small.jpg	789	1	0
879	Hacked by Dimples#1337	/m3m/1c6eca10b2b1013d480a5f9cbdb9361e40b7041425c3bf11d5c98c3f721fedd9b554a33230ff2337965ee0005cffaf008c1a4257960be79ae6e209423bb1234ecba4ef95de6df55053fb28c83ccfbe28.m3u8					/hc194/dcc-file/22/22aacae463fd0df68d305c345eacba22.jpg	537	1	0
880	Hacked by Dimples#1337	/m3m/1c6eca10b2b1013d480a5f9cbdb9361ed5d74a9d713dd55106bb7faa3f960072aa53b9ec7ab14d499bb3fd0fc5bcfa4e43d5ac7954d03967d13cd0fb978672ffcba4ef95de6df55053fb28c83ccfbe28.m3u8					/hc194/dcc-file/ca/ca6a2ef16908f6b7058b696433f43f65-small.jpg	2062	1	0
881	Hacked by Dimples#1337	/m3m/1c6eca10b2b1013d480a5f9cbdb9361e1a34b6255c37b3f486a346128ea1b2521a438b7627ee7192c069b2f0324ddcedce254949da0cc645413d9206a43f3201cba4ef95de6df55053fb28c83ccfbe28.m3u8					/hc194/dcc-file/f7/f7649f5d7d2485a705e6891400a7f04e.jpg	1596	1	0
882	Hacked by Dimples#1337	/m3m/1c6eca10b2b1013d480a5f9cbdb9361eed2aa0919ff7e5a00692a4fce772705eb5a1db38af13cfcba5f72a44cb1fb6508075d6d808458859505532237f989b34cba4ef95de6df55053fb28c83ccfbe28.m3u8					/hc194/dcc-file/2e/2e4afb17956c2884a5d171597140174b-small.jpg	577	1	0
883	Hacked by Dimples#1337	/m3m/1c6eca10b2b1013d480a5f9cbdb9361edc05f1077774f4108c55619538f3da5fb6ffeb47ffdf13ed6ea292b0495716746edb09638457de0f2d89c9795804bc3ecba4ef95de6df55053fb28c83ccfbe28.m3u8					/hc194/dcc-file/48/4887ff4a1feedbf790ffb0bdea1609e9-small.jpg	1540	1	0
884	Hacked by Dimples#1337	/m3m/1c6eca10b2b1013d480a5f9cbdb9361e72736c6fdaf76069965c66fd84f01dd3c92b4d37611cb89fa29e471600ee6c4663a2c36f5087a9d3c815a2aec953faf1cba4ef95de6df55053fb28c83ccfbe28.m3u8					/hc194/dcc-file/88/886380ecc3fcbc6c09339416364f5664-small.jpg	483	1	0
885	Hacked by Dimples#1337	/m3m/1c6eca10b2b1013d480a5f9cbdb9361eaa756a3ac729f6ead4d48c4ace4d19abde984ff3f8063e6f35a36ddb3cd06cdbe8e7d34379d7fce687f26660b71626a6cba4ef95de6df55053fb28c83ccfbe28.m3u8					/hc194/dcc-file/83/8333052198c9e0c7e6d1b8d1a3dcb966-small.jpg	796	1	1
886	Hacked by Dimples#1337	/m3m/1c6eca10b2b1013d480a5f9cbdb9361ed87ee87b0fbd5bc95760f0e144c81882a217cbf00fdfbae5198c71564d0e2a29eadc61b088ef5a5d1bd9d0c1962189dbcba4ef95de6df55053fb28c83ccfbe28.m3u8					/hc194/dcc-file/2a/2ad6d4e73f500b40ef7a01ff6d24b46d.jpg	1638	1	0
887	Hacked by Dimples#1337	/m3m/1c6eca10b2b1013d480a5f9cbdb9361e93544a01fd2e7430055367bdf30981141971680c4203a7400c54f8d57ab24f53ca177c6d02f96b7ee5ba4435fe4ba09ecba4ef95de6df55053fb28c83ccfbe28.m3u8					/hc194/dcc-file/b6/b6d7c2181c8c29d935a53c01883bed9b-small.jpg	957	1	3
888	Hacked by Dimples#1337	/m3m/1c6eca10b2b1013d480a5f9cbdb9361e80d4de394856109a8c1afc02472b49b161ba5b5be9534cc6c17e0ff3883ad1e880e31884fe1d0d2ecd7c8effb3ef00d2cba4ef95de6df55053fb28c83ccfbe28.m3u8					/hc194/dcc-file/7e/7ec3102968aabd7376534fabdf82cdfb-small.jpg	485	1	0
889	Hacked by Dimples#1337	/m3m/25989cab565e2f5bf45ffd0165f5de14def08de76ede30815bc2d2683f09ecf2d2d56acdeea530fb60ca095a19cc8ebbeca6c4a2b389f7e073c2e20f39c61156cba4ef95de6df55053fb28c83ccfbe28.m3u8					/hc194/dcc-file/9c/9caee2c9f2356c6a6553d6e31d04dfab.png	1406	1	0
890	Hacked by Dimples#1337	/m3m/1c6eca10b2b1013d480a5f9cbdb9361ef1a8a960c54235dcba3dc77976e070fb11b3140a127510e5758e21b459c1f80974749b009d90eb04bf2f42c67d726cf8cba4ef95de6df55053fb28c83ccfbe28.m3u8					/hc194/dcc-file/f8/f88fc68ff4841705eb879631b6de6911-small.jpg	1649	1	0
891	Hacked by Dimples#1337	/m3m/1c6eca10b2b1013d480a5f9cbdb9361edad49988eeb634dfacb0e858ad82566395f174140591054e32bde0906a34aa182d48a5aaf4ea2838705c2ff31623954ecba4ef95de6df55053fb28c83ccfbe28.m3u8					/hc194/dcc-file/21/21c313778dfaa1c3ca4f2596ec5be104.jpg	868	1	0
892	Hacked by Dimples#1337	/videos5/6ec298e57d3e1fecf6be705282fa04b2/6ec298e57d3e1fecf6be705282fa04b2.m3u8					/upload_01/xiao/20260709/2026070915022529731.jpg	2297	1	0
893	Hacked by Dimples#1337	/videos5/179de0758b64f305f514815c327cf441/179de0758b64f305f514815c327cf441.m3u8					/upload_01/xiao/20260709/2026070915022534132.jpg	1198	1	3
894	Hacked by Dimples#1337	/videos5/33f42ef46b74c39d75436e60c818d2ac/33f42ef46b74c39d75436e60c818d2ac.m3u8					/upload_01/xiao/20260709/2026070916103085929.png	3774	1	0
895	Hacked by Dimples#1337	/videos5/e52c723e3478891cb877e96efa5fb204/e52c723e3478891cb877e96efa5fb204.m3u8					/upload_01/xiao/20260708/2026070821032354032.png	1382	1	3
896	Hacked by Dimples#1337	/videos5/0b02c697b2893baff4f3fd5cb4d2a70d/0b02c697b2893baff4f3fd5cb4d2a70d.m3u8					/upload_01/xiao/20260709/2026070910081417706.jpg	1484	1	10
897	Hacked by Dimples#1337	/videos5/0f070bb4270afcec68928bef53fac85f/0f070bb4270afcec68928bef53fac85f.m3u8					/upload_01/xiao/20260708/2026070821032321741.png	921	1	0
898	Hacked by Dimples#1337	/videos5/fe7e2527cbb1193039917c6bd7a77c65/fe7e2527cbb1193039917c6bd7a77c65.m3u8					/upload_01/xiao/20260708/2026070821032385497.png	927	1	2
899	Hacked by Dimples#1337	/videos5/acf3200ba7dc288436dc31428dbe31d1/acf3200ba7dc288436dc31428dbe31d1.m3u8					/upload_01/xiao/20260708/2026070821032373206.png	812	1	1
900	Hacked by Dimples#1337	/videos5/c986ac8d8be3df38a0a5e0480399c5b5/c986ac8d8be3df38a0a5e0480399c5b5.m3u8					/upload_01/xiao/20260709/2026070916103036343.png	2027	1	1
901	Hacked by Dimples#1337	/videos5/b590b7c25e5ea1508c5128c40b4e0913/b590b7c25e5ea1508c5128c40b4e0913.m3u8					/upload_01/xiao/20260708/2026070821032316400.png	975	1	0
902	Hacked by Dimples#1337	/videos5/94c2b0ce431f7e5e1f0d842612dac773/94c2b0ce431f7e5e1f0d842612dac773.m3u8					/upload_01/xiao/20260708/2026070821032287066.png	869	1	2
903	Hacked by Dimples#1337	/videos5/ed58d2d0f57e4640a1280b12a4b5efe3/ed58d2d0f57e4640a1280b12a4b5efe3.m3u8					/upload_01/xiao/20260708/2026070821032361644.png	886	1	0
904	Hacked by Dimples#1337	/videos5/a81229b6cc66bf5f8ba03abd1986cbfb/a81229b6cc66bf5f8ba03abd1986cbfb.m3u8					/upload_01/xiao/20260708/2026070821032393236.png	699	1	0
905	Hacked by Dimples#1337	/videos5/f9f7426df564bc331ff5c3c821dca837/f9f7426df564bc331ff5c3c821dca837.m3u8					/upload_01/xiao/20260709/2026070910081459737.jpg	1141	1	1
906	Hacked by Dimples#1337	/videos5/787dc60287cb564348b7bb6cc6a39035/787dc60287cb564348b7bb6cc6a39035.m3u8					/upload_01/xiao/20260708/2026070821032346203.png	618	1	0
907	Hacked by Dimples#1337	/videos5/6bf241f10cfaf0ad69633fd7d79bfcf4/6bf241f10cfaf0ad69633fd7d79bfcf4.m3u8					/upload_01/xiao/20260708/2026070816465776856.png	693	1	1
908	Hacked by Dimples#1337	/videos5/7f6603b077f3ddd05738497dcf2325a6/7f6603b077f3ddd05738497dcf2325a6.m3u8					/upload_01/xiao/20260708/2026070821032285070.png	729	1	2
909	Hacked by Dimples#1337	/videos5/d288c438659a7818dff82c04ce13b854/d288c438659a7818dff82c04ce13b854.m3u8					/upload_01/xiao/20260708/2026070821032222380.png	959	1	4
910	Hacked by Dimples#1337	/videos5/601ab19e155fe044df65dbf4f6633702/601ab19e155fe044df65dbf4f6633702.m3u8					/upload_01/xiao/20260708/2026070821032325048.png	485	1	0
911	Hacked by Dimples#1337	/videos5/e4b7c71eae632796153d7c2ba3f9be39/e4b7c71eae632796153d7c2ba3f9be39.m3u8					/upload_01/xiao/20260708/2026070811113216382.png	1031	1	0
912	Hacked by Dimples#1337	/videos5/b75ccb15f3fbe9a63b8b1d84a6804069/b75ccb15f3fbe9a63b8b1d84a6804069.m3u8					/upload_01/xiao/20260708/2026070811113234815.png	904	1	1
913	Hacked by Dimples#1337	/videos5/6dc52b35454a29917ce10deeff7e6d05/6dc52b35454a29917ce10deeff7e6d05.m3u8					/upload_01/upload/20260708/2026070815554175690.jpeg	7494	1	0
914	Hacked by Dimples#1337	/videos5/17e5b7f0fe59bbc47668b6b78d16fb6f/17e5b7f0fe59bbc47668b6b78d16fb6f.m3u8					/upload_01/xiao/20260708/2026070821032245269.png	851	1	2
915	Hacked by Dimples#1337	/videos5/fae340809798ebd4b585f8e3dd0add00/fae340809798ebd4b585f8e3dd0add00.m3u8					/upload_01/xiao/20260708/2026070821032275491.png	860	1	2
916	Hacked by Dimples#1337	/videos5/93d11f2c20f5cdd77134f66eb94814cc/93d11f2c20f5cdd77134f66eb94814cc.m3u8					/upload_01/upload/20260707/2026070722485287073.jpeg	1411	1	4
917	Hacked by Dimples#1337	/videos5/528f3197058bb8b1caa61ac4a9923d90/528f3197058bb8b1caa61ac4a9923d90.m3u8					/upload_01/xiao/20260707/2026070721320017408.png	639	1	2
918	Hacked by Dimples#1337	/videos5/9a37d670850084507b11af360e7595d3/9a37d670850084507b11af360e7595d3.m3u8					/upload_01/xiao/20260707/2026070721315860115.png	912	1	0
919	Hacked by Dimples#1337	/videos5/b2244e0df4fc9a4cb2d9249689b00072/b2244e0df4fc9a4cb2d9249689b00072.m3u8					/upload_01/xiao/20260707/2026070721315851610.png	926	1	0
920	Hacked by Dimples#1337	/videos5/7f92c7714e1d8fc62fbb794dfd71adfc/7f92c7714e1d8fc62fbb794dfd71adfc.m3u8					/upload_01/xiao/20260707/2026070721315950763.png	472	1	1
921	Hacked by Dimples#1337	/videos5/3c53c1d63721ab0d97549822ec7c15fa/3c53c1d63721ab0d97549822ec7c15fa.m3u8					/upload_01/xiao/20260707/2026070721315852368.png	898	1	4
922	Hacked by Dimples#1337	/videos5/d8015876b29646c8a658feaf2968e683/d8015876b29646c8a658feaf2968e683.m3u8					/upload_01/xiao/20260707/2026070721315949310.png	898	1	0
923	Hacked by Dimples#1337	/videos5/ad83426459177674648bb2cdd44d5074/ad83426459177674648bb2cdd44d5074.m3u8					/upload_01/xiao/20260707/2026070721315823331.png	367	1	3
924	Hacked by Dimples#1337	/videos5/7dfe99e4bf6e9a6ab7d731c53c6161f1/7dfe99e4bf6e9a6ab7d731c53c6161f1.m3u8					/upload_01/xiao/20260707/2026070721315890304.png	962	1	1
925	Hacked by Dimples#1337	/videos5/f544635c4321d1f842b488c67a97ed35/f544635c4321d1f842b488c67a97ed35.m3u8					/upload_01/xiao/20260707/2026070721320051444.png	1005	1	1
926	Hacked by Dimples#1337	/videos5/06afe3d4fbc5517fec0e8b8828142d0b/06afe3d4fbc5517fec0e8b8828142d0b.m3u8					/upload_01/xiao/20260707/2026070721320091367.png	768	1	10
927	Hacked by Dimples#1337	/videos5/23a756e06f7b0c21c3a0fc44dca6b03a/23a756e06f7b0c21c3a0fc44dca6b03a.m3u8					/upload_01/xiao/20260707/2026070714265447282.jpg	488	1	3
928	Hacked by Dimples#1337	/videos5/a93357ec4ed5316f04cb7b3232dcbc40/a93357ec4ed5316f04cb7b3232dcbc40.m3u8					/upload_01/xiao/20260707/2026070721315817919.png	645	1	2
929	Hacked by Dimples#1337	/videos5/653b65f10ba60fb0f339ae7b92c8b54d/653b65f10ba60fb0f339ae7b92c8b54d.m3u8					/upload_01/xiao/20260707/2026070721315723303.png	927	1	0
930	Hacked by Dimples#1337	/videos5/b74c3bf5ef7752e9959a63c802af7d08/b74c3bf5ef7752e9959a63c802af7d08.m3u8					/upload_01/xiao/20260707/2026070714265455095.jpg	908	1	3
931	Hacked by Dimples#1337	/videos5/d4ab1387267135110c1409f60b9ac823/d4ab1387267135110c1409f60b9ac823.m3u8					/upload_01/xiao/20260707/2026070714265474316.jpg	908	1	0
932	Hacked by Dimples#1337	/videos5/9790e42ca2829f2b5c42cc4ca4ee0b1f/9790e42ca2829f2b5c42cc4ca4ee0b1f.m3u8					/upload_01/xiao/20260707/2026070714265454834.jpg	608	1	1
933	Hacked by Dimples#1337	/videos5/db106663b0eb6f3d2177f48ccecdda5c/db106663b0eb6f3d2177f48ccecdda5c.m3u8					/upload_01/xiao/20260707/2026070714265431248.jpg	908	1	1
934	Hacked by Dimples#1337	/videos5/77d1a6c567931815864e6afa5fee75fa/77d1a6c567931815864e6afa5fee75fa.m3u8					/upload_01/xiao/20260707/2026070711024789667.png	470	1	0
935	Hacked by Dimples#1337	/videos5/70c9fe850ea052768d91f5e6c2aaa7fb/70c9fe850ea052768d91f5e6c2aaa7fb.m3u8					/upload_01/xiao/20260707/2026070711024765546.png	977	1	2
936	Hacked by Dimples#1337	/videos5/6891a9ed03368ddad89392178aa09ba4/6891a9ed03368ddad89392178aa09ba4.m3u8					/upload_01/xiao/20260707/2026070711024791813.png	867	1	0
937	Hacked by Dimples#1337	/videos5/88ffda6ecce59081b24565e020389bc3/88ffda6ecce59081b24565e020389bc3.m3u8					/upload_01/xiao/20260707/2026070711024538720.png	1123	1	1
938	Hacked by Dimples#1337	/videos5/8aa42582a0e7894fdc2b41bf352172f8/8aa42582a0e7894fdc2b41bf352172f8.m3u8					/upload_01/xiao/20260707/2026070711024527370.png	984	1	1
939	Hacked by Dimples#1337	/videos5/98a2957b5327bf4ff8b20d35cb414ed8/98a2957b5327bf4ff8b20d35cb414ed8.m3u8					/upload_01/xiao/20260707/2026070711024570402.png	675	1	6
940	Hacked by Dimples#1337	/videos5/2c4ff1af8786e1fb7391e533c94c2b3a/2c4ff1af8786e1fb7391e533c94c2b3a.m3u8					/upload_01/xiao/20260707/2026070711024540090.png	887	1	0
941	Hacked by Dimples#1337	/videos5/55f1c906da20b5b938fa78346b753d19/55f1c906da20b5b938fa78346b753d19.m3u8					/upload_01/xiao/20260707/2026070711024554209.png	890	1	1
942	Hacked by Dimples#1337	/videos5/a62d4e7427d2a87e29a940f935d9cdd1/a62d4e7427d2a87e29a940f935d9cdd1.m3u8					/upload_01/xiao/20260707/2026070711024558273.png	805	1	5
943	Hacked by Dimples#1337	/videos5/3740414d3ada180ff0cfe996d04fafc9/3740414d3ada180ff0cfe996d04fafc9.m3u8					/upload_01/xiao/20260707/2026070711024581850.png	1024	1	2
944	Hacked by Dimples#1337	/videos5/5ce9c39338bd2422397b72ab27278a60/5ce9c39338bd2422397b72ab27278a60.m3u8					/upload_01/xiao/20260707/2026070711024524686.png	794	1	2
945	Hacked by Dimples#1337	/videos5/9b227e787f50d7bac185308cc896a979/9b227e787f50d7bac185308cc896a979.m3u8					/upload_01/xiao/20260707/2026070711024568979.png	801	1	0
946	Hacked by Dimples#1337	/videos5/e7c0b417b50db15b9feb92f1a2bfb4a7/e7c0b417b50db15b9feb92f1a2bfb4a7.m3u8					/upload_01/xiao/20260707/2026070711024572199.png	866	1	2
947	Hacked by Dimples#1337	/videos5/a8f67b579ec789b64e78a9358b2b730c/a8f67b579ec789b64e78a9358b2b730c.m3u8					/upload_01/xiao/20260707/2026070711024571946.png	471	1	1
948	Hacked by Dimples#1337	/m3m/1c6eca10b2b1013d480a5f9cbdb9361ebfdb5bc9f820b510cc97125219cec26b957a2ba08e9408a2a89db6338ad7af8f31cbede1da22b05e4d3c55c71b7c75c2cba4ef95de6df55053fb28c83ccfbe28.m3u8					/hc194/dcc-file/1d/1d8ebd5ff08132c9642bdec1abe187b0.jpg	399	1	2
949	Hacked by Dimples#1337	/videos5/3a97432553b91b57553d9e5ed06731d6/3a97432553b91b57553d9e5ed06731d6.m3u8					/upload_01/xiao/20260706/2026070614153390784.jpg	908	1	0
950	Hacked by Dimples#1337	/videos5/7965e55a0687dcd639be412715f23134/7965e55a0687dcd639be412715f23134.m3u8					/upload_01/upload/20260706/2026070617151056509.jpeg	1802	1	3
951	Hacked by Dimples#1337	/m3m/25989cab565e2f5bf45ffd0165f5de14fcc40b785ca14828523197212e5ad8a6ef001c60a85895d2a6d10281edbb3a7e618457e70c0fde9c3982350aed66352ecba4ef95de6df55053fb28c83ccfbe28.m3u8					/hc194/dcc-file/d3/d3878b5cec4dd662d1cbb0759adfa00d.jpg	2312	1	0
952	Hacked by Dimples#1337	/videos5/19743722bfd40ab7b62715a55491882e/19743722bfd40ab7b62715a55491882e.m3u8					/upload_01/xiao/20260706/2026070610091622526.jpg	1411	1	0
953	Hacked by Dimples#1337	/m3m/25989cab565e2f5bf45ffd0165f5de14aae78ab634b6f3818b1843c57536df899776b7089adcdd5277c725951736b9db0cff388efe66da8bf700a939f8ea91efcba4ef95de6df55053fb28c83ccfbe28.m3u8					/hc194/dcc-file/85/85e7ee9af813ec6920358251ec41b0f2.jpg	271	1	0
954	Hacked by Dimples#1337	/videos5/6cf261b2c76d25667e7f92000538b10d/6cf261b2c76d25667e7f92000538b10d.m3u8					/upload_01/xiao/20260706/2026070614153315808.jpg	488	1	0
955	Hacked by Dimples#1337	/videos5/65dd1a6167ebe4bc7e52f509fa87d8a1/65dd1a6167ebe4bc7e52f509fa87d8a1.m3u8					/upload_01/xiao/20260705/2026070514480863022.jpg	1643	1	0
956	Hacked by Dimples#1337	/videos5/2b441a1143f8c659698b8572619154fc/2b441a1143f8c659698b8572619154fc.m3u8					/upload_01/xiao/20260706/2026070610091653853.jpg	1016	1	0
957	Hacked by Dimples#1337	/videos5/081fd624b557e777d7ff842c183193ba/081fd624b557e777d7ff842c183193ba.m3u8					/upload_01/xiao/20260706/2026070614153312022.jpg	870	1	2
958	Hacked by Dimples#1337	/videos5/63cabc9b46e840bf75f09bfdbe3a9196/63cabc9b46e840bf75f09bfdbe3a9196.m3u8					/upload_01/xiao/20260706/2026070614153384298.jpg	908	1	5
959	Hacked by Dimples#1337	/videos5/4638f02a133ff096e7f4297bbdf544da/4638f02a133ff096e7f4297bbdf544da.m3u8					/upload_01/xiao/20260706/2026070614153372341.jpg	908	1	0
960	Hacked by Dimples#1337	/videos5/e1d0723394a3c5f259aa9d6bf3b23499/e1d0723394a3c5f259aa9d6bf3b23499.m3u8					/upload_01/xiao/20260706/2026070610091753486.jpg	562	1	1
961	Hacked by Dimples#1337	/videos5/ab29ca95a0c4976491ed5d510cbfa5f7/ab29ca95a0c4976491ed5d510cbfa5f7.m3u8					/upload_01/xiao/20260705/2026070514480847307.jpg	1223	1	0
962	Hacked by Dimples#1337	/videos5/d47b731fe087cf4fabd05dd30f8cb75b/d47b731fe087cf4fabd05dd30f8cb75b.m3u8					/upload_01/xiao/20260705/2026070514480858404.jpg	1335	1	0
963	Hacked by Dimples#1337	/m3m/25989cab565e2f5bf45ffd0165f5de14b2507950b779d81929c9c1ff666f2367bb90d579472d83c4a0bef1559107f5b2b38863922b1a8161f0b7520e0dde910bcba4ef95de6df55053fb28c83ccfbe28.m3u8					/hc194/dcc-file/74/74c11272e27b5a017015cb56e0e3d42f.jpg	369	1	1
964	Hacked by Dimples#1337	/videos5/3120932dd66aa230bff0d71feb6291e6/3120932dd66aa230bff0d71feb6291e6.m3u8					/upload_01/xiao/20260704/2026070418373226063.png	656	1	0
965	Hacked by Dimples#1337	/videos5/37663999b12b907ebce53c074d599eff/37663999b12b907ebce53c074d599eff.m3u8					/upload_01/xiao/20260705/2026070514480883316.jpg	2667	1	1
966	Hacked by Dimples#1337	/videos5/7dbeed3b0fd6ffe3ceee19dfb1f7946c/7dbeed3b0fd6ffe3ceee19dfb1f7946c.m3u8					/upload_01/xiao/20260704/2026070418373232212.png	425	1	0
967	Hacked by Dimples#1337	/videos5/71fcf258cd8825575251930d8251701a/71fcf258cd8825575251930d8251701a.m3u8					/upload_01/xiao/20260705/2026070514480811100.jpg	1176	1	5
968	Hacked by Dimples#1337	/videos5/9932d104f6159d9ee571778a665d480c/9932d104f6159d9ee571778a665d480c.m3u8					/upload_01/xiao/20260704/2026070418373285781.png	679	1	0
969	Hacked by Dimples#1337	/videos5/537a8238c1646bfb27061fd582a5c875/537a8238c1646bfb27061fd582a5c875.m3u8					/upload_01/xiao/20260704/2026070418373261933.png	699	1	7
970	Hacked by Dimples#1337	/videos5/4e4fbfaaca92cfabee430cdde134c93f/4e4fbfaaca92cfabee430cdde134c93f.m3u8					/upload_01/xiao/20260704/2026070418373246128.png	554	1	0
971	Hacked by Dimples#1337	/videos5/c0a5082c4670541ac2f80d303032a0f8/c0a5082c4670541ac2f80d303032a0f8.m3u8					/upload_01/xiao/20260704/2026070418373244461.png	903	1	0
972	Hacked by Dimples#1337	/m3m/25989cab565e2f5bf45ffd0165f5de1474816a256eebf2bc55e8f1a4cedcfce39b9d08e6562b260d2a764fda9f5fcf7eae4a46a97531deca55deeb6ead143e6dcba4ef95de6df55053fb28c83ccfbe28.m3u8					/hc194/dcc-file/98/98335b4abd080efce847d0c0e45c53bd.jpg	14465	1	1
973	Hacked by Dimples#1337	/m3m/25989cab565e2f5bf45ffd0165f5de1456f6366c3059b4642ecfb74c74a46c09638dd58d3b9a4f2c2d6eb8952d10d52b4282f091912dbaf6f8b33a7107ec2590cba4ef95de6df55053fb28c83ccfbe28.m3u8					/hc194/dcc-file/7e/7ef035848dff2688339faa01e8a46d76-small.jpg	1051	1	0
974	Hacked by Dimples#1337	/videos5/d0fb859d5b7542b4babee463dfcb4876/d0fb859d5b7542b4babee463dfcb4876.m3u8					/upload_01/xiao/20260704/2026070418373273663.png	992	1	0
975	Hacked by Dimples#1337	/videos5/bdd6099819624156ebd5ca1e4dd0eb4a/bdd6099819624156ebd5ca1e4dd0eb4a.m3u8					/upload_01/xiao/20260704/2026070418373272247.png	588	1	0
976	Hacked by Dimples#1337	/m3m/25989cab565e2f5bf45ffd0165f5de146c80e700751d211b0f834ad66db726c4728bf712356d2d8fa59d18d29b588eb50181ba8f50fd10a691c8984d3042f8bacba4ef95de6df55053fb28c83ccfbe28.m3u8					/hc194/dcc-file/6a/6a1c8abbe6bc3edf24e1ae2f0580f3f4.jpg	3272	1	6
977	Hacked by Dimples#1337	/videos5/838cd3899842a0a25dc227bc4d7d7642/838cd3899842a0a25dc227bc4d7d7642.m3u8					/upload_01/xiao/20260704/2026070418373217938.png	791	1	1
978	Hacked by Dimples#1337	/videos5/4ad7f211e07efdebf4aa09dd0f271bf9/4ad7f211e07efdebf4aa09dd0f271bf9.m3u8					/upload_01/xiao/20260704/2026070418373273143.png	709	1	0
979	Hacked by Dimples#1337	/videos5/adfd1c6c2672a199ea5d606ec65e0bc4/adfd1c6c2672a199ea5d606ec65e0bc4.m3u8					/upload_01/xiao/20260709/2026070916531387691.jpg	840	1	0
980	Hacked by Dimples#1337	/videos5/3a1026821f221b521a054dc71fadfd0b/3a1026821f221b521a054dc71fadfd0b.m3u8					/upload_01/xiao/20260709/2026070916103092016.png	1145	1	66
981	Hacked by Dimples#1337	/videos5/4f7d5fdd9188b605f85aa1af7c3b26a7/4f7d5fdd9188b605f85aa1af7c3b26a7.m3u8					/upload_01/xiao/20260709/2026070916533448021.jpg	489	1	0
982	Hacked by Dimples#1337	/videos5/67810ce4841f27cbb4150fedc1ba66c4/67810ce4841f27cbb4150fedc1ba66c4.m3u8					/upload_01/xiao/20260709/2026070916533457206.jpg	656	1	0
983	Hacked by Dimples#1337	/videos5/e64999536b7da96bc54c009a42689e49/e64999536b7da96bc54c009a42689e49.m3u8					/upload_01/xiao/20260709/2026070916532522168.jpg	65	1	0
984	Hacked by Dimples#1337	/videos5/69e7a15e9eb5346095956576b9b94d70/69e7a15e9eb5346095956576b9b94d70.m3u8					/upload_01/xiao/20260709/2026070916103050023.png	372	1	19
985	Hacked by Dimples#1337	/videos5/a6fbf81ca647a4ac473d0d4ec3680188/a6fbf81ca647a4ac473d0d4ec3680188.m3u8					/upload_01/xiao/20260709/2026070916531372123.jpg	781	1	0
986	Hacked by Dimples#1337	/videos5/3a3577dd1743b52be9a3e1c60f0eb488/3a3577dd1743b52be9a3e1c60f0eb488.m3u8					/upload_01/xiao/20260709/2026070916533442754.jpg	588	1	0
987	Hacked by Dimples#1337	/videos5/612cb8505b122dd573d5f79e3b7e960d/612cb8505b122dd573d5f79e3b7e960d.m3u8					/upload_01/xiao/20260709/2026070916533413545.jpg	741	1	0
988	Hacked by Dimples#1337	/videos5/c2a104b38d7cd2fbf53f481cea233303/c2a104b38d7cd2fbf53f481cea233303.m3u8					/upload_01/xiao/20260709/2026070916531465105.jpg	794	1	0
989	Hacked by Dimples#1337	/videos5/665a096ff8d6d72a4055a151e6c343ee/665a096ff8d6d72a4055a151e6c343ee.m3u8					/upload_01/xiao/20260709/2026070916531382426.jpg	720	1	0
990	Hacked by Dimples#1337	/videos5/784365a07e4252debd1d9a8201c0b3ee/784365a07e4252debd1d9a8201c0b3ee.m3u8					/upload_01/xiao/20260708/2026070821260316390.png	714	1	6
991	Hacked by Dimples#1337	/videos5/7f3a8c9e31d95c72079ca80d198bafb3/7f3a8c9e31d95c72079ca80d198bafb3.m3u8					/upload_01/xiao/20260708/2026070821260394712.png	1057	1	100
992	Hacked by Dimples#1337	/videos5/a617670e5aacd5a82b09c02da9040089/a617670e5aacd5a82b09c02da9040089.m3u8					/upload_01/xiao/20260708/2026070821260586644.png	790	1	4
993	Hacked by Dimples#1337	/videos5/56866a8f01052a177b58a39f3fcb402f/56866a8f01052a177b58a39f3fcb402f.m3u8					/upload_01/xiao/20260708/2026070821260336561.png	927	1	1
994	Hacked by Dimples#1337	/videos5/891dd871fef350c8e34979fd8babce1c/891dd871fef350c8e34979fd8babce1c.m3u8					/upload_01/xiao/20260708/2026070821260353844.png	851	1	1
995	Hacked by Dimples#1337	/videos5/04d4ff8198b1d803f7b4b3a77c45c848/04d4ff8198b1d803f7b4b3a77c45c848.m3u8					/upload_01/xiao/20260708/2026070821260437246.png	889	1	1
996	Hacked by Dimples#1337	/videos5/bf9ac3317c87d83bb3ef9a989ba95cc1/bf9ac3317c87d83bb3ef9a989ba95cc1.m3u8					/upload_01/xiao/20260708/2026070821260368612.png	900	1	2
997	Hacked by Dimples#1337	/videos5/8f11e8c467c5548436310a43905ae558/8f11e8c467c5548436310a43905ae558.m3u8					/upload_01/xiao/20260708/2026070821280760759.jpg	622	1	1
998	Hacked by Dimples#1337	/videos5/81c96c5f732f161dfbf629bb87daefb1/81c96c5f732f161dfbf629bb87daefb1.m3u8					/upload_01/xiao/20260708/2026070821032337750.png	1081	1	0
999	Hacked by Dimples#1337	/videos5/84f32206c772fe6ed83ae5405f8f8ea8/84f32206c772fe6ed83ae5405f8f8ea8.m3u8					/upload_01/xiao/20260708/2026070821032344293.png	993	1	2
1000	Hacked by Dimples#1337	/videos5/e5a720fd810c2a4dd7a7f974ea383085/e5a720fd810c2a4dd7a7f974ea383085.m3u8					/upload_01/xiao/20260708/2026070821260263542.png	1053	1	4
1001	Hacked by Dimples#1337	/videos5/1e29165de9ac1d2390f9c86c4327a4eb/1e29165de9ac1d2390f9c86c4327a4eb.m3u8					/upload_01/xiao/20260708/2026070821260151942.png	871	1	2
1002	Hacked by Dimples#1337	/videos5/d2fd721ec2ca067ec704e4e0e6a0e580/d2fd721ec2ca067ec704e4e0e6a0e580.m3u8					/upload_01/xiao/20260708/2026070821032392897.png	1053	1	1
1003	Hacked by Dimples#1337	/videos5/f21f9a27be3a38577591931a4fa607ab/f21f9a27be3a38577591931a4fa607ab.m3u8					/upload_01/xiao/20260708/2026070821032324449.png	856	1	2
1004	Hacked by Dimples#1337	/videos5/474cd8d5225dbe55d88e316f9dbc84ae/474cd8d5225dbe55d88e316f9dbc84ae.m3u8					/upload_01/xiao/20260708/2026070821032350585.png	881	1	0
1005	Hacked by Dimples#1337	/videos5/7b26f48120800858f4733eb98a8d94fa/7b26f48120800858f4733eb98a8d94fa.m3u8					/upload_01/xiao/20260708/2026070821032344730.png	517	1	1
1006	Hacked by Dimples#1337	/videos5/d59c4f1ee1ea5a0ff2b2af064b763a83/d59c4f1ee1ea5a0ff2b2af064b763a83.m3u8					/upload_01/xiao/20260708/2026070821032231259.png	761	1	2
1007	Hacked by Dimples#1337	/videos5/b4ebeba787854a0933a2ddf1487465e1/b4ebeba787854a0933a2ddf1487465e1.m3u8					/upload_01/xiao/20260708/2026070821032244651.png	1309	1	2
1008	Hacked by Dimples#1337	/videos5/b0fa28eeb9226c76bcabb742a8cb557d/b0fa28eeb9226c76bcabb742a8cb557d.m3u8					/upload_01/xiao/20260708/2026070821032350688.png	1043	1	0
1009	Hacked by Dimples#1337	/videos5/45c496996892eeb6d129526358749e8c/45c496996892eeb6d129526358749e8c.m3u8					/upload_01/xiao/20260708/2026070821032351407.png	1083	1	3
1010	Hacked by Dimples#1337	/videos5/d42551384f86cb66aa1d42d4ba46e6f3/d42551384f86cb66aa1d42d4ba46e6f3.m3u8					/upload_01/xiao/20260708/2026070820021045809.jpg	1045	1	2
1011	Hacked by Dimples#1337	/videos5/496fa7ecb1aaa2b744ac2cb1451e90c0/496fa7ecb1aaa2b744ac2cb1451e90c0.m3u8					/upload_01/xiao/20260708/2026070820021191732.jpg	700	1	1
1012	Hacked by Dimples#1337	/videos5/6d4d44d77239f468efbbb1d932b5e38d/6d4d44d77239f468efbbb1d932b5e38d.m3u8					/upload_01/xiao/20260708/2026070820021029971.jpg	561	1	0
1013	Hacked by Dimples#1337	/videos5/90d08bb0c348e5c4e639bc028fcd6200/90d08bb0c348e5c4e639bc028fcd6200.m3u8					/upload_01/xiao/20260709/2026070916103069206.png	2342	1	3
1014	Hacked by Dimples#1337	/videos5/207a028e1ad8988e089857e372acc811/207a028e1ad8988e089857e372acc811.m3u8					/upload_01/xiao/20260709/2026070917011398121.jpg	1726	1	2
1015	Hacked by Dimples#1337	/videos5/68dccb107ba196afab388c607234132c/68dccb107ba196afab388c607234132c.m3u8					/upload_01/xiao/20260709/2026070917181249570.jpg	1126	1	2
1016	Hacked by Dimples#1337	/videos5/a645030268eb7ec19de3c730a05981e2/a645030268eb7ec19de3c730a05981e2.m3u8					/upload_01/xiao/20260709/2026070915022541705.jpg	402	1	2
1017	Hacked by Dimples#1337	/videos5/f791bfc94e5d34540f9148bf6a06c0a4/f791bfc94e5d34540f9148bf6a06c0a4.m3u8					/upload_01/xiao/20260709/2026070916103097355.png	2357	1	31
1018	Hacked by Dimples#1337	/videos5/7f551283c36e1e9d98416d5b3aaf068f/7f551283c36e1e9d98416d5b3aaf068f.m3u8					/upload_01/xiao/20260709/2026070916103042789.png	1527	1	0
1019	Hacked by Dimples#1337	/videos5/d719c4d231d4bee73e63aa9b860d2df3/d719c4d231d4bee73e63aa9b860d2df3.m3u8					/upload_01/xiao/20260709/2026070916103084438.png	2147	1	0
1020	Hacked by Dimples#1337	/videos5/66d79d8e2ea4c1fcd17a6c1d65cea044/66d79d8e2ea4c1fcd17a6c1d65cea044.m3u8					/upload_01/xiao/20260709/2026070914040679099.jpg	1537	1	5
1021	Hacked by Dimples#1337	/videos5/427b720da0d7642105a98d599a7aac82/427b720da0d7642105a98d599a7aac82.m3u8					/upload_01/xiao/20260709/2026070915022517763.jpg	1584	1	0
1022	Hacked by Dimples#1337	/videos5/a58cc65c320019f1d66a393ce00be656/a58cc65c320019f1d66a393ce00be656.m3u8					/upload_01/xiao/20260709/2026070915022553373.jpg	535	1	7
1023	Hacked by Dimples#1337	/videos5/9bc6ae036fd4356086f51674d2685bd6/9bc6ae036fd4356086f51674d2685bd6.m3u8					/upload_01/xiao/20260709/2026070915022550214.jpg	368	1	6
1024	Hacked by Dimples#1337	/videos5/c8a0662e64073ec6252b8b8a3d22d69b/c8a0662e64073ec6252b8b8a3d22d69b.m3u8					/upload_01/xiao/20260709/2026070914040629903.jpg	770	1	2
1025	Hacked by Dimples#1337	/videos5/683271a80bb79d6b8f28ff1ed59c4852/683271a80bb79d6b8f28ff1ed59c4852.m3u8					/upload_01/xiao/20260709/2026070916103024549.png	1169	1	1
1026	Hacked by Dimples#1337	/videos5/a6496da4fef0243dcdf2edcf8ffe25f0/a6496da4fef0243dcdf2edcf8ffe25f0.m3u8					/upload_01/xiao/20260709/2026070914040696491.jpg	1086	1	0
1027	Hacked by Dimples#1337	/videos5/5ea449777b524218561795f445f1ae75/5ea449777b524218561795f445f1ae75.m3u8					/upload_01/xiao/20260709/2026070914040620062.jpg	351	1	11
1028	Hacked by Dimples#1337	/videos5/80623f7882f05002c2da47a1e682f46b/80623f7882f05002c2da47a1e682f46b.m3u8					/upload_01/xiao/20260709/2026070914040617711.jpg	330	1	2
1029	Hacked by Dimples#1337	/videos5/b77ec3186047c38ad1500c04e4fa9ece/b77ec3186047c38ad1500c04e4fa9ece.m3u8					/upload_01/xiao/20260709/2026070910081498781.jpg	1326	1	1
1030	Hacked by Dimples#1337	/videos5/198358fe900617eef8d7ee537be86ad8/198358fe900617eef8d7ee537be86ad8.m3u8					/upload_01/upload/20260708/2026070822062484484.jpeg	570	1	1
1031	Hacked by Dimples#1337	/videos5/0cef2897f318bb102dcaac3acfc14746/0cef2897f318bb102dcaac3acfc14746.m3u8					/upload_01/xiao/20260709/2026070910081451685.jpg	308	1	16
1032	Hacked by Dimples#1337	/videos5/25b27289d5fff3d0d82d2b0e20da1311/25b27289d5fff3d0d82d2b0e20da1311.m3u8					/upload_01/xiao/20260709/2026070910081419517.jpg	2019	1	0
1033	Hacked by Dimples#1337	/videos5/fa6b946a5d6d1a8af477c5c5d9bde4f2/fa6b946a5d6d1a8af477c5c5d9bde4f2.m3u8					/upload_01/xiao/20260708/2026070820350515705.jpg	1943	1	0
1034	Hacked by Dimples#1337	/videos5/fe56c489250b0706977e927b728401cc/fe56c489250b0706977e927b728401cc.m3u8					/upload_01/xiao/20260708/2026070820350666156.jpg	828	1	0
1035	Hacked by Dimples#1337	/videos5/303b6058f43a898a8a1270d7acda6230/303b6058f43a898a8a1270d7acda6230.m3u8					/upload_01/xiao/20260708/2026070816465792096.png	438	1	0
1036	Hacked by Dimples#1337	/videos5/3481e56e0035b8bcf45d248240117801/3481e56e0035b8bcf45d248240117801.m3u8					/upload_01/xiao/20260708/2026070818312863296.jpg	471	1	0
1037	Hacked by Dimples#1337	/videos5/084d763356890ac9cf45a949f1cd9737/084d763356890ac9cf45a949f1cd9737.m3u8					/upload_01/xiao/20260708/2026070817491713346.jpg	1455	1	2
1038	Hacked by Dimples#1337	/videos5/e38ce9e2f73d9e279da1703422bd1e91/e38ce9e2f73d9e279da1703422bd1e91.m3u8					/upload_01/xiao/20260708/2026070816492765219.jpg	2413	1	2
1039	Hacked by Dimples#1337	/videos5/99d6df6720981d6a37e37c3ab9b1ef13/99d6df6720981d6a37e37c3ab9b1ef13.m3u8					/upload_01/xiao/20260708/2026070814204048255.jpg	2362	1	5
1040	Hacked by Dimples#1337	/videos5/418d23a657a7560008f8034766b5b22c/418d23a657a7560008f8034766b5b22c.m3u8					/upload_01/xiao/20260708/2026070815162532051.jpg	630	1	0
1041	Hacked by Dimples#1337	/videos5/0b8d4fb381aeae164f9064e14d44cf47/0b8d4fb381aeae164f9064e14d44cf47.m3u8					/upload_01/xiao/20260708/2026070814204080004.jpg	1187	1	0
1042	Hacked by Dimples#1337	/videos5/81a13f7a0a7c658cd6402783466ec82b/81a13f7a0a7c658cd6402783466ec82b.m3u8					/upload_01/xiao/20260708/2026070816465797648.png	990	1	5
1043	Hacked by Dimples#1337	/videos5/faf43e8dc16a04417cce769f81b2f88d/faf43e8dc16a04417cce769f81b2f88d.m3u8					/upload_01/xiao/20260708/2026070814204077152.jpg	1204	1	7
1044	Hacked by Dimples#1337	/videos5/d619f2f04a51d9b417c8f885926c8498/d619f2f04a51d9b417c8f885926c8498.m3u8					/upload_01/xiao/20260708/2026070814204044586.jpg	2536	1	3
1045	Hacked by Dimples#1337	/videos5/10dffee05f9fc7aa0753c1cb731f3a00/10dffee05f9fc7aa0753c1cb731f3a00.m3u8					/upload_01/xiao/20260708/2026070814204050843.jpg	1327	1	0
1046	Hacked by Dimples#1337	/videos5/8bdfafd64aa235c4c29d1aab841ae77b/8bdfafd64aa235c4c29d1aab841ae77b.m3u8					/upload_01/xiao/20260708/2026070816465732485.png	905	1	1
1047	Hacked by Dimples#1337	/m3m/25989cab565e2f5bf45ffd0165f5de140234103371bfd133fd988917c68096a84e20664d1a4941ecc6b9284650a509a56885f6a687370c4ac5aace75b0209764cba4ef95de6df55053fb28c83ccfbe28.m3u8					/hc194/dcc-file/0a/0a3c368c797a117991ef423989c46e4c.jpg	3476	1	0
1048	Hacked by Dimples#1337	/m3m/25989cab565e2f5bf45ffd0165f5de14da8fcf642b0f1193b1330517bdb5ebb90f10cb06407a78dd51a7b111161d195c9f8cbc85b9ed7fa678f3e07a11e2479fcba4ef95de6df55053fb28c83ccfbe28.m3u8					/hc194/dcc-file/53/5380159e8110d2d0ecbe3ab14acb9b3f.jpg	8406	1	0
1049	Hacked by Dimples#1337	/videos5/02687ba8d8bfe82985c92391489c969d/02687ba8d8bfe82985c92391489c969d.m3u8					/upload_01/xiao/20260707/2026070718321818523.jpg	6	1	0
1050	Hacked by Dimples#1337	/m3m/25989cab565e2f5bf45ffd0165f5de141e1b6bca563c76165354828d7de74e31ef00010bc295ada4ecbc5fde418dc72c050f23d26691f4825a09309bc5caf186cba4ef95de6df55053fb28c83ccfbe28.m3u8					/hc194/dcc-file/68/6823054e48ed2ef3f481ec7cc80586ff.jpg	8226	1	4
1051	Hacked by Dimples#1337	/m3m/25989cab565e2f5bf45ffd0165f5de1465029b54546d541ae89bf60d080d37feb37ebda0bde18a0cba15a063779da8bdfbf4ac273277e3f434a21801a38eee89cba4ef95de6df55053fb28c83ccfbe28.m3u8					/hc194/dcc-file/1b/1b265f942cad45246205f410ec5d30dc.jpg	13340	1	5
1052	Hacked by Dimples#1337	/m3m/25989cab565e2f5bf45ffd0165f5de14976adcafabfcf7a5566bab6e3e7ddd4e012f57d093d3e5c87220ec874d8983540f5a91871066b5e48c3a0d8da2d0e330cba4ef95de6df55053fb28c83ccfbe28.m3u8					/hc194/dcc-file/e4/e410f4f552bccb17047fdfa893226ade.jpg	7578	1	2
1053	Hacked by Dimples#1337	/m3m/25989cab565e2f5bf45ffd0165f5de1463efd45fe87c04f71ef1505893a1384ba1d0f9089971181db94bace75b3dee62cf0032a3841caff9fd3a5f48cbd75a47cba4ef95de6df55053fb28c83ccfbe28.m3u8					/hc194/dcc-file/77/77198e429f0a0a2060530b3ca58280c7.jpg	6964	1	1
1054	Hacked by Dimples#1337	/videos5/aea90f386303ff845a21630c3d8d99db/aea90f386303ff845a21630c3d8d99db.m3u8					/upload_01/xiao/20260707/2026070718255383874.jpg	851	1	28
1055	Hacked by Dimples#1337	/videos5/8da4af68af6e488bb622e0fbd8dfb82a/8da4af68af6e488bb622e0fbd8dfb82a.m3u8					/upload_01/xiao/20260707/2026070718321994893.jpg	1999	1	1
1056	Hacked by Dimples#1337	/videos5/4389f2206c31710ec26e6f87fa3d17f6/4389f2206c31710ec26e6f87fa3d17f6.m3u8					/upload_01/xiao/20260707/2026070718255352595.jpg	921	1	28
1057	Hacked by Dimples#1337	/videos5/48f57a4112fc2b5f619880a172716297/48f57a4112fc2b5f619880a172716297.m3u8					/upload_01/xiao/20260707/2026070718330270354.jpg	1844	1	1
1058	Hacked by Dimples#1337	/videos5/8d0cfc65accb30232bdbd1ef15e7aa43/8d0cfc65accb30232bdbd1ef15e7aa43.m3u8					/upload_01/xiao/20260707/2026070718255365012.jpg	930	1	27
1059	Hacked by Dimples#1337	/videos5/db7f295acaddaa2ee7c37286df79576b/db7f295acaddaa2ee7c37286df79576b.m3u8					/upload_01/xiao/20251230/2025123011465550499.jpg	617	1	0
1060	Hacked by Dimples#1337	/videos5/eb7ee5937fc48e7c3ce0b836812c9e26/eb7ee5937fc48e7c3ce0b836812c9e26.m3u8					/upload_01/xiao/20251214/2025121415062882467.jpg	991	1	1
1061	Hacked by Dimples#1337	/videos5/f76b0b3ca0665a46f5320e0e4723b2fa/f76b0b3ca0665a46f5320e0e4723b2fa.m3u8					/upload_01/xiao/20260113/2026011311390988899.jpg	579	1	65
1062	Hacked by Dimples#1337	/videos5/b4487662b107e4dc64d0b7f9ba326250/b4487662b107e4dc64d0b7f9ba326250.m3u8					/upload_01/upload/20250531/2025053118594760999.jpeg	313	1	0
1063	Hacked by Dimples#1337	/videos5/fe19d2adb6eb6bec6e4e6b5429714b92/fe19d2adb6eb6bec6e4e6b5429714b92.m3u8					/upload_01/xiao/20251222/2025122212475372780.jpg	674	1	12
1064	Hacked by Dimples#1337	/videos5/7f93de8e773ad113405870e2b3f2893a/7f93de8e773ad113405870e2b3f2893a.m3u8					/upload_01/xiao/20251230/2025123011465484557.jpg	422	1	68
1065	Hacked by Dimples#1337	/videos2/5d9e41beb1299c0f67bfb3148c38ef74/5d9e41beb1299c0f67bfb3148c38ef74.m3u8					/upload/upload/20230522/2023052217092035500.jpeg	0	1	4
1066	Hacked by Dimples#1337	/videos5/b08410e32e31569bed0455f7508c3dab/b08410e32e31569bed0455f7508c3dab.m3u8					/upload_01/xiao/20260709/2026070916531415897.jpg	825	1	1
1067	Hacked by Dimples#1337	/videos5/7880607cf1fe166ff73f168385ffc7dd/7880607cf1fe166ff73f168385ffc7dd.m3u8					/upload_01/xiao/20260709/2026070916531341581.jpg	639	1	0
1068	Hacked by Dimples#1337	/videos5/67582e0e6dc4d6119901c62b040cf4e7/67582e0e6dc4d6119901c62b040cf4e7.m3u8					/upload_01/xiao/20260709/2026070916531473389.jpg	364	1	78
1069	Hacked by Dimples#1337	/videos5/618081e0ee92556a64b15abb2f4b77df/618081e0ee92556a64b15abb2f4b77df.m3u8					/upload_01/xiao/20260709/2026070916531676391.jpg	686	1	1
1070	Hacked by Dimples#1337	/videos5/952d8cc6893a87d23aa4ec4cb2fb1c48/952d8cc6893a87d23aa4ec4cb2fb1c48.m3u8					/upload_01/xiao/20260709/2026070917181220959.jpg	2800	1	4
1071	Hacked by Dimples#1337	/videos5/7b32ea18099e00256672dd527943a729/7b32ea18099e00256672dd527943a729.m3u8					/upload_01/xiao/20260709/2026070916531794096.jpg	1736	1	1
1072	Hacked by Dimples#1337	/videos5/5fb278f3e00617ec554eec057694ef7c/5fb278f3e00617ec554eec057694ef7c.m3u8					/upload_01/xiao/20260709/2026070916531786988.jpg	831	1	3
1073	Hacked by Dimples#1337	/videos5/b960d33ca6c741f1f9f9d108ab1d06df/b960d33ca6c741f1f9f9d108ab1d06df.m3u8					/upload_01/xiao/20260709/2026070916531397407.jpg	703	1	10
1074	Hacked by Dimples#1337	/videos5/57d362b1c0b88192ae8de04972e7820a/57d362b1c0b88192ae8de04972e7820a.m3u8					/upload_01/xiao/20260709/2026070916531423442.jpg	438	1	64
1077	Hacked by Dimples#1337	/videos5/e5236ff61f6555a8f30c6c3b288c9ff4/e5236ff61f6555a8f30c6c3b288c9ff4.m3u8					/upload_01/xiao/20260709/2026070910081488991.jpg	2159	1	1
1079	Hacked by Dimples#1337	/videos5/dc5d21a6f1242c0ecdde7388ad193be2/dc5d21a6f1242c0ecdde7388ad193be2.m3u8					/upload_01/xiao/20260708/2026070821260732848.png	744	1	50
1081	Hacked by Dimples#1337	/videos5/b6778be5a2cc0919d984adf5bf04d52b/b6778be5a2cc0919d984adf5bf04d52b.m3u8					/upload_01/xiao/20260708/2026070821260351758.png	956	1	42
1082	Hacked by Dimples#1337	/videos5/c41fb30b1f5d0d6c45430eb9827b2397/c41fb30b1f5d0d6c45430eb9827b2397.m3u8					/upload_01/xiao/20260708/2026070821260462521.png	928	1	79
1083	Hacked by Dimples#1337	/videos5/a88b8285f3f17af0c793538f2f3cee4e/a88b8285f3f17af0c793538f2f3cee4e.m3u8					/upload_01/xiao/20260708/2026070821260429882.png	933	1	24
1084	Hacked by Dimples#1337	/videos5/bce3e92d9a80268d0b064aca1d0473ad/bce3e92d9a80268d0b064aca1d0473ad.m3u8					/upload_01/xiao/20260708/2026070821260172779.png	971	1	24
1085	Hacked by Dimples#1337	/videos5/23484ae4d7650fc0357a73fdbeeb181b/23484ae4d7650fc0357a73fdbeeb181b.m3u8					/upload_01/xiao/20260708/2026070821260220753.png	799	1	9
1086	Hacked by Dimples#1337	/videos5/ad5520e1223a78afd467049ba79199ca/ad5520e1223a78afd467049ba79199ca.m3u8					/upload_01/xiao/20260708/2026070821280761802.jpg	883	1	10
1087	Hacked by Dimples#1337	/videos5/570fc799deb121d1957eb7bcaaa9d1ca/570fc799deb121d1957eb7bcaaa9d1ca.m3u8					/upload_01/xiao/20260708/2026070821260264952.png	624	1	44
1088	Hacked by Dimples#1337	/videos5/ad878b1ac0a69d6690417f431a6a6fe1/ad878b1ac0a69d6690417f431a6a6fe1.m3u8					/upload_01/xiao/20260708/2026070821260262787.png	848	1	93
1089	Hacked by Dimples#1337	/videos5/d337e0d5158c8cd6560d4706f7b00924/d337e0d5158c8cd6560d4706f7b00924.m3u8					/upload_01/xiao/20260708/2026070817323952866.jpg	875	1	74
1090	Hacked by Dimples#1337	/videos5/36f0695dbe78252cf35ca202e7bd031c/36f0695dbe78252cf35ca202e7bd031c.m3u8					/upload_01/xiao/20260708/2026070817323975044.jpg	1860	1	32
1091	Hacked by Dimples#1337	/videos5/1bd18cdee0de5439c972302638cf3537/1bd18cdee0de5439c972302638cf3537.m3u8					/upload_01/xiao/20260708/2026070821032284403.png	868	1	52
1092	Hacked by Dimples#1337	/videos5/cc59f36945406c74fda2535799067e58/cc59f36945406c74fda2535799067e58.m3u8					/upload_01/xiao/20260708/2026070821032377668.png	825	1	19
1093	Hacked by Dimples#1337	/videos5/af11a75b01524b6acfe37026d4d52e6f/af11a75b01524b6acfe37026d4d52e6f.m3u8					/upload_01/xiao/20260708/2026070821032764994.png	898	1	0
1094	Hacked by Dimples#1337	/videos5/13f407ec4ec59f066d8824a771511126/13f407ec4ec59f066d8824a771511126.m3u8					/upload_01/xiao/20260704/2026070418373211595.png	628	1	25
1095	Hacked by Dimples#1337	/videos5/38b26dccbe5d1b33d61e760f607ec4c4/38b26dccbe5d1b33d61e760f607ec4c4.m3u8					/upload_01/xiao/20260707/2026070711024588158.png	813	1	0
1096	Hacked by Dimples#1337	/videos5/9d43a980eff280307cf6153653805297/9d43a980eff280307cf6153653805297.m3u8					/upload_01/xiao/20260707/2026070711031843822.png	882	1	108
1097	Hacked by Dimples#1337	/videos5/177f18468cf05ccbb3d9bef871969c1a/177f18468cf05ccbb3d9bef871969c1a.m3u8					/upload_01/xiao/20260703/2026070321500180009.png	827	1	0
1098	Hacked by Dimples#1337	/m3m/25989cab565e2f5bf45ffd0165f5de14805a7973ebf1e26f6911b75518bba985c3abf210172311a68ac237b9d7c5ff36cac3f3806c2049d5122ce7035768148acba4ef95de6df55053fb28c83ccfbe28.m3u8					/hc194/dcc-file/2c/2c24f005876e1143305a3dd26a061146.jpg	6172	1	0
1099	Hacked by Dimples#1337	/videos5/a02769d18a30e2ae9b966ab25bc2bcdc/a02769d18a30e2ae9b966ab25bc2bcdc.m3u8					/upload_01/xiao/20260707/2026070721320012525.png	319	1	1
1100	Hacked by Dimples#1337	/videos5/462993fd475b8a8c2eb05f91e67fc2da/462993fd475b8a8c2eb05f91e67fc2da.m3u8					/upload_01/xiao/20260708/2026070821032214378.png	1204	1	0
1101	Hacked by Dimples#1337	/videos5/54a979d5a17418c8755244b5b1c15850/54a979d5a17418c8755244b5b1c15850.m3u8					/upload_01/xiao/20260707/2026070711024573860.png	879	1	1
1102	Hacked by Dimples#1337	/videos5/fe55c4b8b8fafcaf63c1900c33580131/fe55c4b8b8fafcaf63c1900c33580131.m3u8					/upload_01/xiao/20260707/2026070721315845144.png	869	1	0
1103	Hacked by Dimples#1337	/m3m/25989cab565e2f5bf45ffd0165f5de1495b1478da5827394e4ce3d6dd3ec176b270eb3e68069687aa04e371df44680c72c0a6aa4437cf5794f4fe1f8e2023a30cba4ef95de6df55053fb28c83ccfbe28.m3u8					/hc194/dcc-file/a1/a133e9385868b3d15d5a93da7ddbb19b.jpg	1146	1	0
1104	Hacked by Dimples#1337	/m3m/25989cab565e2f5bf45ffd0165f5de147a97e802780d56c978d81e5a93a26881c3fc045ae244d7e3a44da66535130c2a92996b80e413d261b46bf816ba24bdb3cba4ef95de6df55053fb28c83ccfbe28.m3u8					/hc194/dcc-file/4f/4f49149fe64e6f37276fc60f1a74d59f.jpg	3660	1	0
1105	Hacked by Dimples#1337	/videos5/7958f000f107001f2a77425cef2f907f/7958f000f107001f2a77425cef2f907f.m3u8					/upload_01/xiao/20260630/2026063021485554267.png	846	1	47
1106	Hacked by Dimples#1337	/videos5/f438915bd9f5158977c46f25744a10ad/f438915bd9f5158977c46f25744a10ad.m3u8					/upload_01/xiao/20260702/2026070221505543699.png	900	1	20
1107	Hacked by Dimples#1337	/videos5/377d3b419682f1682b4a5fbe567bb553/377d3b419682f1682b4a5fbe567bb553.m3u8					/upload_01/xiao/20260703/2026070321500134203.png	1065	1	8
1108	Hacked by Dimples#1337	/m3m/25989cab565e2f5bf45ffd0165f5de14f553ff8f5b9ffb1b2aa42a68e61fb9cee948318953db9ec9c1450567d12a6241bb1800f945f1b62e02193070f1857413cba4ef95de6df55053fb28c83ccfbe28.m3u8					/hc194/dcc-file/3c/3ca6450f08a29c96310837f6afbe94ea.jpg	553	1	0
1109	Hacked by Dimples#1337	/m3m/25989cab565e2f5bf45ffd0165f5de14ae89e36a5777f9b2d8043708f814e9775732c495532fcef1bf1bb3e12b3e11f90bc8435ca592ea8a95bdcc011b4d4f1ecba4ef95de6df55053fb28c83ccfbe28.m3u8					/hc194/dcc-file/e4/e484160a5b61855c2957117106893ed5.jpg	3702	1	0
1110	Hacked by Dimples#1337	/videos5/367d4d4a4f4a3dff01935df93b6b0f2c/367d4d4a4f4a3dff01935df93b6b0f2c.m3u8					/upload_01/xiao/20260629/2026062921261982214.png	320	1	54
1111	Hacked by Dimples#1337	/videos5/0fb7b3c9babd2282968145da289c1880/0fb7b3c9babd2282968145da289c1880.m3u8					/upload_01/xiao/20260702/2026070221505979010.png	830	1	14
1112	Hacked by Dimples#1337	/m3m/25989cab565e2f5bf45ffd0165f5de14ccf723919f981b350a098168b2253666a8422e4afb4d949dccbe9d6ddc682af3dbdb0493c93ce270dedc1e4dc3e5e533cba4ef95de6df55053fb28c83ccfbe28.m3u8					/hc194/dcc-file/3e/3ed40bb2382a12aefe5de332be26f37b.jpg	793	1	0
1113	Hacked by Dimples#1337	/videos5/9af21e17d172ae9a0d22ea03c02be512/9af21e17d172ae9a0d22ea03c02be512.m3u8					/upload_01/xiao/20260627/2026062718344384941.png	636	1	0
1114	Hacked by Dimples#1337	/videos5/8b9ac1e50794d16740e2bbf7e5f8a051/8b9ac1e50794d16740e2bbf7e5f8a051.m3u8					/upload_01/xiao/20260701/2026070121252099637.png	832	1	1
1115	Hacked by Dimples#1337	/m3m/25989cab565e2f5bf45ffd0165f5de14d09781ce0f364c4e729fcdb8f8b5e8cf839d8fd92ef8662f31379d4ff25da5677600bc6465d15f6a2cea6d3ee5fe98cacba4ef95de6df55053fb28c83ccfbe28.m3u8					/hc194/dcc-file/e6/e68c23a720821d236f75ef74bbccd5db.jpg	894	1	0
1116	Hacked by Dimples#1337	/videos5/ff69eeca96c2037a248176f787e3267c/ff69eeca96c2037a248176f787e3267c.m3u8					/upload_01/xiao/20260626/2026062621374423986.png	806	1	4
1117	Hacked by Dimples#1337	/videos5/51cfa7d2de09a0696f3f3473733a9324/51cfa7d2de09a0696f3f3473733a9324.m3u8					/upload_01/xiao/20260626/2026062621383596321.png	694	1	20
1118	Hacked by Dimples#1337	/videos5/4ff55f2171fea760a485b99d042d8bbd/4ff55f2171fea760a485b99d042d8bbd.m3u8					/upload_01/xiao/20260627/2026062718344367647.png	925	1	7
1119	Hacked by Dimples#1337	/videos5/9c3772f74b0e1557a7864f160e6ce5a4/9c3772f74b0e1557a7864f160e6ce5a4.m3u8					/upload_01/xiao/20260624/2026062421354898511.png	1154	1	64
1120	Hacked by Dimples#1337	/videos5/f916a8347ff875347ecad7398c5dbf2c/f916a8347ff875347ecad7398c5dbf2c.m3u8					/upload_01/xiao/20260626/2026062621374438587.png	665	1	12
1121	Hacked by Dimples#1337	/videos5/633a3d7175e5355bb3486260a4a7efc1/633a3d7175e5355bb3486260a4a7efc1.m3u8					/upload_01/xiao/20260625/2026062521510341896.png	808	1	0
1122	Hacked by Dimples#1337	/videos5/31777f78e9bab4566db8d83a5bb775a3/31777f78e9bab4566db8d83a5bb775a3.m3u8					/upload_01/xiao/20260624/2026062421201424532.png	1109	1	69
1123	Hacked by Dimples#1337	/videos5/96a8d87741ee8ff6d7b39dde97172df1/96a8d87741ee8ff6d7b39dde97172df1.m3u8					/upload_01/xiao/20260625/2026062521510554620.png	545	1	37
1124	Hacked by Dimples#1337	/videos5/5bd1d6909f3eabe10274c8df740b4f7b/5bd1d6909f3eabe10274c8df740b4f7b.m3u8					/upload_01/xiao/20260623/2026062321455268952.png	731	1	192
1125	Hacked by Dimples#1337	/videos5/27ae0c6c91a48a5477d115dc487966b2/27ae0c6c91a48a5477d115dc487966b2.m3u8					/upload_01/xiao/20260625/2026062521510436771.png	645	1	0
1126	Hacked by Dimples#1337	/videos5/20863060c8f3c9825e6a52a83dc9103a/20863060c8f3c9825e6a52a83dc9103a.m3u8					/upload_01/xiao/20260624/2026062421201454892.png	1274	1	21
1127	Hacked by Dimples#1337	/videos5/b331995b44c43f0b287e84aedb29d087/b331995b44c43f0b287e84aedb29d087.m3u8					/upload_01/xiao/20260623/2026062321455463669.png	665	1	5
1128	Hacked by Dimples#1337	/videos5/5858e692fd12ba391a81a1b67dfba832/5858e692fd12ba391a81a1b67dfba832.m3u8					/upload_01/xiao/20260624/2026062421201437471.png	908	1	30
1129	Hacked by Dimples#1337	/videos5/110d3fc1e549cffed28ce6337b6a41b9/110d3fc1e549cffed28ce6337b6a41b9.m3u8					/upload_01/xiao/20260626/2026062621374498214.png	844	1	0
1130	Hacked by Dimples#1337	/videos5/59cccb336cfda58179be698ef4b20e64/59cccb336cfda58179be698ef4b20e64.m3u8					/upload_01/xiao/20260623/2026062321162591589.png	1126	1	0
1131	Hacked by Dimples#1337	/videos5/6f8dd6cbe0e3fbce9ea0315bd79eb9df/6f8dd6cbe0e3fbce9ea0315bd79eb9df.m3u8					/upload_01/xiao/20260623/2026062321162586902.png	1108	1	0
1132	Hacked by Dimples#1337	/videos5/3581564fc5175ec2c438241791be8e25/3581564fc5175ec2c438241791be8e25.m3u8					/upload_01/xiao/20260623/2026062321162519406.png	893	1	1
1133	Hacked by Dimples#1337	/videos5/5fbf6086f1e40f901bdf86614583b62d/5fbf6086f1e40f901bdf86614583b62d.m3u8					/upload_01/xiao/20260622/2026062221315632282.png	916	1	1
1134	Hacked by Dimples#1337	/videos5/86b5337c79009dde9086afe8194fb60f/86b5337c79009dde9086afe8194fb60f.m3u8					/upload_01/xiao/20260622/2026062221315696073.png	748	1	1
1135	Hacked by Dimples#1337	/videos5/999ef4c7accf90ba7ebc146d521e7f51/999ef4c7accf90ba7ebc146d521e7f51.m3u8					/upload_01/xiao/20260622/2026062221315676668.png	861	1	8
1136	Hacked by Dimples#1337	/videos5/4646401416f5f55bcd17c7f1c07b2d4b/4646401416f5f55bcd17c7f1c07b2d4b.m3u8					/upload_01/xiao/20260622/2026062221315614730.png	744	1	0
1137	Hacked by Dimples#1337	/videos5/b761333bfc7c852c7818ada80e09b19b/b761333bfc7c852c7818ada80e09b19b.m3u8					/upload_01/xiao/20260623/2026062321162490435.png	687	1	4
1138	Hacked by Dimples#1337	/videos5/5b00a75e2a0f24f9c766cf69e2c39cb8/5b00a75e2a0f24f9c766cf69e2c39cb8.m3u8					/upload_01/xiao/20260623/2026062321162456183.png	861	1	0
1139	Hacked by Dimples#1337	/videos5/2fa6d8baf78e2d02cee58b4bddc504c1/2fa6d8baf78e2d02cee58b4bddc504c1.m3u8					/upload_01/xiao/20260622/2026062220400365028.jpg	597	1	7
1140	Hacked by Dimples#1337	/videos5/08460753365784c7008e57ae03ad66e3/08460753365784c7008e57ae03ad66e3.m3u8					/upload_01/xiao/20260622/2026062221315618546.png	910	1	0
1141	Hacked by Dimples#1337	/videos5/59018c8148eb3bc5ae19add4e673612a/59018c8148eb3bc5ae19add4e673612a.m3u8					/upload_01/xiao/20260622/2026062221315757131.png	1064	1	0
1142	Hacked by Dimples#1337	/videos5/78e4cbfe3b14c5764d25cbd9128b3312/78e4cbfe3b14c5764d25cbd9128b3312.m3u8					/upload_01/xiao/20260623/2026062321162584026.png	1115	1	0
1143	Hacked by Dimples#1337	/videos5/02d8187319aa0b40ee77dc6336157e2b/02d8187319aa0b40ee77dc6336157e2b.m3u8					/upload_01/upload/20260621/2026062119084923180.jpeg	2035	1	1
1144	Hacked by Dimples#1337	/videos5/937d8dce9f87c33c47bb2d8e9f7690dd/937d8dce9f87c33c47bb2d8e9f7690dd.m3u8					/upload_01/xiao/20260618/2026061815160418238.png	819	1	0
1145	Hacked by Dimples#1337	/m3m/1c6eca10b2b1013d480a5f9cbdb9361ee164e33caeb4d6cebed8b0e8773b0c2e83df058cf6172da0c76cf314e6aa62d2a71b7c2a447a99315e94eaf89d467f32cba4ef95de6df55053fb28c83ccfbe28.m3u8					/hc194/dcc-file/dd/dd63d3eca416090483dc311a4ef85d78.jpg	3635	1	0
1146	Hacked by Dimples#1337	/videos5/6cf0453a1e801476df4bf6b17f506260/6cf0453a1e801476df4bf6b17f506260.m3u8					/upload_01/xiao/20260618/2026061822070415287.png	920	1	0
1147	Hacked by Dimples#1337	/videos5/1196f2078e227625b2191a9af97ec3b3/1196f2078e227625b2191a9af97ec3b3.m3u8					/upload_01/xiao/20260618/2026061822070443257.png	601	1	0
1148	Hacked by Dimples#1337	/videos5/a04e0345d51a3092aead27a3e41f3c8b/a04e0345d51a3092aead27a3e41f3c8b.m3u8					/upload_01/upload/20260617/2026061723145253782.jpeg	2527	1	0
1149	Hacked by Dimples#1337	/videos5/d59bc924867654bec0789b43e8dae7fc/d59bc924867654bec0789b43e8dae7fc.m3u8					/upload_01/xiao/20260618/2026061822070489530.png	683	1	2
1150	Hacked by Dimples#1337	/videos5/fcf97e9aead0c938924c634a0101a73d/fcf97e9aead0c938924c634a0101a73d.m3u8					/upload_01/xiao/20260618/2026061815164973594.png	1109	1	7
1151	Hacked by Dimples#1337	/videos5/46ed69de51afafd4a9f77563132a6a5c/46ed69de51afafd4a9f77563132a6a5c.m3u8					/upload_01/upload/20260617/2026061712300250391.png	849	1	3
1152	Hacked by Dimples#1337	/videos5/f9ccb617750ebd8309908933a98128ee/f9ccb617750ebd8309908933a98128ee.m3u8					/upload_01/upload/20260618/2026061821285872426.jpeg	123	1	5
1153	Hacked by Dimples#1337	/videos5/44b1f044f984aac1f92c1c00a6d3997e/44b1f044f984aac1f92c1c00a6d3997e.m3u8					/upload_01/upload/20260616/2026061622562358863.jpeg	834	1	4
1154	Hacked by Dimples#1337	/videos5/1a51e3a3aa526a9095aad18b209ea312/1a51e3a3aa526a9095aad18b209ea312.m3u8					/upload_01/xiao/20260618/2026061822070438792.png	820	1	1
1155	Hacked by Dimples#1337	/videos5/d41b7bc9ec280426db2bf4fe3c0e9b4f/d41b7bc9ec280426db2bf4fe3c0e9b4f.m3u8					/upload_01/upload/20260617/2026061716263941365.png	746	1	2
1156	Hacked by Dimples#1337	/videos5/a3d94041abd4b0c11cbd6c1c04c93f34/a3d94041abd4b0c11cbd6c1c04c93f34.m3u8					/upload_01/upload/20260617/2026061723074292801.jpeg	1596	1	0
1157	Hacked by Dimples#1337	/videos5/1860318cbc6b043f398dbc67c747630c/1860318cbc6b043f398dbc67c747630c.m3u8					/upload_01/upload/20260617/2026061723053816366.jpeg	2785	1	1
1158	Hacked by Dimples#1337	/videos5/0eb40c14d0fdfd0eea12acaca6ed3f6a/0eb40c14d0fdfd0eea12acaca6ed3f6a.m3u8					/upload_01/xiao/20260615/2026061521481184843.png	1076	1	40
1159	Hacked by Dimples#1337	/m3m/25989cab565e2f5bf45ffd0165f5de147c9add1306a182a6e7cb1ee4b0538667ba8fa1dc36dc098c35fed67719714470c706220b8f1de656cb5ea2e95bbb4063cba4ef95de6df55053fb28c83ccfbe28.m3u8					/hc194/dcc-file/ca/cab16bb9c40959d982f87e7822145418.jpg	592	1	0
1160	Hacked by Dimples#1337	/videos5/f384fa4c7606077dffc1314d5322a864/f384fa4c7606077dffc1314d5322a864.m3u8					/upload_01/upload/20260617/2026061712314131081.png	782	1	2
1161	Hacked by Dimples#1337	/videos5/86da22083f54b5600a4779a6bc6691d1/86da22083f54b5600a4779a6bc6691d1.m3u8					/upload_01/xiao/20260615/2026061521481276365.png	895	1	3
1162	Hacked by Dimples#1337	/videos5/0b474aa38a3c3bf9de5d79d331560b6f/0b474aa38a3c3bf9de5d79d331560b6f.m3u8					/upload_01/xiao/20260613/2026061318444278571.png	2000	1	1
1163	Hacked by Dimples#1337	/videos5/aa14e3b3b67eafb60682104b731105ff/aa14e3b3b67eafb60682104b731105ff.m3u8					/upload_01/xiao/20260615/2026061521481294647.png	1251	1	3
1164	Hacked by Dimples#1337	/videos5/b3474261bbcb6dcedbe2aff15581226f/b3474261bbcb6dcedbe2aff15581226f.m3u8					/upload_01/xiao/20260613/2026061318444487263.png	1396	1	0
1165	Hacked by Dimples#1337	/m3m/25989cab565e2f5bf45ffd0165f5de148b69285f7b1db9a89f000200e12f44000c0e0bc4d8f921837f537c2692a222988b6072877341696a0b0d72f5821ce0a6cba4ef95de6df55053fb28c83ccfbe28.m3u8					/hc194/dcc-file/1c/1cdff6ddfea5b6a566b4f8c3cc13e4cb.jpg	10173	1	0
1166	Hacked by Dimples#1337	/videos5/5a16c82d97fefe4760ba65b9d225368c/5a16c82d97fefe4760ba65b9d225368c.m3u8					/upload_01/upload/20260617/2026061712294830424.png	943	1	0
1167	Hacked by Dimples#1337	/m3m/25989cab565e2f5bf45ffd0165f5de140e0dbc767ef445f0487ded0f8d25f3daa5f41f417bad733b8ca9326268350af9d8e2d71e5f830d7c5895ff6f2d4eb0e2cba4ef95de6df55053fb28c83ccfbe28.m3u8					/hc194/dcc-file/57/57622a978c353d3a203591d1429359e6.jpg	162	1	0
1168	Hacked by Dimples#1337	/videos5/f8af07ad9a0aad9fa15089e436dfae80/f8af07ad9a0aad9fa15089e436dfae80.m3u8					/upload_01/xiao/20260613/2026061318444277461.png	990	1	1
1169	Hacked by Dimples#1337	/videos5/3bf7a0126da92e01389f5d7ad77b70a6/3bf7a0126da92e01389f5d7ad77b70a6.m3u8					/upload_01/xiao/20260614/2026061417122766138.jpg	196	1	3
1170	Hacked by Dimples#1337	/videos5/e48cd0446f70a533169497bd827fa371/e48cd0446f70a533169497bd827fa371.m3u8					/upload_01/xiao/20260613/2026061318444280716.png	1138	1	0
1171	Hacked by Dimples#1337	/videos5/f13e0ea1bdf714a53aad636151399edf/f13e0ea1bdf714a53aad636151399edf.m3u8					/upload_01/xiao/20260613/2026061318444493102.png	885	1	32
1172	Hacked by Dimples#1337	/videos5/3fd89a152141c9939a4070d78d35702b/3fd89a152141c9939a4070d78d35702b.m3u8					/upload_01/xiao/20260613/2026061318444289573.png	1524	1	1
1173	Hacked by Dimples#1337	/videos5/d950c775acc87805d3669a8ec5e08169/d950c775acc87805d3669a8ec5e08169.m3u8					/upload_01/xiao/20260613/2026061318444220863.png	1076	1	62
1174	Hacked by Dimples#1337	/videos5/b417daab9d6e30af936012c901502791/b417daab9d6e30af936012c901502791.m3u8					/upload_01/xiao/20260613/2026061318444255199.png	1665	1	34
1175	Hacked by Dimples#1337	/videos5/4f6b5e2689e28ed7aa65d063acfc3a82/4f6b5e2689e28ed7aa65d063acfc3a82.m3u8					/upload_01/upload/20260613/2026061318320719572.jpeg	1497	1	2
1176	Hacked by Dimples#1337	/videos5/e90ba716973f024ec937d78ec28a4f75/e90ba716973f024ec937d78ec28a4f75.m3u8					/upload_01/xiao/20260612/2026061221461276372.png	1224	1	26
1177	Hacked by Dimples#1337	/videos5/9c576dc3e7df23d5d9794703ceb3dd45/9c576dc3e7df23d5d9794703ceb3dd45.m3u8					/upload_01/xiao/20260612/2026061221461281304.png	1221	1	50
1178	Hacked by Dimples#1337	/videos5/6762db7a4071141f2337ad205cf67041/6762db7a4071141f2337ad205cf67041.m3u8					/upload_01/xiao/20260612/2026061221461126746.png	1188	1	81
1179	Hacked by Dimples#1337	/videos5/2ebcffb73ebf6aaa6961cea3e96bd98c/2ebcffb73ebf6aaa6961cea3e96bd98c.m3u8					/upload_01/upload/20260613/2026061318284295753.jpeg	1540	1	0
1180	Hacked by Dimples#1337	/videos5/11af7d8260918c79831365ed0840ace1/11af7d8260918c79831365ed0840ace1.m3u8					/upload_01/xiao/20260612/2026061221461183663.png	1001	1	1
1181	Hacked by Dimples#1337	/videos5/dab276276bf68c2368a0a8e60e08e489/dab276276bf68c2368a0a8e60e08e489.m3u8					/upload_01/xiao/20260612/2026061221461190123.png	1355	1	0
1182	Hacked by Dimples#1337	/videos5/82ed014e81fc0632c771031ece44a1f2/82ed014e81fc0632c771031ece44a1f2.m3u8					/upload_01/xiao/20260612/2026061221414860980.png	941	1	6
1183	Hacked by Dimples#1337	/videos5/933038b6a2fe5412f27de3100817db32/933038b6a2fe5412f27de3100817db32.m3u8					/upload_01/xiao/20260612/2026061221461283547.png	1422	1	70
1184	Hacked by Dimples#1337	/videos5/a6b425b9cdc99c1b6e46436b3c7af7cc/a6b425b9cdc99c1b6e46436b3c7af7cc.m3u8					/upload_01/xiao/20260612/2026061221461244084.png	919	1	0
1185	Hacked by Dimples#1337	/videos5/adc8bd6249581fcbbc64e5bc79c8ef66/adc8bd6249581fcbbc64e5bc79c8ef66.m3u8					/upload_01/upload/20260612/2026061223363444958.jpeg	2127	1	1
1186	Hacked by Dimples#1337	/videos5/049dd44b768befcb72dd62ff24e0a285/049dd44b768befcb72dd62ff24e0a285.m3u8					/upload_01/xiao/20260612/2026061221414878716.png	867	1	3
1187	Hacked by Dimples#1337	/videos5/4a4f3c7930ec6b610fa14e887f909c80/4a4f3c7930ec6b610fa14e887f909c80.m3u8					/upload_01/xiao/20260618/2026061818475926093.jpg	1264	1	0
1188	Hacked by Dimples#1337	/videos5/63a273f72380a1f60035d483ab4128f7/63a273f72380a1f60035d483ab4128f7.m3u8					/upload_01/xiao/20260607/2026060709340388339.jpg	909	1	0
1189	Hacked by Dimples#1337	/videos5/e82a583c5fa1a26ee07d3cd4ac4494fb/e82a583c5fa1a26ee07d3cd4ac4494fb.m3u8					/upload_01/xiao/20260709/2026070918360078948.jpg	992	1	0
1190	Hacked by Dimples#1337	/videos5/1b81b4ee4e8c373293aaff42e7a23021/1b81b4ee4e8c373293aaff42e7a23021.m3u8					/upload_01/xiao/20260703/2026070321370618724.png	612	1	87
1191	Hacked by Dimples#1337	/videos5/0b8e307986bf4ece07fb02b30817ad21/0b8e307986bf4ece07fb02b30817ad21.m3u8					/upload_01/ads/20260622/2026062219492264347.jpeg	1758	1	81
1192	Hacked by Dimples#1337	/videos5/c2c13f094a35e2752829aff9fa91f9e8/c2c13f094a35e2752829aff9fa91f9e8.m3u8					/upload_01/ads/20260629/2026062919564350657.jpeg	1290	1	18
1193	Hacked by Dimples#1337	/m3m/25989cab565e2f5bf45ffd0165f5de1453c7523656d586764f06ed2766ea69a7030309bcf672e5503299abdf13b7d637e0d280ea2c88e09187a75b535294ed8fcba4ef95de6df55053fb28c83ccfbe28.m3u8					/hc194/dcc-file/69/69596bf709086cd15ebd0ac3bf8d8b58.jpg	5918	1	0
1194	Hacked by Dimples#1337	/videos5/3355b8eb608250aa96b466862037ead6/3355b8eb608250aa96b466862037ead6.m3u8					/upload_01/xiao/20260701/2026070121243793213.png	553	1	13
1195	Hacked by Dimples#1337	/m3m/25989cab565e2f5bf45ffd0165f5de149731e094216ff6851eeffc4841e48037630b8fb6ab3d27bf5c3c4b565e9ae2196ab1c15f146c0c0b7698bd247fedfa3acba4ef95de6df55053fb28c83ccfbe28.m3u8					/hc194/dcc-file/7c/7ce047b0c2fcfe825a71a13adb8d14f2.jpg	2412	1	2
1197	Hacked by Dimples#1337	/m3m/25989cab565e2f5bf45ffd0165f5de1407d6a0e4f3c288e646a70cb600ca17a5b1bf0ba4e309d46054d4e9e4b94805ec21381ba9362950d258cd808d0d31b65dcba4ef95de6df55053fb28c83ccfbe28.m3u8					/hc194/dcc-file/bd/bd9436ef1b247e25550a73c54b372062.jpg	1459	1	1
1198	Hacked by Dimples#1337	/videos5/a0b5027562dc8253509ad7ed337c91aa/a0b5027562dc8253509ad7ed337c91aa.m3u8					/upload_01/upload/20260608/2026060816430935275.jpeg	4281	1	11
1199	Hacked by Dimples#1337	/videos5/27ca0f5e509a3694e2f978a47a5a7064/27ca0f5e509a3694e2f978a47a5a7064.m3u8					/upload_01/xiao/20260621/2026062116043672664.jpg	406	1	19
1200	Hacked by Dimples#1337	/m3m/25989cab565e2f5bf45ffd0165f5de146266c8c8e4a80a1fbdef2d45b8200daa7433c4791783e7d691f9a92df96314708e50562d0df28743167c2654e2963d45cba4ef95de6df55053fb28c83ccfbe28.m3u8					/hc194/dcc-file/de/de26b2bcf8d3e137f83d67ac14a961f3.jpg	4656	1	0
1201	Hacked by Dimples#1337	/videos5/b0f554a60d5698404e5ebc0b41e71df9/b0f554a60d5698404e5ebc0b41e71df9.m3u8					/upload_01/upload/20260602/2026060217583992774.jpeg	3253	1	10
1202	Hacked by Dimples#1337	/videos5/eaac685628e6be453c865a4bde50c726/eaac685628e6be453c865a4bde50c726.m3u8					/upload_01/xiao/20260605/2026060521400313954.png	1451	1	4
1203	Hacked by Dimples#1337	/videos5/55de87d9933a0905097ef83145fb320d/55de87d9933a0905097ef83145fb320d.m3u8					/upload_01/xiao/20260602/2026060221574095754.png	794	1	3
1204	Hacked by Dimples#1337	/videos5/9ac3812d77d8d62bc1b5ffb025beca13/9ac3812d77d8d62bc1b5ffb025beca13.m3u8					/upload_01/xiao/20260601/2026060121421573358.png	1146	1	0
1205	Hacked by Dimples#1337	/videos5/d0c828dd5e65cca891452c4470b42013/d0c828dd5e65cca891452c4470b42013.m3u8					/upload_01/xiao/20260528/2026052815385298586.jpg	2910	1	16
1206	Hacked by Dimples#1337	/videos5/14d0b1caeb97a946eb52cdb923134d36/14d0b1caeb97a946eb52cdb923134d36.m3u8					/upload_01/xiao/20260604/2026060410270962507.png	979	1	5
1207	Hacked by Dimples#1337	/m3m/25989cab565e2f5bf45ffd0165f5de14426226255a66f00514225b49cb9136dd800dff6cdad716ed4813f31adfbf435b892ebd7c4dfb98bd3af51697eb666b17cba4ef95de6df55053fb28c83ccfbe28.m3u8					/hc194/dcc-file/4f/4f0126d4d10b7344d9016d2a5e62a072.jpg	2500	1	0
1208	Hacked by Dimples#1337	/m3m/25989cab565e2f5bf45ffd0165f5de1441cff8ed3edb5649334fcd798426ef41abf17c094566cee1819a710a51190936335f13fab1cdaf51cd290cd7a0ab19edcba4ef95de6df55053fb28c83ccfbe28.m3u8					/hc163/v-imgs/273/27390a7db8e36de81601caa01139098a/05860.jpg	7086	1	1
1209	Hacked by Dimples#1337	/videos5/b82918843bf50d5eb266bf1914dac175/b82918843bf50d5eb266bf1914dac175.m3u8					/upload_01/xiao/20260514/2026051417525458963.jpg	910	1	9
1210	Hacked by Dimples#1337	/m3m/a374bf06ddb200947f3e27a3ea7525ccd449bc17e2777058af995b49e635ef7a1f6d277868b27f56a03fac776aaa9933ff339047fc697186f16fd2b965abd9c3cba4ef95de6df55053fb28c83ccfbe28.m3u8					/md-204/dcc-file/88/8845188267c146ff5e4b002f604013e7.png	61	1	2
1211	Hacked by Dimples#1337	/m3m/a374bf06ddb200947f3e27a3ea7525cc5ae8318c634ad7e64610524e1188ce722141f5a98f4b0507986059b2f9559870501b5184fd287026aec2aea23f31e8bacba4ef95de6df55053fb28c83ccfbe28.m3u8					/md-204/dcc-file/b6/b6e2a10b774812bdb06f0f7e48b913b8.png	1053	1	0
1212	Hacked by Dimples#1337	/videos5/fd2223b49ceb7f88cfd5e02c633f4240/fd2223b49ceb7f88cfd5e02c633f4240.m3u8					/upload_01/upload/20260525/2026052521521763973.jpeg	363	1	0
1213	Hacked by Dimples#1337	/m3m/a374bf06ddb200947f3e27a3ea7525ccaa42bf39931119b6edde9647d3fafa195abac9fb9b451eef7464feaed7867d70d79212fa13d818fc586d369a203d895ccba4ef95de6df55053fb28c83ccfbe28.m3u8					/md-204/dcc-file/93/9381be0ce38a4788577f5a868d4989ab.png	813	1	2
1214	Hacked by Dimples#1337	/videos5/dfd45fc719a281512a6364447c2bd641/dfd45fc719a281512a6364447c2bd641.m3u8					/upload_01/xiao/20260520/2026052021253363948.png	756	1	116
1215	Hacked by Dimples#1337	/videos5/d277af6acd9fca242cd12b6d69e1e861/d277af6acd9fca242cd12b6d69e1e861.m3u8					/upload_01/xiao/20260516/2026051609374139527.jpg	1521	1	1
1216	Hacked by Dimples#1337	/m3m/a374bf06ddb200947f3e27a3ea7525cc4e7fe8cef08873f757684c488ad52a7e60dcb942a3dcd4a6e9d8ad47fad5a9e4465a65301314f82d4a270c4af95fce7acba4ef95de6df55053fb28c83ccfbe28.m3u8					/md-204/dcc-file/2f/2f0b215afe1cfb581787730efaf64bb9.png	75	1	0
1217	Hacked by Dimples#1337	/m3m/70d8b939ac2b6f81b4d154ddc070c461e9442a7aad2e87675a9cb8a1031066cf77fdeeef6ef93b92af7dad8c94a5a73cf0b529f0601199450df8ddb62ef22610cba4ef95de6df55053fb28c83ccfbe28.m3u8					/md-204/dcc-file/3f/3f28728f07e8eaad3e99d8749060d3ec.png	189	1	0
1218	Hacked by Dimples#1337	/m3m/25989cab565e2f5bf45ffd0165f5de14b263fe51872460a331ec7ab3fa82e266007601e21f5f491f9385b4d5137a0ff9b92805a91023c84ddf975db85c3928bbcba4ef95de6df55053fb28c83ccfbe28.m3u8					/md-204/dcc-file/60/60ac5def9867425a10b8742e08494c27-small.png	319	1	0
1219	Hacked by Dimples#1337	/videos5/720829664fc9b6671dd07847ff49bc22/720829664fc9b6671dd07847ff49bc22.m3u8					/upload_01/xiao/20260512/2026051218360169035.jpg	1706	1	57
1220	Hacked by Dimples#1337	/m3m/70d8b939ac2b6f81b4d154ddc070c46189b0450a44f1ed86b024e6555f17c9493f7d15a4ca03abcba7f778ab5617a6877f094cd10d746142d2058670b21cd61ecba4ef95de6df55053fb28c83ccfbe28.m3u8					/md-204/dcc-file/3f/3fadac9baa83534a38f414bd01d2a179.png	2632	1	1
1221	Hacked by Dimples#1337	/m3m/70d8b939ac2b6f81b4d154ddc070c461d322e5c0fe02b2b7e6d38592487f6c2a7cd0c9ea6b07f3c7bdbb45fbcd5df2453cd9653aab8f3e7f3676c57cc7e7825ccba4ef95de6df55053fb28c83ccfbe28.m3u8					/md-204/dcc-file/9a/9ac50b00c729e91443e17d9718e2c3ed.png	1882	1	2
1222	Hacked by Dimples#1337	/m3m/a374bf06ddb200947f3e27a3ea7525ccf619b5e3b920d07f4482a5ae27b24e7db84f6d2a7ce817308b0f68e1b7330f368ce4dfae15b988fe7258a993fba3f2decba4ef95de6df55053fb28c83ccfbe28.m3u8					/md-204/uploads/default/other/2025-10-30/ab3384a84bdaf84066ebf185af6fbad5.jpg	424	1	9
1223	Hacked by Dimples#1337	/m3m/a374bf06ddb200947f3e27a3ea7525cc66982e26e7173e91ac9c3c78528f228152d4fe57e83a339c0740b055a7b102526b5531dec142e3a1a609f9db36bb1384cba4ef95de6df55053fb28c83ccfbe28.m3u8					/md-204/dcc-file/1e/1e2db7bf57d04b8c8a65676f401e1b68.png	229	1	0
1224	Hacked by Dimples#1337	/m3m/25989cab565e2f5bf45ffd0165f5de14f12356bed1efaecc54f6cf34e8847b1c1b0af1d15cb0e5bb50b51b8589742afefbabb89a94c5c0e6d7bda7920f6486eacba4ef95de6df55053fb28c83ccfbe28.m3u8					/md-204/dcc-file/c5/c597c7f801d7aafe318fba915c39840c.png	1324	1	1
1225	Hacked by Dimples#1337	/m3m/a374bf06ddb200947f3e27a3ea7525ccef30de9f872983763ed96dbd6263860b1d687b6910ab1425e49c8cb11f117dc5824549a19079cd9a38f5ddb73ec76393cba4ef95de6df55053fb28c83ccfbe28.m3u8					/md-204/dcc-file/45/4532d114d629690b4e8a2db3ad1d4a6b.png	1478	1	0
1226	Hacked by Dimples#1337	/m3m/a374bf06ddb200947f3e27a3ea7525cc81e91e2c6f91cd47b5db3eddfdb1452d946000e45823676e692dc505e105c5ae3ab0c91ba1b86fa9c5fc7dc35e2851e1cba4ef95de6df55053fb28c83ccfbe28.m3u8					/md-204/dcc-file/c3/c33330231d6bd292300437aab71e00b7.png	110	1	0
1227	Hacked by Dimples#1337	/m3m/70d8b939ac2b6f81b4d154ddc070c46134c1b7789ab407b6996fe86d49c83632d038894171c15b2f9bb32cf60d5e4d44137b9e5a7ebfcb8e25515ba50eb0dc24cba4ef95de6df55053fb28c83ccfbe28.m3u8					/md-204/dcc-file/4f/4f13cc55f0e6edfd0831fc7628c02e12.png	2124	1	0
1228	Hacked by Dimples#1337	/m3m/70d8b939ac2b6f81b4d154ddc070c4613d29db43a46b5d9a9a6862c82bc25771b8e8998b77b2aa41d38fcd57be5dd6d50bd66e4f0448b0aa8decddd9bc2d5b7dcba4ef95de6df55053fb28c83ccfbe28.m3u8					/md-204/dcc-file/4c/4cce8e1d81b740731be7a4afc68783f1.png	69	1	1
1229	Hacked by Dimples#1337	/m3m/70d8b939ac2b6f81b4d154ddc070c461d7f10d305ad140585bfa07f5019b2f8ef9f43f6232027d96bcd1d07b5fa1c1fd14292b7757a2e0958b2354df5de09233cba4ef95de6df55053fb28c83ccfbe28.m3u8					/md-204/dcc-file/f3/f3307490b20c66ebd3588dbc949f4f29.png	2588	1	0
1230	Hacked by Dimples#1337	/m3m/70d8b939ac2b6f81b4d154ddc070c461078f62485f41b8db00c156ccea0dec61840b03efae49ed0e3d7f514998a23a313aba6171d654dc5a3f664c545d60195fcba4ef95de6df55053fb28c83ccfbe28.m3u8					/md-204/dcc-file/12/12af47646e70e45b834ad84efb94942f.png	1256	1	1
1231	Hacked by Dimples#1337	/videos5/a851b4f227e7b06e522b283755242e3f/a851b4f227e7b06e522b283755242e3f.m3u8					/upload_01/xiao/20260419/2026041915164353302.jpg	404	1	6
1232	Hacked by Dimples#1337	/videos5/72aa395da5559d69613468fa7595f76f/72aa395da5559d69613468fa7595f76f.m3u8					/upload_01/ads/20260422/2026042221263377683.jpeg	337	1	2
1233	Hacked by Dimples#1337	/videos5/1bba28abea573ca9c754cce519161fa4/1bba28abea573ca9c754cce519161fa4.m3u8					/upload_01/xiao/20260419/2026041915164320077.jpg	1604	1	64
1234	Hacked by Dimples#1337	/videos5/cfd4c404cf1dd1750c36c724134ae28a/cfd4c404cf1dd1750c36c724134ae28a.m3u8					/upload_01/xiao/20260430/2026043016561619895.jpg	1410	1	3
1235	Hacked by Dimples#1337	/videos5/e9c109968821143a536e6ae07184d0b8/e9c109968821143a536e6ae07184d0b8.m3u8					/upload_01/upload/20260310/2026031018314780513.jpeg	902	1	0
1236	Hacked by Dimples#1337	/m3m/a374bf06ddb200947f3e27a3ea7525ccab2a89afd975b147d40b22c67d3cac31ea5c1a7ea2153f7821aae292082533e477667354a5b62b5ae9e63f4e9562642acba4ef95de6df55053fb28c83ccfbe28.m3u8					/hc194/uploads/default/other/2026-04-03/88da50fe9bf26fbc292b202054d79cbe.jpg	4730	1	8
1237	Hacked by Dimples#1337	/m3m/a374bf06ddb200947f3e27a3ea7525cc203e8931b6d7d536445af9bb2c28fac2b896232ce36c760325efd9e94bf47cda2057427b71e0b677b25383a3d635ad6dcba4ef95de6df55053fb28c83ccfbe28.m3u8					/md-204/dcc-file/40/40acf1b50088d59a44ce79b9845a4195.jpg	4020	1	0
1239	Hacked by Dimples#1337	/videos5/4bff8d3eb8ab579c5e241a534a419d39/4bff8d3eb8ab579c5e241a534a419d39.m3u8					/upload_01/xiao/20260305/2026030521571791824.jpg	484	1	230
1240	Hacked by Dimples#1337	/videos5/dc843dd7a4a8f0c2297b2e4cb9316599/dc843dd7a4a8f0c2297b2e4cb9316599.m3u8					/upload_01/xiao/20260404/2026040420523439993.jpg	291	1	1
1241	Hacked by Dimples#1337	/videos5/796e0323d2b2d531e8678bd2472d8f8b/796e0323d2b2d531e8678bd2472d8f8b.m3u8					/upload_01/xiao/20260303/2026030309335435999.jpg	909	1	9
1242	Hacked by Dimples#1337	/videos5/67ba98cbd056f6c8b1a37b26a72eb65b/67ba98cbd056f6c8b1a37b26a72eb65b.m3u8					/upload_01/xiao/20260409/2026040911182259784.jpg	984	1	6
1244	Hacked by Dimples#1337	/videos5/007eec390de1de5852fb64b450a44887/007eec390de1de5852fb64b450a44887.m3u8					/upload_01/xiao/20260303/2026030317431341766.jpg	1644	1	54
1245	Hacked by Dimples#1337	/videos5/1e405dae5aab7e0035e6f3c25f069e1c/1e405dae5aab7e0035e6f3c25f069e1c.m3u8					/upload_01/xiao/20260330/2026033022510522085.png	1072	1	11
1246	Hacked by Dimples#1337	/m3m/07d9ad1fbc0511caf21d528bc52350dddbbcdc93b3064b50715e5a8be09e100336dd4077c97c0b6a94220cc1dc0bf70853dbe0dfd0a9fac7baac21d6fd778252cba4ef95de6df55053fb28c83ccfbe28.m3u8					/md-204/dcc-file/fc/fcbb7c4b48d52e2593c3193a95bbf285-small.png	3833	1	4
1247	Hacked by Dimples#1337	/videos5/95ca31cb014391de85d9e8d84218a23d/95ca31cb014391de85d9e8d84218a23d.m3u8					/upload_01/xiao/20260211/2026021121073694478.jpg	965	1	2
1248	Hacked by Dimples#1337	/m3m/07d9ad1fbc0511caf21d528bc52350dd89ce714246d7519dc980fdda2b55a6fb6cc874377dd06a1debbc84d1f18b3ceb4cdc2c565463b3bd9aef127947f083d3cba4ef95de6df55053fb28c83ccfbe28.m3u8					/md-204/dcc-file/63/63a1d9284f34e56c93c23e11d1536956.jpg	2781	1	2
1249	Hacked by Dimples#1337	/m3m/a374bf06ddb200947f3e27a3ea7525cca9ecff67d3abcc33dc18715f2f5ce8c45830947d9d907f9f8ed7c35aab9c8b5b7f3bf03dba184138d0f6ce0b9f9fdcb7cba4ef95de6df55053fb28c83ccfbe28.m3u8					/md-204/dcc-file/ad/ad763296225aaa8087f589b06b046ea3-small.png	1079	1	0
1250	Hacked by Dimples#1337	/videos5/cad8829f65e326254730ee9afbd37e1e/cad8829f65e326254730ee9afbd37e1e.m3u8					/upload_01/xiao/20260211/2026021122125883601.png	820	1	1
1251	Hacked by Dimples#1337	/m3m/07d9ad1fbc0511caf21d528bc52350dd53dd2a8209ed83708cd9d94336b6089072cefa5e38757d5f6554a4405a90f585c616f41952ff16082542b862994319d1cba4ef95de6df55053fb28c83ccfbe28.m3u8					/md-204/dcc-file/dd/dd3ac4cec509d3b835f9edecc6c26346.jpg	1787	1	1
1252	Hacked by Dimples#1337	/m3m/07d9ad1fbc0511caf21d528bc52350dd851153b50a5fbdd4930c012d008052c496f094105a9a0cf67dffcbd68f31d625276854bd7118c5e121ed365394511e58cba4ef95de6df55053fb28c83ccfbe28.m3u8					/md-204/dcc-file/d1/d16758e4ce0924d0688f4bfe98fd5478-small.png	1960	1	0
1253	Hacked by Dimples#1337	/m3m/07d9ad1fbc0511caf21d528bc52350dd73b2c72e5a9215842c8879c43e3382746a343c8ac9c43be235b05d83379a399597741213c8b1c9ea99b98c280a961c09cba4ef95de6df55053fb28c83ccfbe28.m3u8					/md-204/dcc-file/a1/a13ca5dc81bf018ae6ef3ecb32a4e6d9-small.png	1046	1	2
1254	Hacked by Dimples#1337	/videos5/c667a2308aa131d59a18914182132a00/c667a2308aa131d59a18914182132a00.m3u8					/upload_01/xiao/20260128/2026012811143068368.jpg	514	1	1
1255	Hacked by Dimples#1337	/m3m/07d9ad1fbc0511caf21d528bc52350ddd49c41641a9a5f56ea7ba97d89ede496c47557f2fc6af2e63c8280790e6087c50c87511a7b90390f56fd24b1bf5c51accba4ef95de6df55053fb28c83ccfbe28.m3u8					/md-204/dcc-file/c6/c6c9bf2f4bc6e57e765b382b7ec335a0-small.png	2038	1	1
1256	Hacked by Dimples#1337	/m3m/a374bf06ddb200947f3e27a3ea7525cc9b21b2c30efa8c80e3978368ba6ea976f21eac4459058a85f4c3108515e7625f1805d91022571a7b28861920443203aecba4ef95de6df55053fb28c83ccfbe28.m3u8					/md-204/dcc-file/db/db281c9c98f94bac9e651e5507bfe033-small.jpg	914	1	1
1257	Hacked by Dimples#1337	/videos5/7245f6b208ebf298da3febc306cec3f9/7245f6b208ebf298da3febc306cec3f9.m3u8					/upload_01/xiao/20260227/2026022715200316724.jpg	811	1	74
1258	Hacked by Dimples#1337	/videos5/20f1836b0b28edb5d712ff6481de7478/20f1836b0b28edb5d712ff6481de7478.m3u8					/upload_01/xiao/20260710/2026071015544290054.png	1742	1	2
1259	Hacked by Dimples#1337	/videos5/b569309af0c105d06df39d9c9030cc10/b569309af0c105d06df39d9c9030cc10.m3u8					/upload_01/upload/20260710/2026071016235176956.jpeg	2250	1	72
1260	Hacked by Dimples#1337	/videos5/24dd83304fe8b15dcae9ae2105b393f8/24dd83304fe8b15dcae9ae2105b393f8.m3u8					/upload_01/xiao/20260710/2026071015544224841.png	86	1	0
1261	Hacked by Dimples#1337	/videos5/d4876bc575ad949a8be49b781295fd1a/d4876bc575ad949a8be49b781295fd1a.m3u8					/upload_01/xiao/20260710/2026071015544277364.png	1235	1	37
1262	Hacked by Dimples#1337	/videos5/2fb055036be433d51ed2ec900fdda848/2fb055036be433d51ed2ec900fdda848.m3u8					/upload_01/xiao/20260710/2026071015544286850.png	818	1	0
1263	Hacked by Dimples#1337	/videos5/f4c1e796f245377367913b27771d72bf/f4c1e796f245377367913b27771d72bf.m3u8					/upload_01/xiao/20260710/2026071015544248636.png	91	1	22
1264	Hacked by Dimples#1337	/videos5/363c648bc3c514bd9f47ab1ebd667511/363c648bc3c514bd9f47ab1ebd667511.m3u8					/upload_01/xiao/20260710/2026071015544279897.png	824	1	13
1265	Hacked by Dimples#1337	/videos5/8e935e990b2628fe5c28b8b1e61afbd4/8e935e990b2628fe5c28b8b1e61afbd4.m3u8					/upload_01/xiao/20260710/2026071015544430160.png	1756	1	122
1266	Hacked by Dimples#1337	/videos5/9296cfb27060ad03e4a0b35c6fc46b1f/9296cfb27060ad03e4a0b35c6fc46b1f.m3u8					/upload_01/xiao/20260710/2026071015544279931.png	1021	1	30
1267	Hacked by Dimples#1337	/videos5/d1eaaf79f8983dfdef15cac9cab49ab8/d1eaaf79f8983dfdef15cac9cab49ab8.m3u8					/upload_01/xiao/20260710/2026071015544296638.png	223	1	33
1268	Hacked by Dimples#1337	/videos5/41a8763b626c33732b31731e8f49e29d/41a8763b626c33732b31731e8f49e29d.m3u8					/upload_01/xiao/20260710/2026071015544224590.png	997	1	40
1269	Hacked by Dimples#1337	/videos5/71a5ccb01b55522cd517314c14c4c11b/71a5ccb01b55522cd517314c14c4c11b.m3u8					/upload_01/xiao/20260710/2026071015544171571.png	1881	1	108
1270	Hacked by Dimples#1337	/videos5/44305110d572c797dd7940d8ff7f2560/44305110d572c797dd7940d8ff7f2560.m3u8					/upload_01/xiao/20260710/2026071015544451391.png	949	1	88
1271	Hacked by Dimples#1337	/videos5/4e716e452de81fdf31355195b05b9398/4e716e452de81fdf31355195b05b9398.m3u8					/upload_01/upload/20260710/2026071016065790201.jpeg	2367	1	33
1272	Hacked by Dimples#1337	/videos5/6339dfbf9f64ba1525ca044721df85d2/6339dfbf9f64ba1525ca044721df85d2.m3u8					/upload_01/xiao/20260710/2026071015544210733.png	140	1	35
1273	Hacked by Dimples#1337	/videos5/7e7283afc42cbbcb34bc3dde8fb23837/7e7283afc42cbbcb34bc3dde8fb23837.m3u8					/upload_01/upload/20260707/2026070716422257161.jpeg	3591	1	137
1274	Hacked by Dimples#1337	/videos5/c2bcc98587cadaea4f4307781fb8057e/c2bcc98587cadaea4f4307781fb8057e.m3u8					/upload_01/upload/20260707/2026070716275893141.jpeg	2308	1	253
1275	Hacked by Dimples#1337	/videos5/66ebb513f6cb8be055ab106f3a0e08bb/66ebb513f6cb8be055ab106f3a0e08bb.m3u8					/upload_01/xiao/20260601/2026060115083316768.jpg	2777	1	151
1276	Hacked by Dimples#1337	/videos5/12fba7edd2446bafaff3f000884deb1a/12fba7edd2446bafaff3f000884deb1a.m3u8					/upload_01/xiao/20260601/2026060115093377873.jpg	1709	1	41
1277	Hacked by Dimples#1337	/videos5/e2dd457096cf140c83aee4d357594d90/e2dd457096cf140c83aee4d357594d90.m3u8					/upload_01/xiao/20260531/2026053114532757635.jpg	1371	1	63
1278	Hacked by Dimples#1337	/videos5/5b9884a388733a625d054b1bab9d1af5/5b9884a388733a625d054b1bab9d1af5.m3u8					/upload_01/upload/20260601/2026060112162189567.jpeg	1095	1	151
1279	Hacked by Dimples#1337	/videos5/edc1cceecbb74fe249454dea0e0a30f3/edc1cceecbb74fe249454dea0e0a30f3.m3u8					/upload_01/xiao/20260531/2026053114532893777.jpg	1018	1	45
1280	Hacked by Dimples#1337	/videos5/9fa21853fcca0ee57fa47b3b21f1558c/9fa21853fcca0ee57fa47b3b21f1558c.m3u8					/upload_01/xiao/20260531/2026053114532973498.jpg	1753	1	118
1281	Hacked by Dimples#1337	/videos5/b12ecc70027fef34740cda06fb5ac198/b12ecc70027fef34740cda06fb5ac198.m3u8					/upload_01/xiao/20260601/2026060115083334701.jpg	496	1	169
1282	Hacked by Dimples#1337	/videos5/41fd9d16ad1c0c0ee169819c59622b29/41fd9d16ad1c0c0ee169819c59622b29.m3u8					/upload_01/xiao/20260531/2026053114532792368.jpg	1147	1	207
1283	Hacked by Dimples#1337	/videos5/4d3165a069428824030eb41d07fa6b07/4d3165a069428824030eb41d07fa6b07.m3u8					/upload_01/ads/20260626/2026062621202456295.jpeg	1087	1	25
1284	Hacked by Dimples#1337	/videos5/2d7625fc6cb9bacb18452d0281df276e/2d7625fc6cb9bacb18452d0281df276e.m3u8					/upload_01/ads/20260702/2026070221341620689.jpeg	629	1	35
1285	Hacked by Dimples#1337	/videos5/651cf82373d8856f7c3163a4ea74e546/651cf82373d8856f7c3163a4ea74e546.m3u8					/upload_01/ads/20260710/2026071021384235186.jpeg	879	1	51
1286	Hacked by Dimples#1337	/videos5/4fba055ea436172f7f74cd246061c72d/4fba055ea436172f7f74cd246061c72d.m3u8					/upload_01/ads/20260519/2026051921472186334.jpeg	869	1	17
1287	Hacked by Dimples#1337	/videos5/eea9a613b7092bedbbfa947b2d07ac9b/eea9a613b7092bedbbfa947b2d07ac9b.m3u8					/upload_01/ads/20260617/2026061721251714238.jpeg	750	1	67
1288	Hacked by Dimples#1337	/videos5/29cd381a8787054e4dff1bc664b3a206/29cd381a8787054e4dff1bc664b3a206.m3u8					/upload_01/ads/20260518/2026051821342376537.jpeg	1110	1	85
1289	Hacked by Dimples#1337	/m3m/25989cab565e2f5bf45ffd0165f5de14c3e419784750879c0367a3e554a1bf98140cd5f810d2b4f66fe2f77d198e1f567cc595349c3f63703c2a6d08211726b2cba4ef95de6df55053fb28c83ccfbe28.m3u8					/hc194/dcc-file/41/41f7e20ccc9f47cfe1bb9f3b24ae1150.jpg	1708	1	55
1290	Hacked by Dimples#1337	/videos5/4c7e8649d732192dff6c6f59904b89ac/4c7e8649d732192dff6c6f59904b89ac.m3u8					/upload_01/ads/20260710/2026071021385595489.jpeg	1095	1	131
1291	Hacked by Dimples#1337	/m3m/25989cab565e2f5bf45ffd0165f5de149f4acd2a23e9b188f65c5db8426487f170103239f6e432ed66f7760a3c6cce570c3475840355af9c9aec6d806cf9db95cba4ef95de6df55053fb28c83ccfbe28.m3u8					/hc194/dcc-file/cb/cb34541b7cabb2d1ad4383568e9d53ee.jpg	2240	1	151
1292	Hacked by Dimples#1337	/videos5/01446d275eeb5eca31da0a5b4de929c1/01446d275eeb5eca31da0a5b4de929c1.m3u8					/upload_01/upload/20260525/2026052512253228532.jpeg	1453	1	25
1293	Hacked by Dimples#1337	/videos5/d5059f227a12d1ed916912e41ba2c865/d5059f227a12d1ed916912e41ba2c865.m3u8					/upload_01/xiao/20260711/2026071112245645340.png	897	1	59
1294	Hacked by Dimples#1337	/videos5/565225ab777b919bedbbf1b5b8a54dc7/565225ab777b919bedbbf1b5b8a54dc7.m3u8					/upload_01/xiao/20260711/2026071112245695384.png	927	1	83
1295	Hacked by Dimples#1337	/videos5/6eefbc60a14a2c36d8e5650a636d206c/6eefbc60a14a2c36d8e5650a636d206c.m3u8					/upload_01/xiao/20260711/2026071112245635649.png	902	1	214
1296	Hacked by Dimples#1337	/videos5/f21e52a38fdc4285259ff357cc10b673/f21e52a38fdc4285259ff357cc10b673.m3u8					/upload_01/xiao/20260711/2026071112245653883.png	869	1	121
1297	Hacked by Dimples#1337	/videos5/d9b97bf0b397e6557893a01e54c241a8/d9b97bf0b397e6557893a01e54c241a8.m3u8					/upload_01/xiao/20260711/2026071112245616592.png	792	1	69
1298	Hacked by Dimples#1337	/videos5/cb6424abd9cfc4008713753aecc2f9aa/cb6424abd9cfc4008713753aecc2f9aa.m3u8					/upload_01/xiao/20260701/2026070121243882566.png	1743	1	34
1299	Hacked by Dimples#1337	/videos5/8cb90380b3e1883e32af9a6b41c08576/8cb90380b3e1883e32af9a6b41c08576.m3u8					/upload_01/xiao/20260701/2026070121243225016.png	946	1	115
1300	Hacked by Dimples#1337	/videos5/65a2522a4ce8b082806b89c46f169b77/65a2522a4ce8b082806b89c46f169b77.m3u8					/upload_01/upload/20260705/2026070520175850919.jpeg	1730	1	100
1301	Hacked by Dimples#1337	/videos5/dc71286cd216fb64359116fe30da9ac4/dc71286cd216fb64359116fe30da9ac4.m3u8					/upload_01/upload/20260706/2026070615382584212.jpeg	2395	1	45
1302	Hacked by Dimples#1337	/videos5/9f7e15bc7a9cf11c569e25e5d4a8a164/9f7e15bc7a9cf11c569e25e5d4a8a164.m3u8					/upload_01/xiao/20260707/2026070711031845918.png	1057	1	143
1303	Hacked by Dimples#1337	/videos5/c517af10c5565a6f791017ccdf174e92/c517af10c5565a6f791017ccdf174e92.m3u8					/upload_01/upload/20250509/2025050918290852873.jpeg	3600	1	174
1304	Hacked by Dimples#1337	/m3m/1c6eca10b2b1013d480a5f9cbdb9361ea7af1f1617787ee9961e803e44d671014deeb99300d68dafd290a9c54db55074c03b6463a6b261d89b40a152cdbc7789cba4ef95de6df55053fb28c83ccfbe28.m3u8					/hc194/dcc-file/40/4016e57c591930423ca3279e999f44e9.jpg	1067	1	29
1305	Hacked by Dimples#1337	/m3m/1c6eca10b2b1013d480a5f9cbdb9361e2e4f2eeb94bba86b9d9a752c29bd3a21b5ba10e6e2d0aa100359563f9df9cdc514a0d9e347743ef019613916bc7011becba4ef95de6df55053fb28c83ccfbe28.m3u8					/hc194/dcc-file/09/0911a4eaef6d5e1a92bdc1893fbb4ec4.jpg	573	1	35
1306	Hacked by Dimples#1337	/m3m/1c6eca10b2b1013d480a5f9cbdb9361ef6140928197b6c819ad00adabfc2098fc0624772803ca32fef776a89560fd4af7024ff6b847d1e1ac654288e387a349ecba4ef95de6df55053fb28c83ccfbe28.m3u8					/hc194/dcc-file/3b/3b85fd7eebe1dc0339963a169d50032a.jpg	1539	1	35
1307	Hacked by Dimples#1337	/m3m/1c6eca10b2b1013d480a5f9cbdb9361e178ab7615400bc8116ed072057d10d555bae3b930c547204fb9d139426974faa503c18adaf9180a56b3e41a4ce18a242cba4ef95de6df55053fb28c83ccfbe28.m3u8					/hc194/dcc-file/79/796bc0b15725c7e69e321d5c087fa52d.jpg	1181	1	60
1308	Hacked by Dimples#1337	/m3m/1c6eca10b2b1013d480a5f9cbdb9361e2b253ebdc3e4ead85d5dcfa7c43379bac8a0fb15d68d0cad58df8d038e91755e6f9af8ad0250ce371ef773d0d71e1c32cba4ef95de6df55053fb28c83ccfbe28.m3u8					/hc194/dcc-file/43/4340840cab966afd55a8cff173a61784.jpg	604	1	15
1309	Hacked by Dimples#1337	/m3m/1c6eca10b2b1013d480a5f9cbdb9361e4c53e8ffc87fadec09f70f8ebd4ae401c140e7c27fa1731b6397c7f079f3e1a19a4fec9d45a32161d0b24524a14dc2a1cba4ef95de6df55053fb28c83ccfbe28.m3u8					/hc194/dcc-file/1e/1e79fc9b60748d369a197cd143ca96f8.jpg	1414	1	28
1310	Hacked by Dimples#1337	/m3m/1c6eca10b2b1013d480a5f9cbdb9361ef3ef8205b730578f2c80f7b9e8ea8ea438294ae337474ade68a7f30dcc27785b74f5936966a8748dfa1aa1bb653d2bf7cba4ef95de6df55053fb28c83ccfbe28.m3u8					/hc194/dcc-file/9c/9c4d98ae7b5c96a75a24b26c6e975919.jpg	1216	1	82
1311	Hacked by Dimples#1337	/m3m/1c6eca10b2b1013d480a5f9cbdb9361e2152ddbb264772f14e1fb033a9cf2684ab935f3f46e582ff2c383abd98d72e2c585762d1b59924595b1f0785751ad9e4cba4ef95de6df55053fb28c83ccfbe28.m3u8					/hc194/dcc-file/38/388dd1abd41fe889295e51d25ac996ff.jpg	1042	1	52
1312	Hacked by Dimples#1337	/m3m/1c6eca10b2b1013d480a5f9cbdb9361e8eedb1131c81a87f6c5e7aee24134477517fbbde6d19372fd3a6e1e8e44c6a1c837985720a6f188d996cc241aa0f6deecba4ef95de6df55053fb28c83ccfbe28.m3u8					/hc194/dcc-file/41/41d597a306bb44ae25f1e0b5ae411ccd.jpg	864	1	97
1313	Hacked by Dimples#1337	/videos5/a4015038b7d58f30f27ce895752462d1/a4015038b7d58f30f27ce895752462d1.m3u8					/upload_01/xiao/20260710/2026071012252248294.jpg	2690	1	103
1314	Hacked by Dimples#1337	/videos5/352df26d35af96f2322ad8746292c4f6/352df26d35af96f2322ad8746292c4f6.m3u8					/upload_01/ads/20260710/2026071017223310650.png	1698	1	112
1315	Hacked by Dimples#1337	/videos5/7ef81247bfdd4479fbe53ab97ddcc1f8/7ef81247bfdd4479fbe53ab97ddcc1f8.m3u8					/upload_01/ads/20260710/2026071011461824425.png	1675	1	242
1316	Hacked by Dimples#1337	/m3m/9b746292aff12d380711ee5b61b39a0e602553d7002bc13caa4f6d2b886982c3bab0a459c0058cdab89697cefe39612f0a50d5f8ae2ff698e8616d2088070d3bcba4ef95de6df55053fb28c83ccfbe28.m3u8					/md-204/dcc-file/ab/abdafcddf46f80745a41f504eec3017e-small.png	501	1	19
1317	Hacked by Dimples#1337	/videos5/096eb5d662a4a620f9b16b830f4af17d/096eb5d662a4a620f9b16b830f4af17d.m3u8					/upload_01/xiao/20251215/2025121514415175290.jpg	1542	1	15
1318	Hacked by Dimples#1337	/m3m/4bc9d9d7fad9ec34ad015a3d096502e6b8f96f7405cea3fd3afd567204741670626516666dc1122122ae5db198d6d44a589b7324215634a8cc6f9789d3579567662394d6e09bb889a63fa355435a2f58.m3u8					/md-204/uploads/default/other/2023-10-23/a495665e9b13d04157eeafde0b9377a2-small.jpg	2799	1	201
1319	Hacked by Dimples#1337	/watch5/d219d54ac0394e4b52e4049ec8ece59d/d219d54ac0394e4b52e4049ec8ece59d.m3u8					/new/xiao/20210908/2021090800295954163.jpeg	488	1	8
1320	Hacked by Dimples#1337	/watch5/86b8d8f17ee4ae518f529b3842519c60/86b8d8f17ee4ae518f529b3842519c60.m3u8					/new/xiao/20210908/2021090800310577729.jpeg	1111	1	40
1322	Hacked by Dimples#1337	/videos2/b25822f8a2c00f50e427a6cd3d745926/b25822f8a2c00f50e427a6cd3d745926.m3u8					/upload/xiao/20231009/2023100916085512230.jpg	936	1	47
1324	Hacked by Dimples#1337	/watch5/f46725d3e9932ecc1b5061d346b65d92/f46725d3e9932ecc1b5061d346b65d92.m3u8					/new/xiao/20210916/2021091609321478860.jpeg	2451	1	15
1325	Hacked by Dimples#1337	/watch5/634d6aaabf165c312eed68fcc7942365/634d6aaabf165c312eed68fcc7942365.m3u8					/new/xiao/20210913/2021091300232436551.jpeg	900	1	20
1326	Hacked by Dimples#1337	/watch5/e38dc1126f30d14743056995b40cbf5b/e38dc1126f30d14743056995b40cbf5b.m3u8					/new/upload/20220217/2022021711220172570.jpeg	352	1	6
1327	Hacked by Dimples#1337	/watch5/62702388513c3711320db591a3079b21/62702388513c3711320db591a3079b21.m3u8					/new/upload/20220217/2022021711075547453.jpeg	797	1	18
1328	Hacked by Dimples#1337	/watch5/2b034c9bbe5f571eef70b01a7b37929d/2b034c9bbe5f571eef70b01a7b37929d.m3u8					/new/xiao/20210913/2021091300242010033.jpeg	913	1	19
1329	Hacked by Dimples#1337	/watch5/8d4c054c912d94684b25470e08ee04ff/8d4c054c912d94684b25470e08ee04ff.m3u8					/new/xiao/20210916/2021091609162512097.jpeg	936	1	5
1330	Hacked by Dimples#1337	/watch5/e759d38b764a9001830fa6c95a0acfa4/e759d38b764a9001830fa6c95a0acfa4.m3u8					/new/xiao/20210908/2021090801345193919.jpeg	1815	1	44
1331	Hacked by Dimples#1337	/watch5/cddd872f865bfcce343d180df616a998/cddd872f865bfcce343d180df616a998.m3u8					/new/upload/20220218/2022021815200962331.jpeg	704	1	20
1332	Hacked by Dimples#1337	/watch5/51785a32d5c0050e0d454545b2234568/51785a32d5c0050e0d454545b2234568.m3u8					/new/ads/20210911/2021091121171291636.jpeg	1203	1	18
1333	Hacked by Dimples#1337	/watch5/2b995f64d4d52151dd8378ae810f050b/2b995f64d4d52151dd8378ae810f050b.m3u8					/new/upload/20220218/2022021815143169119.jpeg	1133	1	30
1334	Hacked by Dimples#1337	/watch5/f98384b83c4ada3a65623a5fb4d82a24/f98384b83c4ada3a65623a5fb4d82a24.m3u8					/new/upload/20220218/2022021815415175771.jpeg	781	1	25
1335	Hacked by Dimples#1337	/watch5/c49da408ef37d236c4c3dc23e0c2d0e0/c49da408ef37d236c4c3dc23e0c2d0e0.m3u8					/new/upload/20220218/2022021815151959678.jpeg	886	1	10
1336	Hacked by Dimples#1337	/watch5/438a5a077692ce3f9121564328e00d0d/438a5a077692ce3f9121564328e00d0d.m3u8					/new/xiao/20210911/2021091104194384818.jpeg	1249	1	36
1337	Hacked by Dimples#1337	/watch5/981144fe1415a4438781aaf03f473350/981144fe1415a4438781aaf03f473350.m3u8					/new/xiao/20210907/2021090723092433533.jpeg	398	1	22
1338	Hacked by Dimples#1337	/watch5/94b06d2d89cff3280b83ca97b3a0a09f/94b06d2d89cff3280b83ca97b3a0a09f.m3u8					/new/ads/20210911/2021091120372635115.jpeg	971	1	12
1339	Hacked by Dimples#1337	/watch5/b8864b9a89d5f954333adcd561514158/b8864b9a89d5f954333adcd561514158.m3u8					/new/xiao/20210911/2021091118080776994.jpeg	2039	1	23
1342	Hacked by Dimples#1337	/videos5/ac058cfff104be14f55cc4b0105219e9/ac058cfff104be14f55cc4b0105219e9.m3u8					/upload_01/xiao/20260709/2026070912511154783.jpg	232	1	5
1343	Hacked by Dimples#1337	/videos5/fdb82e57312419f3787d0fa6fd966e27/fdb82e57312419f3787d0fa6fd966e27.m3u8					/upload_01/xiao/20260709/2026070912511142609.jpg	200	1	16
1344	Hacked by Dimples#1337	/videos5/7bae7cd828aac2502fa71c468fd8a3e5/7bae7cd828aac2502fa71c468fd8a3e5.m3u8					/upload_01/xiao/20260709/2026070912511121438.jpg	117	1	19
1345	Hacked by Dimples#1337	/videos5/f73d5fc5b74dfd2ac8207a4f7c92a0a5/f73d5fc5b74dfd2ac8207a4f7c92a0a5.m3u8					/upload_01/xiao/20260709/2026070912511136888.jpg	107	1	25
1346	Hacked by Dimples#1337	/videos5/91d12d6435a4000b4667e81a6d4281e7/91d12d6435a4000b4667e81a6d4281e7.m3u8					/upload_01/xiao/20260709/2026070912511149079.jpg	609	1	18
1347	Hacked by Dimples#1337	/videos5/d5fb6585f9cafc5cc9f9d5580003df78/d5fb6585f9cafc5cc9f9d5580003df78.m3u8					/upload_01/xiao/20260709/2026070912511138946.jpg	163	1	7
1348	Hacked by Dimples#1337	/videos5/ade482c4c56d8be1ad7782918df48c98/ade482c4c56d8be1ad7782918df48c98.m3u8					/upload_01/xiao/20260709/2026070912511113871.jpg	312	1	22
1349	Hacked by Dimples#1337	/videos5/8e2fd607850329cfba043f18deea18cd/8e2fd607850329cfba043f18deea18cd.m3u8					/upload_01/xiao/20260709/2026070912511131918.jpg	492	1	7
1350	Hacked by Dimples#1337	/videos5/3b1f3403e804db3356e2eef80a3a7a52/3b1f3403e804db3356e2eef80a3a7a52.m3u8					/upload_01/xiao/20260709/2026070912511193403.jpg	494	1	12
1351	Hacked by Dimples#1337	/videos5/d58f5f5c6274a882c6ab0ad5c15918a8/d58f5f5c6274a882c6ab0ad5c15918a8.m3u8					/upload_01/xiao/20260709/2026070912511077606.jpg	690	1	17
1352	Hacked by Dimples#1337	/videos5/03c4e1cdd5a35bab24bb09e8e2ab72a5/03c4e1cdd5a35bab24bb09e8e2ab72a5.m3u8					/upload_01/xiao/20260709/2026070912511183445.jpg	166	1	39
1353	Hacked by Dimples#1337	/videos5/81ecf3c76873662960bc7d74c5ff7f8e/81ecf3c76873662960bc7d74c5ff7f8e.m3u8					/upload_01/xiao/20260709/2026070912511169813.jpg	313	1	26
1354	Hacked by Dimples#1337	/videos5/663e8c3d440507fe6c698a23caf0ae14/663e8c3d440507fe6c698a23caf0ae14.m3u8					/upload_01/xiao/20260709/2026070917181217023.jpg	1416	1	7
1355	Hacked by Dimples#1337	/videos5/5428329ad3aaff7db88b0bcbad35f140/5428329ad3aaff7db88b0bcbad35f140.m3u8					/upload_01/xiao/20260709/2026070918251676156.jpg	1177	1	11
1356	Hacked by Dimples#1337	/videos5/a2ff113823d5d90beafbbb1ed8895c9f/a2ff113823d5d90beafbbb1ed8895c9f.m3u8					/upload_01/xiao/20260709/2026070918251612623.jpg	1335	1	18
1357	Hacked by Dimples#1337	/videos5/8377fe24e08e455792311c8c90653216/8377fe24e08e455792311c8c90653216.m3u8					/upload_01/xiao/20260709/2026070918251639556.jpg	766	1	27
1358	Hacked by Dimples#1337	/videos5/ad448c816ca83292758faa9e0ce350a4/ad448c816ca83292758faa9e0ce350a4.m3u8					/upload_01/xiao/20260709/2026070917180991462.jpg	905	1	57
1359	Hacked by Dimples#1337	/videos5/92abcec89ba1c711aeef2aacbeec8ed4/92abcec89ba1c711aeef2aacbeec8ed4.m3u8					/upload_01/xiao/20260709/2026070917181064844.jpg	1223	1	11
1360	Hacked by Dimples#1337	/videos5/18779b9a4a9c8eacf125b05b116c5e03/18779b9a4a9c8eacf125b05b116c5e03.m3u8					/upload_01/xiao/20260709/2026070917181276974.jpg	764	1	19
1361	Hacked by Dimples#1337	/videos5/5e7b54136a4d07371d28b563f4fcca9a/5e7b54136a4d07371d28b563f4fcca9a.m3u8					/upload_01/xiao/20260709/2026070916555940340.jpg	2108	1	28
1363	Hacked by Dimples#1337	/videos5/8e69b0211268a96100ea5a04a1cc5b37/8e69b0211268a96100ea5a04a1cc5b37.m3u8					/upload_01/xiao/20260709/2026070914040665702.jpg	1133	1	54
1364	Hacked by Dimples#1337	/videos5/10611ddc622389c0cbc6ce96524ce226/10611ddc622389c0cbc6ce96524ce226.m3u8					/upload_01/xiao/20260709/2026070915022511473.jpg	376	1	92
1365	Hacked by Dimples#1337	/videos5/60384a54565531b8f403982af4f25158/60384a54565531b8f403982af4f25158.m3u8					/upload_01/xiao/20260708/2026070820021045547.jpg	328	1	31
1366	Hacked by Dimples#1337	/videos5/8119b19973f232d983709809b8948c1e/8119b19973f232d983709809b8948c1e.m3u8					/upload_01/xiao/20260521/2026052115020060473.jpg	193	1	311
1367	Hacked by Dimples#1337	/videos5/c6497ccea9bb09179cfd68534e418962/c6497ccea9bb09179cfd68534e418962.m3u8					/upload_01/xiao/20260713/2026071309470061026.jpg	1250	1	66
1368	Hacked by Dimples#1337	/m3m/1c6eca10b2b1013d480a5f9cbdb9361e69744aa07503054a740c746b34f0a665e9328d0cb911a7eab89576f6cf9b2fff246cb7969b1851790ee50d54cc71cd58cba4ef95de6df55053fb28c83ccfbe28.m3u8					/hc194/dcc-file/55/554553987eb6720d9018c0a830908e4f.jpg	725	1	10
1369	Hacked by Dimples#1337	/m3m/1c6eca10b2b1013d480a5f9cbdb9361e209f991550f63e3511d9ea06353089d00dcf346a1316ccb808df55327fa76a9a6110cd532c16a4a475808d1b47f78dbccba4ef95de6df55053fb28c83ccfbe28.m3u8					/hc194/dcc-file/c4/c475605a4155cc0f8b9b3fe3fa4f1292.jpg	1377	1	4
1370	Hacked by Dimples#1337	/m3m/1c6eca10b2b1013d480a5f9cbdb9361e5e97530f8b8d58e888087d29ddc9d5fc5b61ccb09cd4549d01fb46a53c039246f9489b227bb113ce4aca452ced0e7b71cba4ef95de6df55053fb28c83ccfbe28.m3u8					/hc194/dcc-file/72/7256072e531fa24b91dcbc1e76799589.jpg	1281	1	11
1371	Hacked by Dimples#1337	/m3m/1c6eca10b2b1013d480a5f9cbdb9361e4c58112a51235dab598deef40263e7ababa1e13da1626f8b33cd9214f6a1d8ed0ea8ba54f7fbd1daa6090c0309ec5fd4cba4ef95de6df55053fb28c83ccfbe28.m3u8					/hc194/dcc-file/4f/4ff771d41c5b8e842f04be2fee5e5d12.jpg	459	1	54
1372	Hacked by Dimples#1337	/m3m/1c6eca10b2b1013d480a5f9cbdb9361eb6faa8de33e26a502424a924c9d305a3ef6dd0f1a64d09c26bbff642e5017b76394e0b631843366312cf1f5e6479447ecba4ef95de6df55053fb28c83ccfbe28.m3u8					/hc194/dcc-file/99/9934705faf476e0298f472e3b6f1362f.jpg	784	1	6
1373	Hacked by Dimples#1337	/m3m/25989cab565e2f5bf45ffd0165f5de14fd70c9ac4d97e7b9145c597e769454443499dd13ddb14ad8cec85d75607a2cc7a0b30cf996f99f297022b623137ba524cba4ef95de6df55053fb28c83ccfbe28.m3u8					/hc194/dcc-file/32/329aa3c63397b388c6bcc997a6588a66.jpg	987	1	6
1374	Hacked by Dimples#1337	/m3m/1c6eca10b2b1013d480a5f9cbdb9361e36d935a6c2c82c108829d60be14a5199da82f3ea5ebe33ec8da4388e9ba519ea791b5312b6224325098d6a570d931019cba4ef95de6df55053fb28c83ccfbe28.m3u8					/hc194/dcc-file/55/5589bc78a30fbaa99809a36e4b836e14.jpg	1320	1	20
1375	Hacked by Dimples#1337	/m3m/1c6eca10b2b1013d480a5f9cbdb9361e6f75957789c48f61a385c6e2227be0c88c98799fca75490d6f5f4e75cbe23bff3589ca6328f58984a3e6abe687b822b8cba4ef95de6df55053fb28c83ccfbe28.m3u8					/hc194/dcc-file/53/5326ab0ba1656794bf68e98c64bc62cf.jpg	9450	1	9
1376	Hacked by Dimples#1337	/m3m/1c6eca10b2b1013d480a5f9cbdb9361e1d10e0bdd847c4e1d18fb631d8ee094b631270dd2faf27005e20e2c89d67d0abe8ada4573ec903b239f4021e8e7ca77dcba4ef95de6df55053fb28c83ccfbe28.m3u8					/hc194/dcc-file/c9/c96ce397a4993342aa8d485058e67ca9.jpg	1378	1	23
1377	Hacked by Dimples#1337	/m3m/25989cab565e2f5bf45ffd0165f5de14a8ab31ee415ae75495ebd98c6e94d948b00e0597dc88de7c1c564e25604e2ce0174973633bb5e3c13644e7fb0897b374cba4ef95de6df55053fb28c83ccfbe28.m3u8					/hc194/dcc-file/cb/cb69ef991e1e989a99a25056f7575c17.jpg	7389	1	30
1378	Hacked by Dimples#1337	/m3m/1c6eca10b2b1013d480a5f9cbdb9361e61edf386a9848136e9bbfdd3d866d3fd69b4d1e0c287e77a829f387f0d8ef633fb6c266d6bb4e48ec97c312c63e7a8c8cba4ef95de6df55053fb28c83ccfbe28.m3u8					/hc194/dcc-file/1c/1c04f0417055f8956b1c6dfedf2eb17c.jpg	6930	1	44
1379	Hacked by Dimples#1337	/m3m/1c6eca10b2b1013d480a5f9cbdb9361e17d91359d08a41a7c05f71198d66dc84a87cdd46f65574c6ec352f9a66f197b59b714c506c70a777dafcf38a6fd772d2cba4ef95de6df55053fb28c83ccfbe28.m3u8					/hc194/dcc-file/90/905d82e5abdfa59a596a80ed22bf56ae.jpg	9204	1	30
1380	Hacked by Dimples#1337	/m3m/1c6eca10b2b1013d480a5f9cbdb9361e7cb8437c7f574a5a0342e5ab139aaf06328cd31f207447abda05068be591686e00b18bd016453fb48a9d631c13151bfbcba4ef95de6df55053fb28c83ccfbe28.m3u8					/hc194/dcc-file/48/482ba8271606b3846dadb1ecb458a229.jpg	471	1	24
1381	Hacked by Dimples#1337	/m3m/1c6eca10b2b1013d480a5f9cbdb9361eff37a11643453b685274c14a0bd474cbb241b7ebcf1ee3cc45ae32ab99fa04dd0e0dc65a9344e93191f74d1e5be07342cba4ef95de6df55053fb28c83ccfbe28.m3u8					/hc194/dcc-file/0a/0afcb54688527fc0d14ac6c9e28081cf.jpg	7178	1	48
1382	Hacked by Dimples#1337	/m3m/1c6eca10b2b1013d480a5f9cbdb9361e1d99783e62f2ad5c44c64ae58bdaefe179eba6334ab2aebbf02656c5c4e2b7d60a61281f23adcfce3c501ad924608f7ecba4ef95de6df55053fb28c83ccfbe28.m3u8					/hc194/dcc-file/cf/cf1989f51ba3b7731c4cbf644d6052f2.jpg	1359	1	11
1383	Hacked by Dimples#1337	/m3m/1c6eca10b2b1013d480a5f9cbdb9361e24dddaae35daf3fb813804ac1dfdd5557543cd93386f2ed2ea434682fa786a38f52ea0a26c502e825022b82a694d0767cba4ef95de6df55053fb28c83ccfbe28.m3u8					/hc194/dcc-file/53/53f873822069f2f3a4355937d24f8983.jpg	12225	1	51
1384	Hacked by Dimples#1337	/m3m/1c6eca10b2b1013d480a5f9cbdb9361e445d2b72d462bdd625275194b72d2ba61166064222a1f446473f68cddff90ccd2e24982b6bec19d6baab236d1aeb3ec2cba4ef95de6df55053fb28c83ccfbe28.m3u8					/hc194/dcc-file/51/513a6c2a2367fdeece657c7c516b7387.jpg	814	1	22
1385	Hacked by Dimples#1337	/m3m/1c6eca10b2b1013d480a5f9cbdb9361e24a06d9c396dbb7bc3f976a69e425b6aec84d53f46a5d02f164297b7af355381f03e3c125b735fc705023eefb29bf967cba4ef95de6df55053fb28c83ccfbe28.m3u8					/hc194/dcc-file/9e/9e0280fabbe700585cf4264a5148c91a.jpg	555	1	8
1386	Hacked by Dimples#1337	/m3m/1c6eca10b2b1013d480a5f9cbdb9361ee2935a9910fa3ad704309e6a423daedb0973f618471f1431a35d25fd6dc679376c8b1465b4e1c484172e2546a78ee57acba4ef95de6df55053fb28c83ccfbe28.m3u8					/hc194/dcc-file/eb/eb50b1577cbc43879e6b5d04e9c0e07b.jpg	1830	1	38
1387	Hacked by Dimples#1337	/videos5/622074f79c5f51a8b6d6f3218156a937/622074f79c5f51a8b6d6f3218156a937.m3u8					/upload_01/upload/20260617/2026061715122085034.jpeg	1251	1	36
1388	Hacked by Dimples#1337	/videos5/eabcc6c7cfc701e0b5754e0fe308d86d/eabcc6c7cfc701e0b5754e0fe308d86d.m3u8					/upload_01/upload/20260617/2026061715321269744.jpeg	1330	1	15
1389	Hacked by Dimples#1337	/videos5/0834596ddea7656ed5990073e6e7ddbc/0834596ddea7656ed5990073e6e7ddbc.m3u8					/upload_01/xiao/20260616/2026061622281287785.jpg	1960	1	67
1390	Hacked by Dimples#1337	/videos5/86f206bcef567c1ffd40703bcfc8f81a/86f206bcef567c1ffd40703bcfc8f81a.m3u8					/upload_01/xiao/20260526/2026052609322489209.jpg	1065	1	19
1391	Hacked by Dimples#1337	/videos5/2d19137a929e4d579eb89264f5a345b0/2d19137a929e4d579eb89264f5a345b0.m3u8					/upload_01/xiao/20260528/2026052821320596103.png	1450	1	12
1392	Hacked by Dimples#1337	/videos5/fc6bb09a7406369e9ad5560b837a2655/fc6bb09a7406369e9ad5560b837a2655.m3u8					/upload_01/upload/20260522/2026052221395931071.jpeg	2411	1	113
1393	Hacked by Dimples#1337	/videos5/7a3397243ac38a11893f706f3cabff2d/7a3397243ac38a11893f706f3cabff2d.m3u8					/upload_01/xiao/20260523/2026052315583980882.jpg	3169	1	28
1394	Hacked by Dimples#1337	/videos5/3b37acdd3f7214be886782177593fc94/3b37acdd3f7214be886782177593fc94.m3u8					/upload_01/xiao/20260521/2026052109313946791.jpg	1467	1	140
1395	Hacked by Dimples#1337	/videos5/9a9b9c0bafcc2104449efaccbacd9893/9a9b9c0bafcc2104449efaccbacd9893.m3u8					/upload_01/xiao/20260523/2026052315503842234.jpg	3838	1	72
1396	Hacked by Dimples#1337	/videos5/ffa63904b7c5ef606ae6b6a16dba4d48/ffa63904b7c5ef606ae6b6a16dba4d48.m3u8					/upload_01/xiao/20260521/2026052109313964927.jpg	1704	1	84
1397	Hacked by Dimples#1337	/videos5/afada9c09a49831fda145c4d9a14078f/afada9c09a49831fda145c4d9a14078f.m3u8					/upload_01/xiao/20260521/2026052109313932047.jpg	2460	1	168
1398	Hacked by Dimples#1337	/videos5/2237c262ac67b30c9034fca65726b209/2237c262ac67b30c9034fca65726b209.m3u8					/upload_01/xiao/20260711/2026071111424158742.jpg	657	1	97
1399	Hacked by Dimples#1337	/m3m/25989cab565e2f5bf45ffd0165f5de145aef66b1818f09375d4d21cb64c801e55a56fa1d6b8c1b8e2bde45c24050f7486aebc944ea2f1f0ac332e15c0fbca2e7cba4ef95de6df55053fb28c83ccfbe28.m3u8					/hc194/dcc-file/71/7149ee6cdf953ee67092500646a0bf0e.jpg	10591	1	31
1400	Hacked by Dimples#1337	/videos5/d04bdbf42d19099aa43ec5c00633d33f/d04bdbf42d19099aa43ec5c00633d33f.m3u8					/upload_01/xiao/20260709/2026070920465638272.jpg	3422	1	36
1401	Hacked by Dimples#1337	/videos5/7f485bf75fcb63c86b8b0bd4d5c10d90/7f485bf75fcb63c86b8b0bd4d5c10d90.m3u8					/upload_01/upload/20260709/2026070919354679498.jpeg	3867	1	52
1402	Hacked by Dimples#1337	/videos5/b80ab1b1589de5394d9312a06e0a9f6f/b80ab1b1589de5394d9312a06e0a9f6f.m3u8					/upload_01/xiao/20260629/2026062918074245745.png	1050	1	29
1403	Hacked by Dimples#1337	/videos5/ea122618f9ed022c2f64269a000572d8/ea122618f9ed022c2f64269a000572d8.m3u8					/upload_01/xiao/20260627/2026062716222033345.jpg	1345	1	74
1404	Hacked by Dimples#1337	/videos5/d49f0df1425ba5f0b10796a79abd45bf/d49f0df1425ba5f0b10796a79abd45bf.m3u8					/upload_01/xiao/20260625/2026062518391285055.png	2452	1	332
1405	Hacked by Dimples#1337	/videos5/3fd73212c6c41419cea0c411e10ecb5c/3fd73212c6c41419cea0c411e10ecb5c.m3u8					/upload_01/xiao/20260622/2026062218590289759.jpg	393	1	63
1406	Hacked by Dimples#1337	/videos5/04586b2ffe9ab8e4218f89bb97a4ea96/04586b2ffe9ab8e4218f89bb97a4ea96.m3u8					/upload_01/upload/20260622/2026062219304134914.jpeg	7180	1	61
1407	Hacked by Dimples#1337	/videos5/d1a63f5611ac8b5f52a8e5a2f5d4ce28/d1a63f5611ac8b5f52a8e5a2f5d4ce28.m3u8					/upload_01/xiao/20260618/2026061820580118065.jpg	333	1	88
1408	Hacked by Dimples#1337	/videos4/4ca083a2dbbbbf6cb807a12f167e3f0c/4ca083a2dbbbbf6cb807a12f167e3f0c.m3u8					/upload_01/upload/20241105/2024110522453775854.jpeg	1129	1	70
1409	Hacked by Dimples#1337	/videos5/d40d27b20bf46accf71af48861ed914b/d40d27b20bf46accf71af48861ed914b.m3u8					/upload_01/upload/20250518/2025051814313313114.jpeg	2226	1	7
1410	Hacked by Dimples#1337	/videos5/e6d216ecda7c4807f69ea3dc58c3d8b0/e6d216ecda7c4807f69ea3dc58c3d8b0.m3u8					/upload_01/upload/20250518/2025051814330040254.jpeg	1812	1	10
1411	Hacked by Dimples#1337	/videos5/d9834b9e8a38975114409bd799501346/d9834b9e8a38975114409bd799501346.m3u8					/upload_01/upload/20250430/2025043015310049691.jpeg	1854	1	32
1412	Hacked by Dimples#1337	/videos5/22a0eaee187fb664d4beeda04b3a8507/22a0eaee187fb664d4beeda04b3a8507.m3u8					/upload_01/upload/20250430/2025043015315473348.jpeg	1752	1	20
1413	Hacked by Dimples#1337	/videos4/86421002af376052e9e7d4ca97c33dc5/86421002af376052e9e7d4ca97c33dc5.m3u8					/upload_01/upload/20241112/2024111215091134024.jpeg	1884	1	4
1414	Hacked by Dimples#1337	/videos4/1a83c11f61290e65aa5c4e668db29913/1a83c11f61290e65aa5c4e668db29913.m3u8					/upload_01/upload/20241120/2024112018364487962.jpeg	1914	1	44
1415	Hacked by Dimples#1337	/videos4/40f9303ba24dfde6ec26775e9826065b/40f9303ba24dfde6ec26775e9826065b.m3u8					/upload_01/upload/20241115/2024111511520218652.jpeg	1758	1	4
1416	Hacked by Dimples#1337	/videos4/60dce4d072828d6777f5b32c41ad0e85/60dce4d072828d6777f5b32c41ad0e85.m3u8					/upload_01/upload/20241108/2024110822121544677.jpeg	1108	1	35
1417	Hacked by Dimples#1337	/videos4/ed0e6bd697c40a028b9f2cccb42a9432/ed0e6bd697c40a028b9f2cccb42a9432.m3u8					/upload_01/upload/20241207/2024120719065069916.jpeg	1993	1	19
1418	Hacked by Dimples#1337	/videos5/43004b9e261efbe75d0dfad0f089419a/43004b9e261efbe75d0dfad0f089419a.m3u8					/upload_01/xiao/20260709/2026070918355884140.jpg	963	1	72
1419	Hacked by Dimples#1337	/m3m/25989cab565e2f5bf45ffd0165f5de14c9f20af8a39d4377aa120d6151fe848614e363b4910831edac3e3cde24b0a71e2dcb63a09cb3a292c3f70cfeef2b1b38cba4ef95de6df55053fb28c83ccfbe28.m3u8					/hc194/dcc-file/f5/f5ecee10458f3c41d9c231e11b6ba074.jpg	843	1	25
1420	Hacked by Dimples#1337	/m3m/25989cab565e2f5bf45ffd0165f5de14f112b8bf21670d4f21ab60cbfc6f285c06de9bf320f7e800b2de96615ccad132053eb160cbc7284dee9271ee1f30f3b6cba4ef95de6df55053fb28c83ccfbe28.m3u8					/hc194/dcc-file/86/8661935670b3f8beace54ffbec54fa47.jpg	900	1	29
1421	Hacked by Dimples#1337	/m3m/25989cab565e2f5bf45ffd0165f5de1434fb5743ec9b885dadbc1ac08c2938cb78ea7f87a09e68c8e8f21a706306be7647adf5ec68e230cec26adf1b797e06e2cba4ef95de6df55053fb28c83ccfbe28.m3u8					/hc194/dcc-file/aa/aacf5f8d4d04baeb0349cb0012783e8e.jpg	973	1	10
1422	Hacked by Dimples#1337	/m3m/25989cab565e2f5bf45ffd0165f5de145b287e038427723ec6e2177c8738749ee75366a4cd399d51c697e9c3d9a6f681f7d009e370a0c23836abfa9ec8057acdcba4ef95de6df55053fb28c83ccfbe28.m3u8					/hc194/dcc-file/ca/ca598b57252842b81546c154a4e2b305.jpg	857	1	34
1423	Hacked by Dimples#1337	/m3m/25989cab565e2f5bf45ffd0165f5de146a0a8343036b0fca3be32ddd530382e620b18788e38dbd5e45c1c46b46dbf7b876eca11fac16a89ee5c265ccd08e34e2cba4ef95de6df55053fb28c83ccfbe28.m3u8					/hc194/dcc-file/20/20b4fe411ef6c9ad2c6c36ae53f81e92.jpg	896	1	22
1424	Hacked by Dimples#1337	/m3m/25989cab565e2f5bf45ffd0165f5de14c6142e2cfa883bb4698a4c4aff01cce2a583ba720c3b31222083240b18617db41920fa7808f9ab5fbbc2c752f3e45fe5cba4ef95de6df55053fb28c83ccfbe28.m3u8					/hc194/dcc-file/7f/7f9c4957357aa61c67fac45b966ef8a7.jpg	970	1	0
1425	Hacked by Dimples#1337	/m3m/25989cab565e2f5bf45ffd0165f5de14b956cc8384c0a68277ad7cb9467dbaec80a230fe76abdf1d0c576c8e6ccca49959d99d27a7e31d36caaed00b8c6e4babcba4ef95de6df55053fb28c83ccfbe28.m3u8					/hc194/dcc-file/6f/6fe0677f17b812268089efb5e6f4c765.jpg	986	1	0
1426	Hacked by Dimples#1337	/m3m/25989cab565e2f5bf45ffd0165f5de1414c30791a9d518286d29adf025fa65cabd8490207c14c37cb13a359d42b27af2215bbc79dfc46a2033609a0d81bd8b2dcba4ef95de6df55053fb28c83ccfbe28.m3u8					/hc194/dcc-file/1f/1f19cad5f4476b0cc77f9f625d2eb7c1.jpg	942	1	0
1427	Hacked by Dimples#1337	/m3m/25989cab565e2f5bf45ffd0165f5de144612e2df1a6fe3ff8c46493597981a0f7d9530d42243c0e52252b775850f08eae39183dd0f51a179ab203606c305fc19cba4ef95de6df55053fb28c83ccfbe28.m3u8					/hc194/dcc-file/27/2799d56c377f1613eb01d8def97f66f2.jpg	893	1	0
1428	Hacked by Dimples#1337	/m3m/25989cab565e2f5bf45ffd0165f5de14d4412eba0001010ef48745a355db0eee4314f4ef9cb2416a1b0da506d9a8dd2bc1d66552dd24eab265233b4dce0a95f8cba4ef95de6df55053fb28c83ccfbe28.m3u8					/hc194/dcc-file/2f/2fad49f78042be064e5a5e7780512b04.jpg	894	1	0
1429	Hacked by Dimples#1337	/videos5/13c2c00b1bee9b6740410827023b7c0b/13c2c00b1bee9b6740410827023b7c0b.m3u8					/upload_01/xiao/20260630/2026063021474633934.png	813	1	44
1430	Hacked by Dimples#1337	/videos5/08967c0465ba2be1e6a7d15d9acc98cc/08967c0465ba2be1e6a7d15d9acc98cc.m3u8					/upload_01/xiao/20260630/2026063021474639185.png	537	1	51
1431	Hacked by Dimples#1337	/videos5/ad4105830347bcdf6a873a29b91a750b/ad4105830347bcdf6a873a29b91a750b.m3u8					/upload_01/xiao/20260626/2026062612325597530.jpg	1349	1	34
1432	Hacked by Dimples#1337	/videos5/bc4961228e80b6c05d6c519426091d78/bc4961228e80b6c05d6c519426091d78.m3u8					/upload_01/xiao/20260713/2026071317210153371.jpg	162	1	10
1433	Hacked by Dimples#1337	/videos5/78de27e50632f9ba6d1391b9529a9388/78de27e50632f9ba6d1391b9529a9388.m3u8					/upload_01/xiao/20260713/2026071317203749617.jpg	169	1	15
1434	Hacked by Dimples#1337	/videos5/fc0c50900b5918f630c10e190fcd3aee/fc0c50900b5918f630c10e190fcd3aee.m3u8					/upload_01/xiao/20260713/2026071316532154865.jpg	973	1	7
1435	Hacked by Dimples#1337	/videos5/35a8f20e4901df57bbc6e76c680dcff9/35a8f20e4901df57bbc6e76c680dcff9.m3u8					/upload_01/xiao/20260713/2026071316532134027.jpg	1539	1	21
1436	Hacked by Dimples#1337	/videos5/5dd3db3208d21edbcec7feca9b921b6b/5dd3db3208d21edbcec7feca9b921b6b.m3u8					/upload_01/xiao/20260713/2026071318160641892.jpg	718	1	15
1437	Hacked by Dimples#1337	/videos5/88a2028f16098932059aa9fcb8abf4ba/88a2028f16098932059aa9fcb8abf4ba.m3u8					/upload_01/xiao/20260713/2026071318160615270.jpg	815	1	4
1438	Hacked by Dimples#1337	/videos5/52e4370f86cf7e4abb7c41395c38ea22/52e4370f86cf7e4abb7c41395c38ea22.m3u8					/upload_01/xiao/20260713/2026071318160643839.jpg	1267	1	11
1439	Hacked by Dimples#1337	/videos5/14c7daedb0a87aef5412b7b1708a310a/14c7daedb0a87aef5412b7b1708a310a.m3u8					/upload_01/xiao/20260709/2026070921193021720.png	893	1	111
1440	Hacked by Dimples#1337	/videos5/8aead4c8e0bda78c2ffa866ade0e108c/8aead4c8e0bda78c2ffa866ade0e108c.m3u8					/upload_01/xiao/20260709/2026070921193095277.png	1691	1	29
1441	Hacked by Dimples#1337	/videos5/708f484d9b0473c7ccb3348cb5d0dd53/708f484d9b0473c7ccb3348cb5d0dd53.m3u8					/upload_01/xiao/20260714/2026071411570094889.jpg	2033	1	101
1442	Hacked by Dimples#1337	/videos5/b499ff17998e81ee5cf7718f41e143cb/b499ff17998e81ee5cf7718f41e143cb.m3u8					/upload_01/xiao/20260711/2026071111422012805.png	1250	1	95
1443	Hacked by Dimples#1337	/videos5/8f49fd09ffa83cf67c61215757f22711/8f49fd09ffa83cf67c61215757f22711.m3u8					/upload_01/xiao/20260708/2026070815044476704.png	1973	1	46
1444	Hacked by Dimples#1337	/videos5/90230bcd35cdea8ad7dc2d4bd34675d0/90230bcd35cdea8ad7dc2d4bd34675d0.m3u8					/upload_01/xiao/20260708/2026070815044460328.png	474	1	11
1445	Hacked by Dimples#1337	/videos5/fdfbf110aa4b9c1afdfa1dbd1f0a31b3/fdfbf110aa4b9c1afdfa1dbd1f0a31b3.m3u8					/upload_01/xiao/20260708/2026070815044433260.png	1522	1	18
1446	Hacked by Dimples#1337	/videos5/597e4c6353d0b2988cc4dcc37a3852e8/597e4c6353d0b2988cc4dcc37a3852e8.m3u8					/upload_01/xiao/20260708/2026070815044468556.png	2209	1	84
1447	Hacked by Dimples#1337	/videos5/8124843181e2e1669b41847c9a1c4759/8124843181e2e1669b41847c9a1c4759.m3u8					/upload_01/xiao/20260708/2026070815044478068.png	293	1	26
1448	Hacked by Dimples#1337	/videos5/e8537b022be40e72ffbd22b126a8ec40/e8537b022be40e72ffbd22b126a8ec40.m3u8					/upload_01/xiao/20260704/2026070416500572713.png	2536	1	164
1449	Hacked by Dimples#1337	/videos5/150e75dff0a601ebeb449d6ce9209a06/150e75dff0a601ebeb449d6ce9209a06.m3u8					/upload_01/xiao/20260714/2026071415192555902.jpg	1666	1	15
1450	Hacked by Dimples#1337	/videos5/736a1ecb31d1cd9d0a544c42e8037045/736a1ecb31d1cd9d0a544c42e8037045.m3u8					/upload_01/xiao/20260714/2026071415192570108.jpg	2323	1	36
1451	Hacked by Dimples#1337	/videos5/3610b60a4dad52c100f16a897199cc43/3610b60a4dad52c100f16a897199cc43.m3u8					/upload_01/upload/20260714/2026071414310018628.jpeg	298	1	6
1452	Hacked by Dimples#1337	/videos5/6003c2cdf375c69f55ac6119fc4e9aa1/6003c2cdf375c69f55ac6119fc4e9aa1.m3u8					/upload_01/upload/20260714/2026071414274166368.jpeg	311	1	2
1453	Hacked by Dimples#1337	/videos5/601f3a944323a750ed88e234188fa1ae/601f3a944323a750ed88e234188fa1ae.m3u8					/upload_01/upload/20260714/2026071414321126493.jpeg	278	1	5
1454	Hacked by Dimples#1337	/videos5/bc9f99ae19d9b012af76d84c62d27d48/bc9f99ae19d9b012af76d84c62d27d48.m3u8					/upload_01/upload/20260714/2026071414274153388.jpeg	324	1	11
1455	Hacked by Dimples#1337	/videos5/187ab9841295605b9ad11f1f22eb7f44/187ab9841295605b9ad11f1f22eb7f44.m3u8					/upload_01/upload/20260714/2026071414105789678.jpeg	166	1	8
1456	Hacked by Dimples#1337	/videos5/24509e8429ebc1c59ce8ee1b5d34358f/24509e8429ebc1c59ce8ee1b5d34358f.m3u8					/upload_01/upload/20260714/2026071414200268630.jpeg	286	1	5
1457	Hacked by Dimples#1337	/videos5/3d8c5b69b7d5c11f84a34aecf2cd8fe4/3d8c5b69b7d5c11f84a34aecf2cd8fe4.m3u8					/upload_01/upload/20260714/2026071414172414237.jpeg	173	1	3
1458	Hacked by Dimples#1337	/videos5/37c878852ae837e1a91c011753cc3e6c/37c878852ae837e1a91c011753cc3e6c.m3u8					/upload_01/upload/20260714/2026071414163487672.jpeg	188	1	4
1459	Hacked by Dimples#1337	/videos5/b7627f8aede7816213eaf8301cde90af/b7627f8aede7816213eaf8301cde90af.m3u8					/upload_01/upload/20260714/2026071414121854775.jpeg	150	1	6
1460	Hacked by Dimples#1337	/videos5/afe0648d5a6fbf1ddc574a90323c7ebd/afe0648d5a6fbf1ddc574a90323c7ebd.m3u8					/upload_01/upload/20260714/2026071414211988966.jpeg	264	1	4
1461	Hacked by Dimples#1337	/videos5/a489cb9729dc944964faa10e38fff806/a489cb9729dc944964faa10e38fff806.m3u8					/upload_01/upload/20260714/2026071414151331030.jpeg	197	1	14
1462	Hacked by Dimples#1337	/videos5/1b5b1a49865ff7ff1bc157cba8811fb6/1b5b1a49865ff7ff1bc157cba8811fb6.m3u8					/upload_01/upload/20260714/2026071414225869395.jpeg	260	1	1
1463	Hacked by Dimples#1337	/videos5/eb5375ef88b0cb1aee1c8eb80e1eb032/eb5375ef88b0cb1aee1c8eb80e1eb032.m3u8					/upload_01/upload/20260714/2026071414243761420.jpeg	253	1	2
1464	Hacked by Dimples#1337	/videos5/24b46ea87905d03c4e82deafe3a2e66d/24b46ea87905d03c4e82deafe3a2e66d.m3u8					/upload_01/upload/20260714/2026071414135857548.jpeg	140	1	0
1465	Hacked by Dimples#1337	/videos5/53f12b7193a7bf399e222352fd0c28c1/53f12b7193a7bf399e222352fd0c28c1.m3u8					/upload_01/upload/20260714/2026071414324824169.jpeg	284	1	10
1466	Hacked by Dimples#1337	/videos5/ddd686f6d28e92c21d1c53a0bc86245a/ddd686f6d28e92c21d1c53a0bc86245a.m3u8					/upload_01/upload/20260714/2026071414324934398.jpeg	256	1	11
1467	Hacked by Dimples#1337	/videos5/34f0143544af76e05c7608f7426c1079/34f0143544af76e05c7608f7426c1079.m3u8					/upload_01/upload/20260714/2026071414324898752.jpeg	204	1	10
1468	Hacked by Dimples#1337	/videos5/a3551c8e368fa516ee11cb702f749248/a3551c8e368fa516ee11cb702f749248.m3u8					/upload_01/xiao/20260714/2026071416580372622.jpg	1137	1	7
1469	Hacked by Dimples#1337	/videos5/b5355ab5fd407d6a1d94da759a426bee/b5355ab5fd407d6a1d94da759a426bee.m3u8					/upload_01/xiao/20260714/2026071416110434993.jpg	1920	1	20
1470	Hacked by Dimples#1337	/videos5/b6d7a437496a208ecc9743675694b093/b6d7a437496a208ecc9743675694b093.m3u8					/upload_01/xiao/20260712/2026071218334035619.jpg	2174	1	25
1471	Hacked by Dimples#1337	/videos5/b64e1bf84636ec6d1e4c2a1c5ada2f14/b64e1bf84636ec6d1e4c2a1c5ada2f14.m3u8					/upload_01/xiao/20260712/2026071218334188546.jpg	762	1	7
1472	Hacked by Dimples#1337	/videos5/fb96008454474d912ae2e54b12e9af1a/fb96008454474d912ae2e54b12e9af1a.m3u8					/upload_01/xiao/20260712/2026071218333931582.jpg	331	1	5
1473	Hacked by Dimples#1337	/videos5/51ba39e35fdf8b321fe0b4fceb985180/51ba39e35fdf8b321fe0b4fceb985180.m3u8					/upload_01/xiao/20260712/2026071216104078902.jpg	2268	1	29
1474	Hacked by Dimples#1337	/videos5/f89407a9e84ee9b42c2b3936ada25109/f89407a9e84ee9b42c2b3936ada25109.m3u8					/upload_01/xiao/20260711/2026071118080166339.jpg	491	1	8
1475	Hacked by Dimples#1337	/videos5/99a0e994ab7954f9dc570bc4e7a7fc46/99a0e994ab7954f9dc570bc4e7a7fc46.m3u8					/upload_01/xiao/20260711/2026071118080426439.jpg	322	1	3
1476	Hacked by Dimples#1337	/videos5/26a5798df4028f71cb30ee3ebdda45a2/26a5798df4028f71cb30ee3ebdda45a2.m3u8					/upload_01/xiao/20260711/2026071118080341360.jpg	238	1	11
1477	Hacked by Dimples#1337	/videos5/ebb3c1b1a216a6d20e8b409a14adcfcb/ebb3c1b1a216a6d20e8b409a14adcfcb.m3u8					/upload_01/xiao/20260711/2026071118080063965.jpg	555	1	5
1478	Hacked by Dimples#1337	/videos5/bc8c6c153291b364ca744b0b088bfb90/bc8c6c153291b364ca744b0b088bfb90.m3u8					/upload_01/xiao/20260711/2026071118080050948.jpg	341	1	2
1479	Hacked by Dimples#1337	/videos5/16f5a07bb792df92f74e3e1fb46a3b12/16f5a07bb792df92f74e3e1fb46a3b12.m3u8					/upload_01/xiao/20260711/2026071118080097201.jpg	228	1	34
1480	Hacked by Dimples#1337	/videos5/01744f9f2fa0cc97dc56ba7a361eaac1/01744f9f2fa0cc97dc56ba7a361eaac1.m3u8					/upload_01/xiao/20260711/2026071118080013504.jpg	247	1	15
1481	Hacked by Dimples#1337	/videos5/7a2abf8ab812458e8bb675e17a922e98/7a2abf8ab812458e8bb675e17a922e98.m3u8					/upload_01/xiao/20260711/2026071118080033505.jpg	220	1	19
1482	Hacked by Dimples#1337	/videos5/5995c91b2de7b8db49e68f1a50bfbaa1/5995c91b2de7b8db49e68f1a50bfbaa1.m3u8					/upload_01/xiao/20260711/2026071118080089841.jpg	221	1	47
1483	Hacked by Dimples#1337	/videos5/1e26706d237b93b3b4ff2271be598c91/1e26706d237b93b3b4ff2271be598c91.m3u8					/upload_01/xiao/20260711/2026071118080053589.jpg	1871	1	7
1484	Hacked by Dimples#1337	/videos5/6bf5890f68a5d7c5cbef08eddc452cd0/6bf5890f68a5d7c5cbef08eddc452cd0.m3u8					/upload_01/ads/20260711/2026071117214336144.jpeg	2341	1	10
1485	Hacked by Dimples#1337	/videos5/b1e94c42a270f56eaef17ab5f94f9601/b1e94c42a270f56eaef17ab5f94f9601.m3u8					/upload_01/xiao/20260711/2026071112245616032.png	940	1	49
1486	Hacked by Dimples#1337	/videos5/3355af6f5d0706d0265a661256f54f87/3355af6f5d0706d0265a661256f54f87.m3u8					/upload_01/ads/20260710/2026071020343292291.jpeg	2070	1	7
1487	Hacked by Dimples#1337	/videos5/308ad2eb43268ad589a2d91661a08907/308ad2eb43268ad589a2d91661a08907.m3u8					/upload_01/xiao/20260710/2026071020511273292.jpg	2119	1	38
1488	Hacked by Dimples#1337	/videos5/7e07a4798c87271569a126d92b4089ca/7e07a4798c87271569a126d92b4089ca.m3u8					/upload_01/xiao/20260709/2026070917054764091.jpg	2518	1	6
1489	Hacked by Dimples#1337	/videos5/de45bcf86bb515a163a48aecfbf244d9/de45bcf86bb515a163a48aecfbf244d9.m3u8					/upload_01/xiao/20260709/2026070917054474056.jpg	2360	1	9
1490	Hacked by Dimples#1337	/videos5/751208ad21c41016bf90b6e0aac79c02/751208ad21c41016bf90b6e0aac79c02.m3u8					/upload_01/xiao/20260709/2026070917054414844.jpg	2048	1	19
1491	Hacked by Dimples#1337	/videos5/7b2af99ea220419c89b0e4b7bbdc63b9/7b2af99ea220419c89b0e4b7bbdc63b9.m3u8					/upload_01/xiao/20260709/2026070917054444383.jpg	880	1	28
1492	Hacked by Dimples#1337	/m3m/1c6eca10b2b1013d480a5f9cbdb9361e8170aefa3131965a3562bc9aa7279a72485bd39eea236e7ea09218c0a14fb22b5b8918749b979025a65f74e49dad8460cba4ef95de6df55053fb28c83ccfbe28.m3u8					/hc194/dcc-file/46/461d6d9fca9a082cd14ebf514b5fa0b1.jpg	1575	1	7
1493	Hacked by Dimples#1337	/videos5/e3c437eb0e776b3e4061f16cce240e7c/e3c437eb0e776b3e4061f16cce240e7c.m3u8					/upload_01/ads/20260625/2026062519285471573.jpeg	1708	1	5
1494	Hacked by Dimples#1337	/m3m/25989cab565e2f5bf45ffd0165f5de14840d956882b1934d2d7d7b1d30f977f4303d656714159d56d40d2046b21ac00551a09ed362d871507331dcfbf2e2379fcba4ef95de6df55053fb28c83ccfbe28.m3u8					/hc194/dcc-file/91/91fec4b2802df7d1ba44c7042ab28270-small.jpg	1625	1	26
1495	Hacked by Dimples#1337	/m3m/25989cab565e2f5bf45ffd0165f5de1451fd8548b7c90ff5383e197e5ef24b5f5bb0b9ea062633b9115853d1cf335cbf135a2c2b746480bdcdbc458d456268a8cba4ef95de6df55053fb28c83ccfbe28.m3u8					/hc194/dcc-file/ed/eda82f34ba5fbaaa9b6ba6126af7cfec-small.jpg	1261	1	41
1496	Hacked by Dimples#1337	/m3m/25989cab565e2f5bf45ffd0165f5de146a895471b05389cf4d1e9bc749e569ff7c8faec2c93f5e9b6ee145cbf58803fbc3379434d1fd17c265c7148b12109e69cba4ef95de6df55053fb28c83ccfbe28.m3u8					/hc194/dcc-file/41/41ed6dfed1734e2f20b65c56b0c2f97f.jpg	7472	1	19
1497	Hacked by Dimples#1337	/videos5/7207488e3908f39546970189a06519ae/7207488e3908f39546970189a06519ae.m3u8					/upload_01/ads/20260421/2026042121512172864.jpeg	902	1	5
1498	Hacked by Dimples#1337	/m3m/07d9ad1fbc0511caf21d528bc52350dd43e2ad915cbc227eceff266acc6293b7b9dc271f72e46af46c7379a25d00c93249b9e26591eccbbd478888d10dd066e5cba4ef95de6df55053fb28c83ccfbe28.m3u8					/md-204/dcc-file/a5/a5ea9fbaad72309fcf8bac4a3b35f9fa-small.png	785	1	45
1499	Hacked by Dimples#1337	/videos4/0162c41d6c9925faf91cfe62e457dd9b/0162c41d6c9925faf91cfe62e457dd9b.m3u8					/upload_01/xiao/20240828/2024082811341997168.jpeg	853	1	21
1500	Hacked by Dimples#1337	/videos3/4794864e3edc0049740db5ae779858a6/4794864e3edc0049740db5ae779858a6.m3u8					/upload/xiao/20240222/2024022212215296115.jpg	1521	1	3
1501	Hacked by Dimples#1337	/watch5/98787e71b52618c846ea34601893b21f/98787e71b52618c846ea34601893b21f.m3u8					/new/xiao/20210902/2021090200253260909.jpeg	1132	1	31
1502	Hacked by Dimples#1337	/watch5/a87e5e442f1a8959409dfabf656c8863/a87e5e442f1a8959409dfabf656c8863.m3u8					/new/xiao/20210902/2021090200212343045.jpeg	626	1	38
1503	Hacked by Dimples#1337	/m3m/a374bf06ddb200947f3e27a3ea7525ccef864bacbd8a6791c8408101722041660518e95dfcd330aff1f4543c18b6fa429111db22216458e8a4c53799e71e0964cba4ef95de6df55053fb28c83ccfbe28.m3u8					/md-204/dcc-file/d4/d4edbf805e5f32ab1e07ba8a3aa03115.jpg	4611	1	7
1504	Hacked by Dimples#1337	/videos5/c2511a228bcdc8cffdde4761f1f16154/c2511a228bcdc8cffdde4761f1f16154.m3u8					/upload_01/upload/20260714/2026071420102799693.jpeg	272	1	25
1505	Hacked by Dimples#1337	/m3m/a374bf06ddb200947f3e27a3ea7525cca55e747da1cfb07193a7e9c947f894d61de524ea27cdd8e019d0890ad27b81578e597e2255c73765cfb92d16c52de72ccba4ef95de6df55053fb28c83ccfbe28.m3u8					/md-204/dcc-file/ae/ae999efabec1dbd1d9dd3e18fd50ad78.jpg	4405	1	8
1506	Hacked by Dimples#1337	/m3m/1c6eca10b2b1013d480a5f9cbdb9361eee9c94e486fbf59d9d213fa8ca61e812c857765c03762789130803f32d883adb6758c5f2825202c0bfedb879609d5536cba4ef95de6df55053fb28c83ccfbe28.m3u8					/hc194/dcc-file/6d/6d6ffd725a9cd698bb71db399f08c804.jpg	1198	1	23
1507	Hacked by Dimples#1337	/videos5/a237df5656a8220d90d0d06224d4b774/a237df5656a8220d90d0d06224d4b774.m3u8					/upload_01/xiao/20260714/2026071411043963622.jpg	2560	1	33
